"Notes","State","State Code","Year","Year Code","Sex","Sex Code","Single Race 6","Single Race 6 Code",Deaths,Population,Crude Rate,Crude Rate Lower 95% Confidence Interval,Crude Rate Upper 95% Confidence Interval
,"Alabama","01","2018","2018","Female","F","Black or African American","2054-5",44,701054,6.3,4.6,8.4
,"Alabama","01","2018","2018","Female","F","White","2106-3",127,1721425,7.4,6.1,8.7
,"Alabama","01","2018","2018","Male","M","Black or African American","2054-5",361,609748,59.2,53.1,65.3
,"Alabama","01","2018","2018","Male","M","White","2106-3",517,1658530,31.2,28.5,33.9
,"Alabama","01","2019","2019","Female","F","Black or African American","2054-5",55,703474,7.8,5.9,10.2
,"Alabama","01","2019","2019","Female","F","White","2106-3",125,1726955,7.2,6.0,8.5
,"Alabama","01","2019","2019","Male","M","Black or African American","2054-5",366,609817,60.0,53.9,66.2
,"Alabama","01","2019","2019","Male","M","White","2106-3",515,1662441,31.0,28.3,33.7
,"Alabama","01","2020","2020","Female","F","Black or African American","2054-5",45,707418,6.4,4.6,8.5
,"Alabama","01","2020","2020","Female","F","White","2106-3",130,1731214,7.5,6.2,8.8
,"Alabama","01","2020","2020","Male","M","Black or African American","2054-5",445,612333,72.7,65.9,79.4
,"Alabama","01","2020","2020","Male","M","White","2106-3",502,1664839,30.2,27.5,32.8
,"Alabama","01","2021","2021","Female","F","Black or African American","2054-5",69,722424,9.6,7.4,12.1
,"Alabama","01","2021","2021","Female","F","White","2106-3",119,1759537,6.8,5.5,8.0
,"Alabama","01","2021","2021","Male","M","Black or African American","2054-5",546,630660,86.6,79.3,93.8
,"Alabama","01","2021","2021","Male","M","White","2106-3",548,1713205,32.0,29.3,34.7
,"Alabama","01","2022","2022","Female","F","Black or African American","2054-5",75,724112,10.4,8.1,13.0
,"Alabama","01","2022","2022","Female","F","White","2106-3",115,1769490,6.5,5.3,7.7
,"Alabama","01","2022","2022","Male","M","Black or African American","2054-5",495,634508,78.0,71.1,84.9
,"Alabama","01","2022","2022","Male","M","White","2106-3",579,1724699,33.6,30.8,36.3
,"Alabama","01","2023","2023","Female","F","Black or African American","2054-5",85,726984,11.7,9.3,14.5
,"Alabama","01","2023","2023","Female","F","White","2106-3",128,1785216,7.2,5.9,8.4
,"Alabama","01","2023","2023","Male","M","Black or African American","2054-5",501,633291,79.1,72.2,86.0
,"Alabama","01","2023","2023","Male","M","White","2106-3",553,1734260,31.9,29.2,34.5
,"Alabama","01","2024 ","2024","Female","F","Black or African American","2054-5",67,731884,9.2,7.1,11.6
,"Alabama","01","2024 ","2024","Female","F","White","2106-3",112,1798873,6.2,5.1,7.4
,"Alabama","01","2024 ","2024","Male","M","Black or African American","2054-5",456,636474,71.6,65.1,78.2
,"Alabama","01","2024 ","2024","Male","M","White","2106-3",553,1746664,31.7,29.0,34.3
,"Alaska","02","2018","2018","Female","F","White","2106-3",13,226558,5.7,3.1,9.8
,"Alaska","02","2018","2018","Male","M","American Indian or Alaska Native","1002-5",24,57398,41.8,26.8,62.2
,"Alaska","02","2018","2018","Male","M","White","2106-3",76,255321,29.8,23.5,37.3
,"Alaska","02","2019","2019","Female","F","American Indian or Alaska Native","1002-5",10,56305,17.8,8.5,32.7
,"Alaska","02","2019","2019","Female","F","White","2106-3",15,224537,6.7,3.7,11.0
,"Alaska","02","2019","2019","Male","M","American Indian or Alaska Native","1002-5",39,57648,67.7,48.1,92.5
,"Alaska","02","2019","2019","Male","M","White","2106-3",86,252951,34.0,27.2,42.0
,"Alaska","02","2020","2020","Female","F","American Indian or Alaska Native","1002-5",11,56183,19.6,9.8,35.0
,"Alaska","02","2020","2020","Female","F","White","2106-3",17,222552,7.6,4.4,12.2
,"Alaska","02","2020","2020","Male","M","American Indian or Alaska Native","1002-5",35,57629,60.7,42.3,84.5
,"Alaska","02","2020","2020","Male","M","White","2106-3",77,250933,30.7,24.2,38.4
,"Alaska","02","2021","2021","Female","F","White","2106-3",18,220875,8.1,4.8,12.9
,"Alaska","02","2021","2021","Male","M","American Indian or Alaska Native","1002-5",40,58452,68.4,48.9,93.2
,"Alaska","02","2021","2021","Male","M","White","2106-3",90,252064,35.7,28.7,43.9
,"Alaska","02","2022","2022","Female","F","White","2106-3",13,218574,5.9,3.2,10.2
,"Alaska","02","2022","2022","Male","M","American Indian or Alaska Native","1002-5",28,58853,47.6,31.6,68.8
,"Alaska","02","2022","2022","Male","M","White","2106-3",82,251527,32.6,25.9,40.5
,"Alaska","02","2023","2023","Female","F","White","2106-3",15,219006,6.8,3.8,11.3
,"Alaska","02","2023","2023","Male","M","American Indian or Alaska Native","1002-5",33,58325,56.6,38.9,79.5
,"Alaska","02","2023","2023","Male","M","White","2106-3",85,251491,33.8,27.0,41.8
,"Alaska","02","2024 ","2024","Female","F","White","2106-3",16,219611,7.3,4.2,11.8
,"Alaska","02","2024 ","2024","Male","M","American Indian or Alaska Native","1002-5",29,58378,49.7,33.3,71.3
,"Alaska","02","2024 ","2024","Male","M","Black or African American","2054-5",11,15686,70.1,35.0,125.5
,"Alaska","02","2024 ","2024","Male","M","White","2106-3",92,252369,36.5,29.4,44.7
,"Arizona","04","2018","2018","Female","F","Black or African American","2054-5",13,176787,7.4,3.9,12.6
,"Arizona","04","2018","2018","Female","F","White","2106-3",118,2984112,4.0,3.2,4.7
,"Arizona","04","2018","2018","Male","M","American Indian or Alaska Native","1002-5",42,187347,22.4,16.2,30.3
,"Arizona","04","2018","2018","Male","M","Black or African American","2054-5",74,187493,39.5,31.0,49.5
,"Arizona","04","2018","2018","Male","M","White","2106-3",826,2953694,28.0,26.1,29.9
,"Arizona","04","2019","2019","Female","F","Black or African American","2054-5",15,183014,8.2,4.6,13.5
,"Arizona","04","2019","2019","Female","F","White","2106-3",155,3023110,5.1,4.3,5.9
,"Arizona","04","2019","2019","Male","M","American Indian or Alaska Native","1002-5",34,190169,17.9,12.4,25.0
,"Arizona","04","2019","2019","Male","M","Black or African American","2054-5",55,193983,28.4,21.4,36.9
,"Arizona","04","2019","2019","Male","M","White","2106-3",816,2990332,27.3,25.4,29.2
,"Arizona","04","2020","2020","Female","F","American Indian or Alaska Native","1002-5",11,198875,5.5,2.8,9.9
,"Arizona","04","2020","2020","Female","F","White","2106-3",157,3072080,5.1,4.3,5.9
,"Arizona","04","2020","2020","Male","M","American Indian or Alaska Native","1002-5",62,192569,32.2,24.7,41.3
,"Arizona","04","2020","2020","Male","M","Black or African American","2054-5",111,202995,54.7,44.5,64.9
,"Arizona","04","2020","2020","Male","M","White","2106-3",832,3033739,27.4,25.6,29.3
,"Arizona","04","2021","2021","Female","F","American Indian or Alaska Native","1002-5",12,194639,6.2,3.2,10.8
,"Arizona","04","2021","2021","Female","F","Black or African American","2054-5",19,191231,9.9,6.0,15.5
,"Arizona","04","2021","2021","Female","F","White","2106-3",170,2986206,5.7,4.8,6.5
,"Arizona","04","2021","2021","Male","M","American Indian or Alaska Native","1002-5",58,189699,30.6,23.2,39.5
,"Arizona","04","2021","2021","Male","M","Asian","A",11,132168,8.3,4.2,14.9
,"Arizona","04","2021","2021","Male","M","Black or African American","2054-5",106,203946,52.0,42.1,61.9
,"Arizona","04","2021","2021","Male","M","White","2106-3",907,2982831,30.4,28.4,32.4
,"Arizona","04","2022","2022","Female","F","American Indian or Alaska Native","1002-5",14,192231,7.3,4.0,12.2
,"Arizona","04","2022","2022","Female","F","Black or African American","2054-5",12,197194,6.1,3.1,10.6
,"Arizona","04","2022","2022","Female","F","White","2106-3",177,3010786,5.9,5.0,6.7
,"Arizona","04","2022","2022","Male","M","American Indian or Alaska Native","1002-5",80,187481,42.7,33.8,53.1
,"Arizona","04","2022","2022","Male","M","Asian","A",14,138014,10.1,5.5,17.0
,"Arizona","04","2022","2022","Male","M","Black or African American","2054-5",112,210800,53.1,43.3,63.0
,"Arizona","04","2022","2022","Male","M","White","2106-3",1051,3013805,34.9,32.8,37.0
,"Arizona","04","2023","2023","Female","F","American Indian or Alaska Native","1002-5",17,194886,8.7,5.1,14.0
,"Arizona","04","2023","2023","Female","F","Black or African American","2054-5",16,204290,7.8,4.5,12.7
,"Arizona","04","2023","2023","Female","F","White","2106-3",149,3032719,4.9,4.1,5.7
,"Arizona","04","2023","2023","Male","M","American Indian or Alaska Native","1002-5",66,188710,35.0,27.0,44.5
,"Arizona","04","2023","2023","Male","M","Black or African American","2054-5",109,218308,49.9,40.6,59.3
,"Arizona","04","2023","2023","Male","M","White","2106-3",978,3023640,32.3,30.3,34.4
,"Arizona","04","2024 ","2024","Female","F","Black or African American","2054-5",11,213733,5.1,2.6,9.2
,"Arizona","04","2024 ","2024","Female","F","White","2106-3",163,3072934,5.3,4.5,6.1
,"Arizona","04","2024 ","2024","Male","M","American Indian or Alaska Native","1002-5",71,191521,37.1,29.0,46.8
,"Arizona","04","2024 ","2024","Male","M","Asian","A",15,159790,9.4,5.3,15.5
,"Arizona","04","2024 ","2024","Male","M","Black or African American","2054-5",81,229402,35.3,28.0,43.9
,"Arizona","04","2024 ","2024","Male","M","White","2106-3",891,3064927,29.1,27.2,31.0
,"Arkansas","05","2018","2018","Female","F","Black or African American","2054-5",23,247551,9.3,5.9,13.9
,"Arkansas","05","2018","2018","Female","F","White","2106-3",69,1207069,5.7,4.4,7.2
,"Arkansas","05","2018","2018","Male","M","Black or African American","2054-5",125,224736,55.6,45.9,65.4
,"Arkansas","05","2018","2018","Male","M","White","2106-3",337,1178144,28.6,25.6,31.7
,"Arkansas","05","2019","2019","Female","F","Black or African American","2054-5",27,248153,10.9,7.2,15.8
,"Arkansas","05","2019","2019","Female","F","White","2106-3",64,1207645,5.3,4.1,6.8
,"Arkansas","05","2019","2019","Male","M","Black or African American","2054-5",136,224895,60.5,50.3,70.6
,"Arkansas","05","2019","2019","Male","M","White","2106-3",336,1177613,28.5,25.5,31.6
,"Arkansas","05","2020","2020","Female","F","Black or African American","2054-5",30,249903,12.0,8.1,17.1
,"Arkansas","05","2020","2020","Female","F","White","2106-3",78,1210109,6.4,5.1,8.0
,"Arkansas","05","2020","2020","Male","M","Black or African American","2054-5",183,225971,81.0,69.3,92.7
,"Arkansas","05","2020","2020","Male","M","White","2106-3",371,1178305,31.5,28.3,34.7
,"Arkansas","05","2021","2021","Female","F","Black or African American","2054-5",19,248215,7.7,4.6,12.0
,"Arkansas","05","2021","2021","Female","F","White","2106-3",94,1198534,7.8,6.3,9.6
,"Arkansas","05","2021","2021","Male","M","Black or African American","2054-5",178,226803,78.5,67.0,90.0
,"Arkansas","05","2021","2021","Male","M","White","2106-3",387,1181062,32.8,29.5,36.0
,"Arkansas","05","2022","2022","Female","F","Black or African American","2054-5",28,248423,11.3,7.5,16.3
,"Arkansas","05","2022","2022","Female","F","White","2106-3",82,1202876,6.8,5.4,8.5
,"Arkansas","05","2022","2022","Male","M","Black or African American","2054-5",189,227855,82.9,71.1,94.8
,"Arkansas","05","2022","2022","Male","M","White","2106-3",346,1188984,29.1,26.0,32.2
,"Arkansas","05","2023","2023","Female","F","Black or African American","2054-5",27,250014,10.8,7.1,15.7
,"Arkansas","05","2023","2023","Female","F","White","2106-3",76,1211832,6.3,4.9,7.8
,"Arkansas","05","2023","2023","Male","M","Black or African American","2054-5",175,228233,76.7,65.3,88.0
,"Arkansas","05","2023","2023","Male","M","White","2106-3",385,1193904,32.2,29.0,35.5
,"Arkansas","05","2024 ","2024","Female","F","Black or African American","2054-5",18,251220,7.2,4.2,11.3
,"Arkansas","05","2024 ","2024","Female","F","White","2106-3",75,1216033,6.2,4.9,7.7
,"Arkansas","05","2024 ","2024","Male","M","Black or African American","2054-5",150,229132,65.5,55.0,75.9
,"Arkansas","05","2024 ","2024","Male","M","White","2106-3",380,1199072,31.7,28.5,34.9
,"California","06","2018","2018","Female","F","Asian","A",22,3186076,0.7,0.4,1.0
,"California","06","2018","2018","Female","F","Black or African American","2054-5",40,1287498,3.1,2.2,4.2
,"California","06","2018","2018","Female","F","White","2106-3",281,14217030,2.0,1.7,2.2
,"California","06","2018","2018","Male","M","American Indian or Alaska Native","1002-5",22,330798,6.7,4.2,10.1
,"California","06","2018","2018","Male","M","Asian","A",97,2877524,3.4,2.7,4.1
,"California","06","2018","2018","Male","M","Black or African American","2054-5",358,1268502,28.2,25.3,31.1
,"California","06","2018","2018","Male","M","Native Hawaiian or Other Pacific Islander","NHOPI",14,99430,14.1,7.7,23.6
,"California","06","2018","2018","Male","M","White","2106-3",2023,14314710,14.1,13.5,14.7
,"California","06","2019","2019","Female","F","Asian","A",19,3208061,0.6,0.4,0.9
,"California","06","2019","2019","Female","F","Black or African American","2054-5",41,1283822,3.2,2.3,4.3
,"California","06","2019","2019","Female","F","White","2106-3",268,14163391,1.9,1.7,2.1
,"California","06","2019","2019","Male","M","American Indian or Alaska Native","1002-5",13,329953,3.9,2.1,6.7
,"California","06","2019","2019","Male","M","Asian","A",101,2902884,3.5,2.8,4.2
,"California","06","2019","2019","Male","M","Black or African American","2054-5",396,1268935,31.2,28.1,34.3
,"California","06","2019","2019","Male","M","Native Hawaiian or Other Pacific Islander","NHOPI",11,99456,11.1,5.5,19.8
,"California","06","2019","2019","Male","M","White","2106-3",1923,14261348,13.5,12.9,14.1
,"California","06","2020","2020","Female","F","Asian","A",26,3265079,0.8,0.5,1.2
,"California","06","2020","2020","Female","F","Black or African American","2054-5",65,1283247,5.1,3.9,6.5
,"California","06","2020","2020","Female","F","White","2106-3",279,13990001,2.0,1.8,2.2
,"California","06","2020","2020","Male","M","American Indian or Alaska Native","1002-5",16,338493,4.7,2.7,7.7
,"California","06","2020","2020","Male","M","Asian","A",132,2968218,4.4,3.7,5.2
,"California","06","2020","2020","Male","M","Black or African American","2054-5",582,1272011,45.8,42.0,49.5
,"California","06","2020","2020","Male","M","Native Hawaiian or Other Pacific Islander","NHOPI",13,101555,12.8,6.8,21.9
,"California","06","2020","2020","Male","M","White","2106-3",2119,14083010,15.0,14.4,15.7
,"California","06","2021","2021","Female","F","Asian","A",18,3256074,0.6,0.3,0.9
,"California","06","2021","2021","Female","F","Black or African American","2054-5",68,1271902,5.3,4.2,6.8
,"California","06","2021","2021","Female","F","White","2106-3",258,13828981,1.9,1.6,2.1
,"California","06","2021","2021","Male","M","American Indian or Alaska Native","1002-5",24,343746,7.0,4.5,10.4
,"California","06","2021","2021","Male","M","Asian","A",114,2994294,3.8,3.1,4.5
,"California","06","2021","2021","Male","M","Black or African American","2054-5",614,1276212,48.1,44.3,51.9
,"California","06","2021","2021","Male","M","Native Hawaiian or Other Pacific Islander","NHOPI",19,102600,18.5,11.1,28.9
,"California","06","2021","2021","Male","M","White","2106-3",2260,14073196,16.1,15.4,16.7
,"California","06","2022","2022","Female","F","Asian","A",23,3298267,0.7,0.4,1.0
,"California","06","2022","2022","Female","F","Black or African American","2054-5",66,1263468,5.2,4.0,6.6
,"California","06","2022","2022","Female","F","White","2106-3",265,13669626,1.9,1.7,2.2
,"California","06","2022","2022","Male","M","American Indian or Alaska Native","1002-5",20,343356,5.8,3.6,9.0
,"California","06","2022","2022","Male","M","Asian","A",127,3049460,4.2,3.4,4.9
,"California","06","2022","2022","Male","M","Black or African American","2054-5",570,1268489,44.9,41.2,48.6
,"California","06","2022","2022","Male","M","Native Hawaiian or Other Pacific Islander","NHOPI",12,102067,11.8,6.1,20.5
,"California","06","2022","2022","Male","M","White","2106-3",2195,13937699,15.7,15.1,16.4
,"California","06","2023","2023","Female","F","Asian","A",27,3353393,0.8,0.5,1.2
,"California","06","2023","2023","Female","F","Black or African American","2054-5",49,1264907,3.9,2.9,5.1
,"California","06","2023","2023","Female","F","White","2106-3",272,13620613,2.0,1.8,2.2
,"California","06","2023","2023","Male","M","American Indian or Alaska Native","1002-5",15,344729,4.4,2.4,7.2
,"California","06","2023","2023","Male","M","Asian","A",135,3084483,4.4,3.6,5.1
,"California","06","2023","2023","Male","M","Black or African American","2054-5",432,1263186,34.2,31.0,37.4
,"California","06","2023","2023","Male","M","White","2106-3",2073,13807100,15.0,14.4,15.7
,"California","06","2024 ","2024","Female","F","Asian","A",28,3497188,0.8,0.5,1.2
,"California","06","2024 ","2024","Female","F","Black or African American","2054-5",55,1264120,4.4,3.3,5.7
,"California","06","2024 ","2024","Female","F","White","2106-3",239,13678791,1.7,1.5,2.0
,"California","06","2024 ","2024","Male","M","American Indian or Alaska Native","1002-5",17,366153,4.6,2.7,7.4
,"California","06","2024 ","2024","Male","M","Asian","A",114,3214723,3.5,2.9,4.2
,"California","06","2024 ","2024","Male","M","Black or African American","2054-5",415,1263063,32.9,29.7,36.0
,"California","06","2024 ","2024","Male","M","White","2106-3",1807,13859475,13.0,12.4,13.6
,"Colorado","08","2018","2018","Female","F","White","2106-3",115,2461312,4.7,3.8,5.5
,"Colorado","08","2018","2018","Male","M","American Indian or Alaska Native","1002-5",13,46313,28.1,14.9,48.0
,"Colorado","08","2018","2018","Male","M","Asian","A",11,91208,12.1,6.0,21.6
,"Colorado","08","2018","2018","Male","M","Black or African American","2054-5",60,138405,43.4,33.1,55.8
,"Colorado","08","2018","2018","Male","M","White","2106-3",634,2497998,25.4,23.4,27.4
,"Colorado","08","2019","2019","Female","F","White","2106-3",118,2483497,4.8,3.9,5.6
,"Colorado","08","2019","2019","Male","M","Black or African American","2054-5",42,141054,29.8,21.5,40.2
,"Colorado","08","2019","2019","Male","M","White","2106-3",628,2523115,24.9,22.9,26.8
,"Colorado","08","2020","2020","Female","F","White","2106-3",106,2497531,4.2,3.4,5.1
,"Colorado","08","2020","2020","Male","M","American Indian or Alaska Native","1002-5",10,49016,20.4,9.8,37.5
,"Colorado","08","2020","2020","Male","M","Black or African American","2054-5",75,143385,52.3,41.1,65.6
,"Colorado","08","2020","2020","Male","M","White","2106-3",675,2536429,26.6,24.6,28.6
,"Colorado","08","2021","2021","Female","F","Black or African American","2054-5",10,126065,7.9,3.8,14.6
,"Colorado","08","2021","2021","Female","F","White","2106-3",146,2479321,5.9,4.9,6.8
,"Colorado","08","2021","2021","Male","M","Black or African American","2054-5",78,145703,53.5,42.3,66.8
,"Colorado","08","2021","2021","Male","M","White","2106-3",769,2547724,30.2,28.1,32.3
,"Colorado","08","2022","2022","Female","F","Black or African American","2054-5",16,128059,12.5,7.1,20.3
,"Colorado","08","2022","2022","Female","F","White","2106-3",140,2477723,5.7,4.7,6.6
,"Colorado","08","2022","2022","Male","M","Black or African American","2054-5",91,148907,61.1,49.2,75.0
,"Colorado","08","2022","2022","Male","M","White","2106-3",731,2555121,28.6,26.5,30.7
,"Colorado","08","2023","2023","Female","F","White","2106-3",129,2493801,5.2,4.3,6.1
,"Colorado","08","2023","2023","Male","M","American Indian or Alaska Native","1002-5",14,50352,27.8,15.2,46.7
,"Colorado","08","2023","2023","Male","M","Asian","A",14,105977,13.2,7.2,22.2
,"Colorado","08","2023","2023","Male","M","Black or African American","2054-5",75,151433,49.5,39.0,62.1
,"Colorado","08","2023","2023","Male","M","White","2106-3",732,2558184,28.6,26.5,30.7
,"Colorado","08","2024 ","2024","Female","F","White","2106-3",127,2512580,5.1,4.2,5.9
,"Colorado","08","2024 ","2024","Male","M","Asian","A",10,115478,8.7,4.2,15.9
,"Colorado","08","2024 ","2024","Male","M","Black or African American","2054-5",66,158546,41.6,32.2,53.0
,"Colorado","08","2024 ","2024","Male","M","White","2106-3",698,2576368,27.1,25.1,29.1
,"Connecticut","09","2018","2018","Female","F","White","2106-3",19,1459961,1.3,0.8,2.0
,"Connecticut","09","2018","2018","Male","M","Black or African American","2054-5",35,205008,17.1,11.9,23.7
,"Connecticut","09","2018","2018","Male","M","White","2106-3",127,1399319,9.1,7.5,10.7
,"Connecticut","09","2019","2019","Female","F","White","2106-3",12,1450582,0.8,0.4,1.4
,"Connecticut","09","2019","2019","Male","M","Black or African American","2054-5",48,206935,23.2,17.1,30.8
,"Connecticut","09","2019","2019","Male","M","White","2106-3",122,1390959,8.8,7.2,10.3
,"Connecticut","09","2020","2020","Female","F","White","2106-3",17,1438380,1.2,0.7,1.9
,"Connecticut","09","2020","2020","Male","M","Black or African American","2054-5",66,212177,31.1,24.1,39.6
,"Connecticut","09","2020","2020","Male","M","White","2106-3",122,1377265,8.9,7.3,10.4
,"Connecticut","09","2021","2021","Female","F","White","2106-3",15,1442769,1.0,0.6,1.7
,"Connecticut","09","2021","2021","Male","M","Black or African American","2054-5",87,219547,39.6,31.7,48.9
,"Connecticut","09","2021","2021","Male","M","White","2106-3",127,1399759,9.1,7.5,10.7
,"Connecticut","09","2022","2022","Female","F","White","2106-3",19,1444825,1.3,0.8,2.1
,"Connecticut","09","2022","2022","Male","M","Black or African American","2054-5",61,223890,27.2,20.8,35.0
,"Connecticut","09","2022","2022","Male","M","White","2106-3",157,1396662,11.2,9.5,13.0
,"Connecticut","09","2023","2023","Female","F","Black or African American","2054-5",10,246395,4.1,1.9,7.5
,"Connecticut","09","2023","2023","Female","F","White","2106-3",14,1433192,1.0,0.5,1.6
,"Connecticut","09","2023","2023","Male","M","Black or African American","2054-5",72,227231,31.7,24.8,39.9
,"Connecticut","09","2023","2023","Male","M","White","2106-3",119,1388654,8.6,7.0,10.1
,"Connecticut","09","2024 ","2024","Female","F","White","2106-3",23,1441593,1.6,1.0,2.4
,"Connecticut","09","2024 ","2024","Male","M","Black or African American","2054-5",53,235722,22.5,16.8,29.4
,"Connecticut","09","2024 ","2024","Male","M","White","2106-3",136,1399259,9.7,8.1,11.4
,"Delaware","10","2018","2018","Male","M","Black or African American","2054-5",42,104719,40.1,28.9,54.2
,"Delaware","10","2018","2018","Male","M","White","2106-3",48,327447,14.7,10.8,19.4
,"Delaware","10","2019","2019","Male","M","Black or African American","2054-5",37,106344,34.8,24.5,48.0
,"Delaware","10","2019","2019","Male","M","White","2106-3",41,328070,12.5,9.0,17.0
,"Delaware","10","2020","2020","Male","M","Black or African American","2054-5",66,108794,60.7,46.9,77.2
,"Delaware","10","2020","2020","Male","M","White","2106-3",51,329557,15.5,11.5,20.3
,"Delaware","10","2021","2021","Female","F","Black or African American","2054-5",14,124531,11.2,6.1,18.9
,"Delaware","10","2021","2021","Female","F","White","2106-3",11,350883,3.1,1.6,5.6
,"Delaware","10","2021","2021","Male","M","Black or African American","2054-5",64,112090,57.1,44.0,72.9
,"Delaware","10","2021","2021","Male","M","White","2106-3",63,335716,18.8,14.4,24.0
,"Delaware","10","2022","2022","Female","F","White","2106-3",13,353668,3.7,2.0,6.3
,"Delaware","10","2022","2022","Male","M","Black or African American","2054-5",40,114338,35.0,25.0,47.6
,"Delaware","10","2022","2022","Male","M","White","2106-3",65,338838,19.2,14.8,24.5
,"Delaware","10","2023","2023","Female","F","White","2106-3",10,357253,2.8,1.3,5.1
,"Delaware","10","2023","2023","Male","M","Black or African American","2054-5",36,116841,30.8,21.6,42.7
,"Delaware","10","2023","2023","Male","M","White","2106-3",64,339841,18.8,14.5,24.0
,"Delaware","10","2024 ","2024","Male","M","Black or African American","2054-5",39,119775,32.6,23.2,44.5
,"Delaware","10","2024 ","2024","Male","M","White","2106-3",58,343076,16.9,12.8,21.9
,"District of Columbia","11","2018","2018","Female","F","Black or African American","2054-5",11,177758,6.2,3.1,11.1
,"District of Columbia","11","2018","2018","Male","M","Black or African American","2054-5",106,148423,71.4,57.8,85.0
,"District of Columbia","11","2019","2019","Male","M","Black or African American","2054-5",127,147351,86.2,71.2,101.2
,"District of Columbia","11","2020","2020","Female","F","Black or African American","2054-5",22,177175,12.4,7.8,18.8
,"District of Columbia","11","2020","2020","Male","M","Black or African American","2054-5",134,147011,91.1,75.7,106.6
,"District of Columbia","11","2020","2020","Male","M","White","2106-3",10,164605,6.1,2.9,11.2
,"District of Columbia","11","2021","2021","Female","F","Black or African American","2054-5",21,167142,12.6,7.8,19.2
,"District of Columbia","11","2021","2021","Male","M","Black or African American","2054-5",151,139783,108.0,90.8,125.3
,"District of Columbia","11","2022","2022","Female","F","Black or African American","2054-5",13,164585,7.9,4.2,13.5
,"District of Columbia","11","2022","2022","Male","M","Black or African American","2054-5",134,137983,97.1,80.7,113.6
,"District of Columbia","11","2023","2023","Female","F","Black or African American","2054-5",20,164446,12.2,7.4,18.8
,"District of Columbia","11","2023","2023","Male","M","Black or African American","2054-5",196,136758,143.3,123.3,163.4
,"District of Columbia","11","2024 ","2024","Female","F","Black or African American","2054-5",10,166104,6.0,2.9,11.1
,"District of Columbia","11","2024 ","2024","Male","M","Black or African American","2054-5",135,138348,97.6,81.1,114.0
,"Florida","12","2018","2018","Female","F","Black or African American","2054-5",80,1865163,4.3,3.4,5.3
,"Florida","12","2018","2018","Female","F","White","2106-3",336,8383044,4.0,3.6,4.4
,"Florida","12","2018","2018","Male","M","Black or African American","2054-5",605,1734958,34.9,32.1,37.6
,"Florida","12","2018","2018","Male","M","White","2106-3",1824,8089081,22.5,21.5,23.6
,"Florida","12","2019","2019","Female","F","Black or African American","2054-5",70,1883467,3.7,2.9,4.7
,"Florida","12","2019","2019","Female","F","White","2106-3",363,8448054,4.3,3.9,4.7
,"Florida","12","2019","2019","Male","M","Asian","A",19,293261,6.5,3.9,10.1
,"Florida","12","2019","2019","Male","M","Black or African American","2054-5",646,1750048,36.9,34.1,39.8
,"Florida","12","2019","2019","Male","M","White","2106-3",1709,8149338,21.0,20.0,22.0
,"Florida","12","2020","2020","Female","F","Black or African American","2054-5",107,1912916,5.6,4.5,6.7
,"Florida","12","2020","2020","Female","F","White","2106-3",361,8529056,4.2,3.8,4.7
,"Florida","12","2020","2020","Male","M","Asian","A",21,302912,6.9,4.3,10.6
,"Florida","12","2020","2020","Male","M","Black or African American","2054-5",786,1780056,44.2,41.1,47.2
,"Florida","12","2020","2020","Male","M","White","2106-3",1687,8221103,20.5,19.5,21.5
,"Florida","12","2021","2021","Female","F","Black or African American","2054-5",111,1912527,5.8,4.7,6.9
,"Florida","12","2021","2021","Female","F","White","2106-3",410,8474276,4.8,4.4,5.3
,"Florida","12","2021","2021","Male","M","Asian","A",16,309413,5.2,3.0,8.4
,"Florida","12","2021","2021","Male","M","Black or African American","2054-5",769,1798367,42.8,39.7,45.8
,"Florida","12","2021","2021","Male","M","White","2106-3",1773,8275140,21.4,20.4,22.4
,"Florida","12","2022","2022","Female","F","Black or African American","2054-5",111,1944773,5.7,4.6,6.8
,"Florida","12","2022","2022","Female","F","White","2106-3",382,8639225,4.4,4.0,4.9
,"Florida","12","2022","2022","Male","M","Asian","A",21,326642,6.4,4.0,9.8
,"Florida","12","2022","2022","Male","M","Black or African American","2054-5",752,1828563,41.1,38.2,44.1
,"Florida","12","2022","2022","Male","M","White","2106-3",1891,8445426,22.4,21.4,23.4
,"Florida","12","2023","2023","Female","F","Black or African American","2054-5",113,1977350,5.7,4.7,6.8
,"Florida","12","2023","2023","Female","F","White","2106-3",401,8775872,4.6,4.1,5.0
,"Florida","12","2023","2023","Male","M","Asian","A",25,339772,7.4,4.8,10.9
,"Florida","12","2023","2023","Male","M","Black or African American","2054-5",719,1852064,38.8,36.0,41.7
,"Florida","12","2023","2023","Male","M","White","2106-3",1907,8557459,22.3,21.3,23.3
,"Florida","12","2024 ","2024","Female","F","Asian","A",10,423082,2.4,1.1,4.3
,"Florida","12","2024 ","2024","Female","F","Black or African American","2054-5",101,2038635,5.0,4.0,5.9
,"Florida","12","2024 ","2024","Female","F","White","2106-3",378,9033873,4.2,3.8,4.6
,"Florida","12","2024 ","2024","Male","M","Asian","A",24,369689,6.5,4.2,9.7
,"Florida","12","2024 ","2024","Male","M","Black or African American","2054-5",601,1910512,31.5,28.9,34.0
,"Florida","12","2024 ","2024","Male","M","White","2106-3",1993,8823190,22.6,21.6,23.6
,"Georgia","13","2018","2018","Female","F","Black or African American","2054-5",90,1815639,5.0,4.0,6.1
,"Georgia","13","2018","2018","Female","F","White","2106-3",191,3205497,6.0,5.1,6.8
,"Georgia","13","2018","2018","Male","M","Asian","A",21,219859,9.6,5.9,14.6
,"Georgia","13","2018","2018","Male","M","Black or African American","2054-5",551,1595506,34.5,31.7,37.4
,"Georgia","13","2018","2018","Male","M","White","2106-3",791,3155031,25.1,23.3,26.8
,"Georgia","13","2019","2019","Female","F","Black or African American","2054-5",84,1841232,4.6,3.6,5.6
,"Georgia","13","2019","2019","Female","F","White","2106-3",185,3221992,5.7,4.9,6.6
,"Georgia","13","2019","2019","Male","M","Asian","A",21,224351,9.4,5.8,14.3
,"Georgia","13","2019","2019","Male","M","Black or African American","2054-5",607,1616915,37.5,34.6,40.5
,"Georgia","13","2019","2019","Male","M","White","2106-3",772,3169513,24.4,22.6,26.1
,"Georgia","13","2020","2020","Female","F","Black or African American","2054-5",108,1870401,5.8,4.7,6.9
,"Georgia","13","2020","2020","Female","F","White","2106-3",170,3228123,5.3,4.5,6.1
,"Georgia","13","2020","2020","Male","M","Asian","A",27,233554,11.6,7.6,16.8
,"Georgia","13","2020","2020","Male","M","Black or African American","2054-5",802,1639840,48.9,45.5,52.3
,"Georgia","13","2020","2020","Male","M","White","2106-3",755,3171831,23.8,22.1,25.5
,"Georgia","13","2021","2021","Female","F","Asian","A",10,253265,3.9,1.9,7.3
,"Georgia","13","2021","2021","Female","F","Black or African American","2054-5",177,1890106,9.4,8.0,10.7
,"Georgia","13","2021","2021","Female","F","White","2106-3",190,3219170,5.9,5.1,6.7
,"Georgia","13","2021","2021","Male","M","Asian","A",27,240133,11.2,7.4,16.4
,"Georgia","13","2021","2021","Male","M","Black or African American","2054-5",922,1668618,55.3,51.7,58.8
,"Georgia","13","2021","2021","Male","M","White","2106-3",841,3199037,26.3,24.5,28.1
,"Georgia","13","2022","2022","Female","F","Black or African American","2054-5",144,1917347,7.5,6.3,8.7
,"Georgia","13","2022","2022","Female","F","White","2106-3",189,3224909,5.9,5.0,6.7
,"Georgia","13","2022","2022","Male","M","Asian","A",14,254329,5.5,3.0,9.2
,"Georgia","13","2022","2022","Male","M","Black or African American","2054-5",921,1696196,54.3,50.8,57.8
,"Georgia","13","2022","2022","Male","M","White","2106-3",846,3211774,26.3,24.6,28.1
,"Georgia","13","2023","2023","Female","F","Black or African American","2054-5",141,1946877,7.2,6.0,8.4
,"Georgia","13","2023","2023","Female","F","White","2106-3",179,3251080,5.5,4.7,6.3
,"Georgia","13","2023","2023","Male","M","Asian","A",25,261905,9.5,6.2,14.1
,"Georgia","13","2023","2023","Male","M","Black or African American","2054-5",875,1714875,51.0,47.6,54.4
,"Georgia","13","2023","2023","Male","M","White","2106-3",806,3222469,25.0,23.3,26.7
,"Georgia","13","2024 ","2024","Female","F","Black or African American","2054-5",139,1971988,7.0,5.9,8.2
,"Georgia","13","2024 ","2024","Female","F","White","2106-3",172,3275779,5.3,4.5,6.0
,"Georgia","13","2024 ","2024","Male","M","Asian","A",12,282209,4.3,2.2,7.4
,"Georgia","13","2024 ","2024","Male","M","Black or African American","2054-5",796,1731867,46.0,42.8,49.2
,"Georgia","13","2024 ","2024","Male","M","White","2106-3",827,3244079,25.5,23.8,27.2
,"Hawaii","15","2018","2018","Male","M","White","2106-3",17,195020,8.7,5.1,14.0
,"Hawaii","15","2019","2019","Male","M","Asian","A",10,246723,4.1,1.9,7.5
,"Hawaii","15","2019","2019","Male","M","White","2106-3",20,193391,10.3,6.3,16.0
,"Hawaii","15","2020","2020","Male","M","White","2106-3",19,190055,10.0,6.0,15.6
,"Hawaii","15","2021","2021","Male","M","White","2106-3",24,195241,12.3,7.9,18.3
,"Hawaii","15","2022","2022","Male","M","Asian","A",14,249881,5.6,3.1,9.4
,"Hawaii","15","2022","2022","Male","M","White","2106-3",14,194766,7.2,3.9,12.1
,"Hawaii","15","2023","2023","Male","M","Asian","A",12,249881,4.8,2.5,8.4
,"Hawaii","15","2023","2023","Male","M","White","2106-3",25,192757,13.0,8.4,19.1
,"Hawaii","15","2024 ","2024","Male","M","White","2106-3",16,193101,8.3,4.7,13.5
,"Idaho","16","2018","2018","Female","F","White","2106-3",50,813702,6.1,4.6,8.1
,"Idaho","16","2018","2018","Male","M","White","2106-3",226,818486,27.6,24.0,31.2
,"Idaho","16","2019","2019","Female","F","White","2106-3",39,828504,4.7,3.3,6.4
,"Idaho","16","2019","2019","Male","M","White","2106-3",196,833861,23.5,20.2,26.8
,"Idaho","16","2020","2020","Female","F","White","2106-3",43,845931,5.1,3.7,6.8
,"Idaho","16","2020","2020","Male","M","White","2106-3",262,851368,30.8,27.0,34.5
,"Idaho","16","2021","2021","Female","F","White","2106-3",34,874177,3.9,2.7,5.4
,"Idaho","16","2021","2021","Male","M","White","2106-3",252,889922,28.3,24.8,31.8
,"Idaho","16","2022","2022","Female","F","White","2106-3",43,890770,4.8,3.5,6.5
,"Idaho","16","2022","2022","Male","M","White","2106-3",274,905227,30.3,26.7,33.9
,"Idaho","16","2023","2023","Female","F","White","2106-3",52,902195,5.8,4.3,7.6
,"Idaho","16","2023","2023","Male","M","White","2106-3",277,914394,30.3,26.7,33.9
,"Idaho","16","2024 ","2024","Female","F","White","2106-3",45,915081,4.9,3.6,6.6
,"Idaho","16","2024 ","2024","Male","M","White","2106-3",258,928840,27.8,24.4,31.2
,"Illinois","17","2018","2018","Female","F","Black or African American","2054-5",58,985724,5.9,4.5,7.6
,"Illinois","17","2018","2018","Female","F","White","2106-3",101,4937246,2.0,1.6,2.4
,"Illinois","17","2018","2018","Male","M","Black or African American","2054-5",614,874466,70.2,64.7,75.8
,"Illinois","17","2018","2018","Male","M","White","2106-3",587,4854594,12.1,11.1,13.1
,"Illinois","17","2019","2019","Female","F","Black or African American","2054-5",62,981449,6.3,4.8,8.1
,"Illinois","17","2019","2019","Female","F","White","2106-3",94,4904700,1.9,1.5,2.3
,"Illinois","17","2019","2019","Male","M","Black or African American","2054-5",602,871067,69.1,63.6,74.6
,"Illinois","17","2019","2019","Male","M","White","2106-3",585,4822215,12.1,11.1,13.1
,"Illinois","17","2020","2020","Female","F","Black or African American","2054-5",88,980947,9.0,7.2,11.1
,"Illinois","17","2020","2020","Female","F","White","2106-3",77,4851727,1.6,1.3,2.0
,"Illinois","17","2020","2020","Male","M","Asian","A",14,366881,3.8,2.1,6.4
,"Illinois","17","2020","2020","Male","M","Black or African American","2054-5",912,871528,104.6,97.9,111.4
,"Illinois","17","2020","2020","Male","M","White","2106-3",631,4768770,13.2,12.2,14.3
,"Illinois","17","2021","2021","Female","F","Black or African American","2054-5",126,983791,12.8,10.6,15.0
,"Illinois","17","2021","2021","Female","F","White","2106-3",108,4844527,2.2,1.8,2.6
,"Illinois","17","2021","2021","Male","M","Asian","A",14,374133,3.7,2.0,6.3
,"Illinois","17","2021","2021","Male","M","Black or African American","2054-5",1003,882816,113.6,106.6,120.6
,"Illinois","17","2021","2021","Male","M","White","2106-3",716,4823853,14.8,13.8,15.9
,"Illinois","17","2022","2022","Female","F","Black or African American","2054-5",106,978187,10.8,8.8,12.9
,"Illinois","17","2022","2022","Female","F","White","2106-3",119,4787433,2.5,2.0,2.9
,"Illinois","17","2022","2022","Male","M","Black or African American","2054-5",818,873285,93.7,87.3,100.1
,"Illinois","17","2022","2022","Male","M","White","2106-3",719,4785173,15.0,13.9,16.1
,"Illinois","17","2023","2023","Female","F","Black or African American","2054-5",94,971297,9.7,7.8,11.8
,"Illinois","17","2023","2023","Female","F","White","2106-3",118,4780637,2.5,2.0,2.9
,"Illinois","17","2023","2023","Male","M","Asian","A",10,385041,2.6,1.2,4.8
,"Illinois","17","2023","2023","Male","M","Black or African American","2054-5",737,864808,85.2,79.1,91.4
,"Illinois","17","2023","2023","Male","M","White","2106-3",702,4760058,14.7,13.7,15.8
,"Illinois","17","2024 ","2024","Female","F","Black or African American","2054-5",79,977818,8.1,6.4,10.1
,"Illinois","17","2024 ","2024","Female","F","White","2106-3",99,4807922,2.1,1.7,2.5
,"Illinois","17","2024 ","2024","Male","M","Asian","A",14,420364,3.3,1.8,5.6
,"Illinois","17","2024 ","2024","Male","M","Black or African American","2054-5",618,870380,71.0,65.4,76.6
,"Illinois","17","2024 ","2024","Male","M","White","2106-3",719,4791124,15.0,13.9,16.1
,"Indiana","18","2018","2018","Female","F","Black or African American","2054-5",34,340822,10.0,6.9,13.9
,"Indiana","18","2018","2018","Female","F","White","2106-3",136,2880916,4.7,3.9,5.5
,"Indiana","18","2018","2018","Male","M","Black or African American","2054-5",232,317907,73.0,63.6,82.4
,"Indiana","18","2018","2018","Male","M","White","2106-3",556,2813552,19.8,18.1,21.4
,"Indiana","18","2019","2019","Female","F","Black or African American","2054-5",29,346256,8.4,5.6,12.0
,"Indiana","18","2019","2019","Female","F","White","2106-3",94,2888987,3.3,2.6,4.0
,"Indiana","18","2019","2019","Male","M","Black or African American","2054-5",241,323340,74.5,65.1,83.9
,"Indiana","18","2019","2019","Male","M","White","2106-3",574,2820605,20.4,18.7,22.0
,"Indiana","18","2020","2020","Female","F","Black or African American","2054-5",50,352317,14.2,10.5,18.7
,"Indiana","18","2020","2020","Female","F","White","2106-3",115,2888044,4.0,3.3,4.7
,"Indiana","18","2020","2020","Male","M","Black or African American","2054-5",317,329184,96.3,85.7,106.9
,"Indiana","18","2020","2020","Male","M","White","2106-3",644,2819775,22.8,21.1,24.6
,"Indiana","18","2021","2021","Female","F","Black or African American","2054-5",60,357684,16.8,12.8,21.6
,"Indiana","18","2021","2021","Female","F","White","2106-3",128,2882258,4.4,3.7,5.2
,"Indiana","18","2021","2021","Male","M","Black or African American","2054-5",306,337433,90.7,80.5,100.8
,"Indiana","18","2021","2021","Male","M","White","2106-3",721,2850636,25.3,23.4,27.1
,"Indiana","18","2022","2022","Female","F","Black or African American","2054-5",50,362484,13.8,10.2,18.2
,"Indiana","18","2022","2022","Female","F","White","2106-3",128,2880610,4.4,3.7,5.2
,"Indiana","18","2022","2022","Male","M","Asian","A",10,97828,10.2,4.9,18.8
,"Indiana","18","2022","2022","Male","M","Black or African American","2054-5",297,341751,86.9,77.0,96.8
,"Indiana","18","2022","2022","Male","M","White","2106-3",687,2856334,24.1,22.3,25.9
,"Indiana","18","2023","2023","Female","F","Black or African American","2054-5",45,368649,12.2,8.9,16.3
,"Indiana","18","2023","2023","Female","F","White","2106-3",136,2888961,4.7,3.9,5.5
,"Indiana","18","2023","2023","Male","M","Black or African American","2054-5",289,346507,83.4,73.8,93.0
,"Indiana","18","2023","2023","Male","M","White","2106-3",739,2854507,25.9,24.0,27.8
,"Indiana","18","2024 ","2024","Female","F","Black or African American","2054-5",36,379437,9.5,6.6,13.1
,"Indiana","18","2024 ","2024","Female","F","White","2106-3",118,2896941,4.1,3.3,4.8
,"Indiana","18","2024 ","2024","Male","M","Black or African American","2054-5",260,356224,73.0,64.1,81.9
,"Indiana","18","2024 ","2024","Male","M","White","2106-3",736,2862738,25.7,23.9,27.6
,"Iowa","19","2018","2018","Female","F","White","2106-3",26,1444265,1.8,1.2,2.6
,"Iowa","19","2018","2018","Male","M","Black or African American","2054-5",13,66531,19.5,10.4,33.4
,"Iowa","19","2018","2018","Male","M","White","2106-3",237,1419861,16.7,14.6,18.8
,"Iowa","19","2019","2019","Female","F","White","2106-3",32,1441059,2.2,1.5,3.1
,"Iowa","19","2019","2019","Male","M","Black or African American","2054-5",22,68176,32.3,20.2,48.9
,"Iowa","19","2019","2019","Male","M","White","2106-3",228,1418021,16.1,14.0,18.2
,"Iowa","19","2020","2020","Female","F","Black or African American","2054-5",10,62149,16.1,7.7,29.6
,"Iowa","19","2020","2020","Female","F","White","2106-3",30,1439071,2.1,1.4,3.0
,"Iowa","19","2020","2020","Male","M","Black or African American","2054-5",44,70557,62.4,45.3,83.7
,"Iowa","19","2020","2020","Male","M","White","2106-3",253,1416452,17.9,15.7,20.1
,"Iowa","19","2021","2021","Female","F","White","2106-3",33,1439304,2.3,1.6,3.2
,"Iowa","19","2021","2021","Male","M","Black or African American","2054-5",33,74078,44.5,30.7,62.6
,"Iowa","19","2021","2021","Male","M","White","2106-3",282,1436186,19.6,17.3,21.9
,"Iowa","19","2022","2022","Female","F","White","2106-3",37,1437534,2.6,1.8,3.5
,"Iowa","19","2022","2022","Male","M","Black or African American","2054-5",46,75849,60.6,44.4,80.9
,"Iowa","19","2022","2022","Male","M","White","2106-3",267,1437329,18.6,16.3,20.8
,"Iowa","19","2023","2023","Female","F","White","2106-3",38,1439021,2.6,1.9,3.6
,"Iowa","19","2023","2023","Male","M","Black or African American","2054-5",37,77367,47.8,33.7,65.9
,"Iowa","19","2023","2023","Male","M","White","2106-3",256,1435652,17.8,15.6,20.0
,"Iowa","19","2024 ","2024","Female","F","White","2106-3",46,1442893,3.2,2.3,4.3
,"Iowa","19","2024 ","2024","Male","M","Black or African American","2054-5",25,82542,30.3,19.6,44.7
,"Iowa","19","2024 ","2024","Male","M","White","2106-3",309,1441542,21.4,19.0,23.8
,"Kansas","20","2018","2018","Female","F","White","2106-3",48,1265247,3.8,2.8,5.0
,"Kansas","20","2018","2018","Male","M","Black or African American","2054-5",53,92416,57.3,43.0,75.0
,"Kansas","20","2018","2018","Male","M","White","2106-3",297,1250104,23.8,21.1,26.5
,"Kansas","20","2019","2019","Female","F","White","2106-3",43,1264291,3.4,2.5,4.6
,"Kansas","20","2019","2019","Male","M","Black or African American","2054-5",45,92649,48.6,35.4,65.0
,"Kansas","20","2019","2019","Male","M","White","2106-3",289,1249555,23.1,20.5,25.8
,"Kansas","20","2020","2020","Female","F","Black or African American","2054-5",10,86545,11.6,5.5,21.2
,"Kansas","20","2020","2020","Female","F","White","2106-3",57,1261822,4.5,3.4,5.9
,"Kansas","20","2020","2020","Male","M","Black or African American","2054-5",77,93093,82.7,65.3,103.4
,"Kansas","20","2020","2020","Male","M","White","2106-3",327,1246372,26.2,23.4,29.1
,"Kansas","20","2021","2021","Female","F","Black or African American","2054-5",14,86936,16.1,8.8,27.0
,"Kansas","20","2021","2021","Female","F","White","2106-3",46,1261270,3.6,2.7,4.9
,"Kansas","20","2021","2021","Male","M","Black or African American","2054-5",51,94740,53.8,40.1,70.8
,"Kansas","20","2021","2021","Male","M","White","2106-3",372,1261428,29.5,26.5,32.5
,"Kansas","20","2022","2022","Female","F","White","2106-3",58,1257752,4.6,3.5,6.0
,"Kansas","20","2022","2022","Male","M","Black or African American","2054-5",60,95606,62.8,47.9,80.8
,"Kansas","20","2022","2022","Male","M","White","2106-3",333,1263906,26.3,23.5,29.2
,"Kansas","20","2023","2023","Female","F","Black or African American","2054-5",11,86955,12.7,6.3,22.6
,"Kansas","20","2023","2023","Female","F","White","2106-3",48,1261250,3.8,2.8,5.0
,"Kansas","20","2023","2023","Male","M","Black or African American","2054-5",68,95417,71.3,55.3,90.3
,"Kansas","20","2023","2023","Male","M","White","2106-3",308,1263241,24.4,21.7,27.1
,"Kansas","20","2024 ","2024","Female","F","White","2106-3",50,1266991,3.9,2.9,5.2
,"Kansas","20","2024 ","2024","Male","M","Black or African American","2054-5",58,97169,59.7,45.3,77.2
,"Kansas","20","2024 ","2024","Male","M","White","2106-3",312,1270402,24.6,21.8,27.3
,"Kentucky","21","2018","2018","Female","F","Black or African American","2054-5",10,188970,5.3,2.5,9.7
,"Kentucky","21","2018","2018","Female","F","White","2106-3",103,1987622,5.2,4.2,6.2
,"Kentucky","21","2018","2018","Male","M","Black or African American","2054-5",98,187002,52.4,42.5,63.9
,"Kentucky","21","2018","2018","Male","M","White","2106-3",535,1926314,27.8,25.4,30.1
,"Kentucky","21","2019","2019","Female","F","Black or African American","2054-5",11,190129,5.8,2.9,10.4
,"Kentucky","21","2019","2019","Female","F","White","2106-3",95,1985853,4.8,3.9,5.8
,"Kentucky","21","2019","2019","Male","M","Black or African American","2054-5",111,188350,58.9,48.0,69.9
,"Kentucky","21","2019","2019","Male","M","White","2106-3",446,1924070,23.2,21.0,25.3
,"Kentucky","21","2020","2020","Female","F","Black or African American","2054-5",33,191698,17.2,11.8,24.2
,"Kentucky","21","2020","2020","Female","F","White","2106-3",104,1985388,5.2,4.2,6.2
,"Kentucky","21","2020","2020","Male","M","Black or African American","2054-5",165,190415,86.7,73.4,99.9
,"Kentucky","21","2020","2020","Male","M","White","2106-3",577,1922200,30.0,27.6,32.5
,"Kentucky","21","2021","2021","Female","F","Black or African American","2054-5",25,194465,12.9,8.3,19.0
,"Kentucky","21","2021","2021","Female","F","White","2106-3",98,1983242,4.9,4.0,6.0
,"Kentucky","21","2021","2021","Male","M","Black or African American","2054-5",223,194776,114.5,99.5,129.5
,"Kentucky","21","2021","2021","Male","M","White","2106-3",585,1943158,30.1,27.7,32.5
,"Kentucky","21","2022","2022","Female","F","Black or African American","2054-5",33,194762,16.9,11.7,23.8
,"Kentucky","21","2022","2022","Female","F","White","2106-3",97,1975786,4.9,4.0,6.0
,"Kentucky","21","2022","2022","Male","M","Black or African American","2054-5",167,196244,85.1,72.2,98.0
,"Kentucky","21","2022","2022","Male","M","White","2106-3",522,1944328,26.8,24.5,29.2
,"Kentucky","21","2023","2023","Female","F","Black or African American","2054-5",26,197784,13.1,8.6,19.3
,"Kentucky","21","2023","2023","Female","F","White","2106-3",118,1980748,6.0,4.9,7.0
,"Kentucky","21","2023","2023","Male","M","Black or African American","2054-5",153,198261,77.2,64.9,89.4
,"Kentucky","21","2023","2023","Male","M","White","2106-3",527,1941889,27.1,24.8,29.5
,"Kentucky","21","2024 ","2024","Female","F","Black or African American","2054-5",13,204565,6.4,3.4,10.9
,"Kentucky","21","2024 ","2024","Female","F","White","2106-3",118,1993981,5.9,4.9,7.0
,"Kentucky","21","2024 ","2024","Male","M","Black or African American","2054-5",160,205305,77.9,65.9,90.0
,"Kentucky","21","2024 ","2024","Male","M","White","2106-3",558,1955291,28.5,26.2,30.9
,"Louisiana","22","2018","2018","Female","F","Black or African American","2054-5",59,802115,7.4,5.6,9.5
,"Louisiana","22","2018","2018","Female","F","White","2106-3",84,1480466,5.7,4.5,7.0
,"Louisiana","22","2018","2018","Male","M","Black or African American","2054-5",422,723975,58.3,52.7,63.9
,"Louisiana","22","2018","2018","Male","M","White","2106-3",409,1449966,28.2,25.5,30.9
,"Louisiana","22","2019","2019","Female","F","Black or African American","2054-5",61,802339,7.6,5.8,9.8
,"Louisiana","22","2019","2019","Female","F","White","2106-3",88,1475677,6.0,4.8,7.3
,"Louisiana","22","2019","2019","Male","M","Black or African American","2054-5",445,722394,61.6,55.9,67.3
,"Louisiana","22","2019","2019","Male","M","White","2106-3",394,1443166,27.3,24.6,30.0
,"Louisiana","22","2020","2020","Female","F","Black or African American","2054-5",78,804910,9.7,7.7,12.1
,"Louisiana","22","2020","2020","Female","F","White","2106-3",84,1470056,5.7,4.6,7.1
,"Louisiana","22","2020","2020","Male","M","Black or African American","2054-5",638,723990,88.1,81.3,95.0
,"Louisiana","22","2020","2020","Male","M","White","2106-3",363,1436850,25.3,22.7,27.9
,"Louisiana","22","2021","2021","Female","F","Black or African American","2054-5",104,799650,13.0,10.5,15.5
,"Louisiana","22","2021","2021","Female","F","White","2106-3",104,1451732,7.2,5.8,8.5
,"Louisiana","22","2021","2021","Male","M","Black or African American","2054-5",692,725294,95.4,88.3,102.5
,"Louisiana","22","2021","2021","Male","M","White","2106-3",395,1434832,27.5,24.8,30.2
,"Louisiana","22","2022","2022","Female","F","Black or African American","2054-5",84,790793,10.6,8.5,13.2
,"Louisiana","22","2022","2022","Female","F","White","2106-3",100,1442475,6.9,5.6,8.3
,"Louisiana","22","2022","2022","Male","M","Black or African American","2054-5",648,713957,90.8,83.8,97.8
,"Louisiana","22","2022","2022","Male","M","White","2106-3",415,1426470,29.1,26.3,31.9
,"Louisiana","22","2023","2023","Female","F","Black or African American","2054-5",102,785492,13.0,10.5,15.5
,"Louisiana","22","2023","2023","Female","F","White","2106-3",86,1440883,6.0,4.8,7.4
,"Louisiana","22","2023","2023","Male","M","Black or African American","2054-5",635,705518,90.0,83.0,97.0
,"Louisiana","22","2023","2023","Male","M","White","2106-3",422,1420098,29.7,26.9,32.6
,"Louisiana","22","2024 ","2024","Female","F","Black or African American","2054-5",79,789963,10.0,7.9,12.5
,"Louisiana","22","2024 ","2024","Female","F","White","2106-3",80,1441760,5.5,4.4,6.9
,"Louisiana","22","2024 ","2024","Male","M","Black or African American","2054-5",469,708046,66.2,60.2,72.2
,"Louisiana","22","2024 ","2024","Male","M","White","2106-3",381,1422677,26.8,24.1,29.5
,"Maine","23","2018","2018","Female","F","White","2106-3",17,646565,2.6,1.5,4.2
,"Maine","23","2018","2018","Male","M","White","2106-3",134,619083,21.6,18.0,25.3
,"Maine","23","2019","2019","Female","F","White","2106-3",16,648575,2.5,1.4,4.0
,"Maine","23","2019","2019","Male","M","White","2106-3",140,620751,22.6,18.8,26.3
,"Maine","23","2020","2020","Female","F","White","2106-3",19,650431,2.9,1.8,4.6
,"Maine","23","2020","2020","Male","M","White","2106-3",128,622690,20.6,17.0,24.1
,"Maine","23","2021","2021","Female","F","White","2106-3",19,655850,2.9,1.7,4.5
,"Maine","23","2021","2021","Male","M","White","2106-3",150,636161,23.6,19.8,27.4
,"Maine","23","2022","2022","Female","F","White","2106-3",22,660291,3.3,2.1,5.0
,"Maine","23","2022","2022","Male","M","White","2106-3",142,640916,22.2,18.5,25.8
,"Maine","23","2023","2023","Female","F","White","2106-3",31,664462,4.7,3.2,6.6
,"Maine","23","2023","2023","Male","M","White","2106-3",156,643388,24.2,20.4,28.1
,"Maine","23","2024 ","2024","Female","F","White","2106-3",24,665779,3.6,2.3,5.4
,"Maine","23","2024 ","2024","Male","M","White","2106-3",143,644361,22.2,18.6,25.8
,"Maryland","24","2018","2018","Female","F","Black or African American","2054-5",34,994557,3.4,2.4,4.8
,"Maryland","24","2018","2018","Female","F","White","2106-3",45,1795908,2.5,1.8,3.4
,"Maryland","24","2018","2018","Male","M","Black or African American","2054-5",361,873035,41.4,37.1,45.6
,"Maryland","24","2018","2018","Male","M","White","2106-3",243,1756447,13.8,12.1,15.6
,"Maryland","24","2019","2019","Female","F","Black or African American","2054-5",35,1001015,3.5,2.4,4.9
,"Maryland","24","2019","2019","Female","F","White","2106-3",28,1789746,1.6,1.0,2.3
,"Maryland","24","2019","2019","Male","M","Black or African American","2054-5",436,877630,49.7,45.0,54.3
,"Maryland","24","2019","2019","Male","M","White","2106-3",233,1749698,13.3,11.6,15.0
,"Maryland","24","2020","2020","Female","F","Black or African American","2054-5",50,1009355,5.0,3.7,6.5
,"Maryland","24","2020","2020","Female","F","White","2106-3",39,1778580,2.2,1.6,3.0
,"Maryland","24","2020","2020","Male","M","Black or African American","2054-5",460,885242,52.0,47.2,56.7
,"Maryland","24","2020","2020","Male","M","White","2106-3",236,1736795,13.6,11.9,15.3
,"Maryland","24","2021","2021","Female","F","Black or African American","2054-5",62,1027569,6.0,4.6,7.7
,"Maryland","24","2021","2021","Female","F","White","2106-3",47,1790249,2.6,1.9,3.5
,"Maryland","24","2021","2021","Male","M","Black or African American","2054-5",494,910096,54.3,49.5,59.1
,"Maryland","24","2021","2021","Male","M","White","2106-3",285,1770634,16.1,14.2,18.0
,"Maryland","24","2022","2022","Female","F","Black or African American","2054-5",53,1036327,5.1,3.8,6.7
,"Maryland","24","2022","2022","Female","F","White","2106-3",22,1773839,1.2,0.8,1.9
,"Maryland","24","2022","2022","Male","M","Black or African American","2054-5",485,915331,53.0,48.3,57.7
,"Maryland","24","2022","2022","Male","M","White","2106-3",237,1756880,13.5,11.8,15.2
,"Maryland","24","2023","2023","Female","F","Black or African American","2054-5",44,1038001,4.2,3.1,5.7
,"Maryland","24","2023","2023","Female","F","White","2106-3",34,1777854,1.9,1.3,2.7
,"Maryland","24","2023","2023","Male","M","Asian","A",15,208616,7.2,4.0,11.9
,"Maryland","24","2023","2023","Male","M","Black or African American","2054-5",415,912663,45.5,41.1,49.8
,"Maryland","24","2023","2023","Male","M","White","2106-3",220,1756171,12.5,10.9,14.2
,"Maryland","24","2024 ","2024","Female","F","Black or African American","2054-5",39,1051942,3.7,2.6,5.1
,"Maryland","24","2024 ","2024","Female","F","White","2106-3",33,1786669,1.8,1.3,2.6
,"Maryland","24","2024 ","2024","Male","M","Asian","A",10,218792,4.6,2.2,8.4
,"Maryland","24","2024 ","2024","Male","M","Black or African American","2054-5",375,924816,40.5,36.4,44.7
,"Maryland","24","2024 ","2024","Male","M","White","2106-3",248,1764632,14.1,12.3,15.8
,"Massachusetts","25","2018","2018","Female","F","White","2106-3",21,2868746,0.7,0.5,1.1
,"Massachusetts","25","2018","2018","Male","M","Black or African American","2054-5",62,299708,20.7,15.9,26.5
,"Massachusetts","25","2018","2018","Male","M","White","2106-3",167,2708448,6.2,5.2,7.1
,"Massachusetts","25","2019","2019","Female","F","White","2106-3",28,2856794,1.0,0.7,1.4
,"Massachusetts","25","2019","2019","Male","M","Black or African American","2054-5",52,301425,17.3,12.9,22.6
,"Massachusetts","25","2019","2019","Male","M","White","2106-3",155,2697371,5.7,4.8,6.7
,"Massachusetts","25","2020","2020","Female","F","White","2106-3",19,2841115,0.7,0.4,1.0
,"Massachusetts","25","2020","2020","Male","M","Black or African American","2054-5",71,307963,23.1,18.0,29.1
,"Massachusetts","25","2020","2020","Male","M","White","2106-3",165,2681715,6.2,5.2,7.1
,"Massachusetts","25","2021","2021","Female","F","White","2106-3",19,2850965,0.7,0.4,1.0
,"Massachusetts","25","2021","2021","Male","M","Black or African American","2054-5",55,317769,17.3,13.0,22.5
,"Massachusetts","25","2021","2021","Male","M","White","2106-3",152,2725844,5.6,4.7,6.5
,"Massachusetts","25","2022","2022","Female","F","White","2106-3",17,2830104,0.6,0.3,1.0
,"Massachusetts","25","2022","2022","Male","M","Black or African American","2054-5",66,323955,20.4,15.8,25.9
,"Massachusetts","25","2022","2022","Male","M","White","2106-3",158,2716245,5.8,4.9,6.7
,"Massachusetts","25","2023","2023","Female","F","White","2106-3",20,2826540,0.7,0.4,1.1
,"Massachusetts","25","2023","2023","Male","M","Black or African American","2054-5",65,329972,19.7,15.2,25.1
,"Massachusetts","25","2023","2023","Male","M","White","2106-3",165,2703821,6.1,5.2,7.0
,"Massachusetts","25","2024 ","2024","Female","F","White","2106-3",27,2846874,0.9,0.6,1.4
,"Massachusetts","25","2024 ","2024","Male","M","Black or African American","2054-5",48,345909,13.9,10.2,18.4
,"Massachusetts","25","2024 ","2024","Male","M","White","2106-3",191,2725650,7.0,6.0,8.0
,"Michigan","26","2018","2018","Female","F","Black or African American","2054-5",62,739319,8.4,6.4,10.8
,"Michigan","26","2018","2018","Female","F","White","2106-3",121,3998405,3.0,2.5,3.6
,"Michigan","26","2018","2018","Male","M","Asian","A",11,166131,6.6,3.3,11.8
,"Michigan","26","2018","2018","Male","M","Black or African American","2054-5",380,669073,56.8,51.1,62.5
,"Michigan","26","2018","2018","Male","M","White","2106-3",705,3925522,18.0,16.6,19.3
,"Michigan","26","2019","2019","Female","F","Black or African American","2054-5",60,739614,8.1,6.2,10.4
,"Michigan","26","2019","2019","Female","F","White","2106-3",94,3991100,2.4,1.9,2.9
,"Michigan","26","2019","2019","Male","M","Black or African American","2054-5",380,668276,56.9,51.1,62.6
,"Michigan","26","2019","2019","Male","M","White","2106-3",650,3920467,16.6,15.3,17.9
,"Michigan","26","2020","2020","Female","F","Black or African American","2054-5",85,739308,11.5,9.2,14.2
,"Michigan","26","2020","2020","Female","F","White","2106-3",112,3975839,2.8,2.3,3.3
,"Michigan","26","2020","2020","Male","M","Black or African American","2054-5",524,665887,78.7,72.0,85.4
,"Michigan","26","2020","2020","Male","M","White","2106-3",693,3905488,17.7,16.4,19.1
,"Michigan","26","2021","2021","Female","F","Black or African American","2054-5",83,743060,11.2,8.9,13.8
,"Michigan","26","2021","2021","Female","F","White","2106-3",104,3976701,2.6,2.1,3.1
,"Michigan","26","2021","2021","Male","M","Black or African American","2054-5",556,676596,82.2,75.3,89.0
,"Michigan","26","2021","2021","Male","M","White","2106-3",753,3958810,19.0,17.7,20.4
,"Michigan","26","2022","2022","Female","F","Black or African American","2054-5",95,741514,12.8,10.4,15.7
,"Michigan","26","2022","2022","Female","F","White","2106-3",151,3953672,3.8,3.2,4.4
,"Michigan","26","2022","2022","Male","M","Black or African American","2054-5",479,676829,70.8,64.4,77.1
,"Michigan","26","2022","2022","Male","M","White","2106-3",729,3952661,18.4,17.1,19.8
,"Michigan","26","2023","2023","Female","F","Black or African American","2054-5",55,741568,7.4,5.6,9.7
,"Michigan","26","2023","2023","Female","F","White","2106-3",116,3958261,2.9,2.4,3.5
,"Michigan","26","2023","2023","Male","M","Black or African American","2054-5",440,674589,65.2,59.1,71.3
,"Michigan","26","2023","2023","Male","M","White","2106-3",729,3940416,18.5,17.2,19.8
,"Michigan","26","2024 ","2024","Female","F","Black or African American","2054-5",51,747557,6.8,5.1,9.0
,"Michigan","26","2024 ","2024","Female","F","White","2106-3",105,3974760,2.6,2.1,3.1
,"Michigan","26","2024 ","2024","Male","M","Black or African American","2054-5",347,678947,51.1,45.7,56.5
,"Michigan","26","2024 ","2024","Male","M","White","2106-3",688,3955850,17.4,16.1,18.7
,"Minnesota","27","2018","2018","Female","F","White","2106-3",24,2370597,1.0,0.6,1.5
,"Minnesota","27","2018","2018","Male","M","Black or African American","2054-5",39,194479,20.1,14.3,27.4
,"Minnesota","27","2018","2018","Male","M","White","2106-3",334,2347579,14.2,12.7,15.8
,"Minnesota","27","2019","2019","Female","F","White","2106-3",45,2372726,1.9,1.4,2.5
,"Minnesota","27","2019","2019","Male","M","American Indian or Alaska Native","1002-5",11,38911,28.3,14.1,50.6
,"Minnesota","27","2019","2019","Male","M","Asian","A",12,142998,8.4,4.3,14.7
,"Minnesota","27","2019","2019","Male","M","Black or African American","2054-5",60,201980,29.7,22.7,38.2
,"Minnesota","27","2019","2019","Male","M","White","2106-3",309,2351205,13.1,11.7,14.6
,"Minnesota","27","2020","2020","Female","F","White","2106-3",45,2366949,1.9,1.4,2.5
,"Minnesota","27","2020","2020","Male","M","American Indian or Alaska Native","1002-5",12,38837,30.9,16.0,54.0
,"Minnesota","27","2020","2020","Male","M","Black or African American","2054-5",93,209093,44.5,35.9,54.5
,"Minnesota","27","2020","2020","Male","M","White","2106-3",330,2344924,14.1,12.6,15.6
,"Minnesota","27","2021","2021","Female","F","Black or African American","2054-5",15,206557,7.3,4.1,12.0
,"Minnesota","27","2021","2021","Female","F","White","2106-3",42,2363735,1.8,1.3,2.4
,"Minnesota","27","2021","2021","Male","M","American Indian or Alaska Native","1002-5",10,39783,25.1,12.1,46.2
,"Minnesota","27","2021","2021","Male","M","Asian","A",12,150556,8.0,4.1,13.9
,"Minnesota","27","2021","2021","Male","M","Black or African American","2054-5",104,217099,47.9,38.7,57.1
,"Minnesota","27","2021","2021","Male","M","White","2106-3",350,2371891,14.8,13.2,16.3
,"Minnesota","27","2022","2022","Female","F","Black or African American","2054-5",11,212877,5.2,2.6,9.2
,"Minnesota","27","2022","2022","Female","F","White","2106-3",63,2352115,2.7,2.1,3.4
,"Minnesota","27","2022","2022","Male","M","American Indian or Alaska Native","1002-5",14,39804,35.2,19.2,59.0
,"Minnesota","27","2022","2022","Male","M","Asian","A",13,154212,8.4,4.5,14.4
,"Minnesota","27","2022","2022","Male","M","Black or African American","2054-5",89,224456,39.7,31.8,48.8
,"Minnesota","27","2022","2022","Male","M","White","2106-3",352,2369931,14.9,13.3,16.4
,"Minnesota","27","2023","2023","Female","F","Black or African American","2054-5",10,220359,4.5,2.2,8.3
,"Minnesota","27","2023","2023","Female","F","White","2106-3",45,2355367,1.9,1.4,2.6
,"Minnesota","27","2023","2023","Male","M","American Indian or Alaska Native","1002-5",13,40930,31.8,16.9,54.3
,"Minnesota","27","2023","2023","Male","M","Asian","A",13,155196,8.4,4.5,14.3
,"Minnesota","27","2023","2023","Male","M","Black or African American","2054-5",84,230128,36.5,29.1,45.2
,"Minnesota","27","2023","2023","Male","M","White","2106-3",341,2364284,14.4,12.9,16.0
,"Minnesota","27","2024 ","2024","Female","F","White","2106-3",67,2358409,2.8,2.2,3.6
,"Minnesota","27","2024 ","2024","Male","M","American Indian or Alaska Native","1002-5",11,42342,26.0,13.0,46.5
,"Minnesota","27","2024 ","2024","Male","M","Black or African American","2054-5",92,242780,37.9,30.5,46.5
,"Minnesota","27","2024 ","2024","Male","M","White","2106-3",371,2365489,15.7,14.1,17.3
,"Mississippi","28","2018","2018","Female","F","Black or African American","2054-5",45,598454,7.5,5.5,10.1
,"Mississippi","28","2018","2018","Female","F","White","2106-3",73,893567,8.2,6.4,10.3
,"Mississippi","28","2018","2018","Male","M","Black or African American","2054-5",269,530458,50.7,44.7,56.8
,"Mississippi","28","2018","2018","Male","M","White","2106-3",279,872734,32.0,28.2,35.7
,"Mississippi","28","2019","2019","Female","F","Black or African American","2054-5",47,596226,7.9,5.8,10.5
,"Mississippi","28","2019","2019","Female","F","White","2106-3",67,889704,7.5,5.8,9.6
,"Mississippi","28","2019","2019","Male","M","Black or African American","2054-5",302,528333,57.2,50.7,63.6
,"Mississippi","28","2019","2019","Male","M","White","2106-3",280,868377,32.2,28.5,36.0
,"Mississippi","28","2020","2020","Female","F","Black or African American","2054-5",57,596524,9.6,7.2,12.4
,"Mississippi","28","2020","2020","Female","F","White","2106-3",67,885918,7.6,5.9,9.6
,"Mississippi","28","2020","2020","Male","M","Black or African American","2054-5",407,527389,77.2,69.7,84.7
,"Mississippi","28","2020","2020","Male","M","White","2106-3",278,862474,32.2,28.4,36.0
,"Mississippi","28","2021","2021","Female","F","Black or African American","2054-5",84,592086,14.2,11.3,17.6
,"Mississippi","28","2021","2021","Female","F","White","2106-3",75,873235,8.6,6.8,10.8
,"Mississippi","28","2021","2021","Male","M","Black or African American","2054-5",487,527537,92.3,84.1,100.5
,"Mississippi","28","2021","2021","Male","M","White","2106-3",303,860756,35.2,31.2,39.2
,"Mississippi","28","2022","2022","Female","F","Black or African American","2054-5",71,587665,12.1,9.4,15.2
,"Mississippi","28","2022","2022","Female","F","White","2106-3",74,872341,8.5,6.7,10.6
,"Mississippi","28","2022","2022","Male","M","Black or African American","2054-5",415,522868,79.4,71.7,87.0
,"Mississippi","28","2022","2022","Male","M","White","2106-3",274,857350,32.0,28.2,35.7
,"Mississippi","28","2023","2023","Female","F","Black or African American","2054-5",60,589485,10.2,7.8,13.1
,"Mississippi","28","2023","2023","Female","F","White","2106-3",60,872201,6.9,5.2,8.9
,"Mississippi","28","2023","2023","Male","M","Black or African American","2054-5",422,522199,80.8,73.1,88.5
,"Mississippi","28","2023","2023","Male","M","White","2106-3",292,854281,34.2,30.3,38.1
,"Mississippi","28","2024 ","2024","Female","F","Black or African American","2054-5",62,590603,10.5,8.0,13.5
,"Mississippi","28","2024 ","2024","Female","F","White","2106-3",58,872671,6.6,5.0,8.6
,"Mississippi","28","2024 ","2024","Male","M","Black or African American","2054-5",413,519711,79.5,71.8,87.1
,"Mississippi","28","2024 ","2024","Male","M","White","2106-3",266,853010,31.2,27.4,34.9
,"Missouri","29","2018","2018","Female","F","Black or African American","2054-5",55,379842,14.5,10.9,18.8
,"Missouri","29","2018","2018","Female","F","White","2106-3",160,2576191,6.2,5.2,7.2
,"Missouri","29","2018","2018","Male","M","Black or African American","2054-5",355,344687,103.0,92.3,113.7
,"Missouri","29","2018","2018","Male","M","White","2106-3",706,2506380,28.2,26.1,30.2
,"Missouri","29","2019","2019","Female","F","Black or African American","2054-5",72,380087,18.9,14.8,23.9
,"Missouri","29","2019","2019","Female","F","White","2106-3",118,2578739,4.6,3.8,5.4
,"Missouri","29","2019","2019","Male","M","Black or African American","2054-5",376,345492,108.8,97.8,119.8
,"Missouri","29","2019","2019","Male","M","White","2106-3",658,2507449,26.2,24.2,28.2
,"Missouri","29","2020","2020","Female","F","Black or African American","2054-5",78,380821,20.5,16.2,25.6
,"Missouri","29","2020","2020","Female","F","White","2106-3",135,2581848,5.2,4.3,6.1
,"Missouri","29","2020","2020","Male","M","Black or African American","2054-5",478,344474,138.8,126.3,151.2
,"Missouri","29","2020","2020","Male","M","White","2106-3",697,2507717,27.8,25.7,29.9
,"Missouri","29","2021","2021","Female","F","Black or African American","2054-5",72,380125,18.9,14.8,23.9
,"Missouri","29","2021","2021","Female","F","White","2106-3",118,2568360,4.6,3.8,5.4
,"Missouri","29","2021","2021","Male","M","Black or African American","2054-5",445,346940,128.3,116.3,140.2
,"Missouri","29","2021","2021","Male","M","White","2106-3",746,2527567,29.5,27.4,31.6
,"Missouri","29","2022","2022","Female","F","Black or African American","2054-5",70,378673,18.5,14.4,23.4
,"Missouri","29","2022","2022","Female","F","White","2106-3",155,2563852,6.0,5.1,7.0
,"Missouri","29","2022","2022","Male","M","Black or African American","2054-5",433,346644,124.9,113.1,136.7
,"Missouri","29","2022","2022","Male","M","White","2106-3",794,2531773,31.4,29.2,33.5
,"Missouri","29","2023","2023","Female","F","Black or African American","2054-5",60,379829,15.8,12.1,20.3
,"Missouri","29","2023","2023","Female","F","White","2106-3",129,2573369,5.0,4.1,5.9
,"Missouri","29","2023","2023","Male","M","Black or African American","2054-5",379,345625,109.7,98.6,120.7
,"Missouri","29","2023","2023","Male","M","White","2106-3",714,2531614,28.2,26.1,30.3
,"Missouri","29","2024 ","2024","Female","F","Black or African American","2054-5",46,383875,12.0,8.8,16.0
,"Missouri","29","2024 ","2024","Female","F","White","2106-3",110,2584398,4.3,3.5,5.1
,"Missouri","29","2024 ","2024","Male","M","Black or African American","2054-5",333,348795,95.5,85.2,105.7
,"Missouri","29","2024 ","2024","Male","M","White","2106-3",712,2540814,28.0,26.0,30.1
,"Montana","30","2018","2018","Female","F","White","2106-3",24,468726,5.1,3.3,7.6
,"Montana","30","2018","2018","Male","M","American Indian or Alaska Native","1002-5",11,35027,31.4,15.7,56.2
,"Montana","30","2018","2018","Male","M","White","2106-3",139,476406,29.2,24.3,34.0
,"Montana","30","2019","2019","Female","F","White","2106-3",34,471016,7.2,5.0,10.1
,"Montana","30","2019","2019","Male","M","White","2106-3",147,479195,30.7,25.7,35.6
,"Montana","30","2020","2020","Female","F","White","2106-3",27,475631,5.7,3.7,8.3
,"Montana","30","2020","2020","Male","M","American Indian or Alaska Native","1002-5",19,35148,54.1,32.5,84.4
,"Montana","30","2020","2020","Male","M","White","2106-3",170,484147,35.1,29.8,40.4
,"Montana","30","2021","2021","Female","F","White","2106-3",33,482552,6.8,4.7,9.6
,"Montana","30","2021","2021","Male","M","American Indian or Alaska Native","1002-5",26,36005,72.2,47.2,105.8
,"Montana","30","2021","2021","Male","M","White","2106-3",211,497463,42.4,36.7,48.1
,"Montana","30","2022","2022","Female","F","White","2106-3",25,489481,5.1,3.3,7.5
,"Montana","30","2022","2022","Male","M","American Indian or Alaska Native","1002-5",22,36181,60.8,38.1,92.1
,"Montana","30","2022","2022","Male","M","White","2106-3",207,506698,40.9,35.3,46.4
,"Montana","30","2023","2023","Female","F","White","2106-3",35,494481,7.1,4.9,9.8
,"Montana","30","2023","2023","Male","M","American Indian or Alaska Native","1002-5",18,36340,49.5,29.4,78.3
,"Montana","30","2023","2023","Male","M","White","2106-3",169,510418,33.1,28.1,38.1
,"Montana","30","2024 ","2024","Female","F","White","2106-3",32,496284,6.4,4.4,9.1
,"Montana","30","2024 ","2024","Male","M","American Indian or Alaska Native","1002-5",21,36290,57.9,35.8,88.5
,"Montana","30","2024 ","2024","Male","M","White","2106-3",174,512015,34.0,28.9,39.0
,"Nebraska","31","2018","2018","Female","F","White","2106-3",17,854032,2.0,1.2,3.2
,"Nebraska","31","2018","2018","Male","M","Black or African American","2054-5",10,51088,19.6,9.4,36.0
,"Nebraska","31","2018","2018","Male","M","White","2106-3",146,849414,17.2,14.4,20.0
,"Nebraska","31","2019","2019","Female","F","White","2106-3",18,853980,2.1,1.2,3.3
,"Nebraska","31","2019","2019","Male","M","Black or African American","2054-5",20,52034,38.4,23.5,59.4
,"Nebraska","31","2019","2019","Male","M","White","2106-3",154,850149,18.1,15.3,21.0
,"Nebraska","31","2020","2020","Female","F","White","2106-3",12,852980,1.4,0.7,2.5
,"Nebraska","31","2020","2020","Male","M","Black or African American","2054-5",23,52868,43.5,27.6,65.3
,"Nebraska","31","2020","2020","Male","M","White","2106-3",151,848836,17.8,15.0,20.6
,"Nebraska","31","2021","2021","Female","F","White","2106-3",22,857581,2.6,1.6,3.9
,"Nebraska","31","2021","2021","Male","M","Black or African American","2054-5",24,54357,44.2,28.3,65.7
,"Nebraska","31","2021","2021","Male","M","White","2106-3",142,864303,16.4,13.7,19.1
,"Nebraska","31","2022","2022","Female","F","White","2106-3",27,855990,3.2,2.1,4.6
,"Nebraska","31","2022","2022","Male","M","Black or African American","2054-5",18,54880,32.8,19.4,51.8
,"Nebraska","31","2022","2022","Male","M","White","2106-3",179,865893,20.7,17.6,23.7
,"Nebraska","31","2023","2023","Female","F","White","2106-3",23,859370,2.7,1.7,4.0
,"Nebraska","31","2023","2023","Male","M","Black or African American","2054-5",17,56230,30.2,17.6,48.4
,"Nebraska","31","2023","2023","Male","M","White","2106-3",159,866819,18.3,15.5,21.2
,"Nebraska","31","2024 ","2024","Female","F","White","2106-3",15,863677,1.7,1.0,2.9
,"Nebraska","31","2024 ","2024","Male","M","Black or African American","2054-5",26,59154,44.0,28.7,64.4
,"Nebraska","31","2024 ","2024","Male","M","White","2106-3",167,871442,19.2,16.3,22.1
,"Nevada","32","2018","2018","Female","F","Black or African American","2054-5",12,154523,7.8,4.0,13.6
,"Nevada","32","2018","2018","Female","F","White","2106-3",80,1106880,7.2,5.7,9.0
,"Nevada","32","2018","2018","Male","M","Asian","A",16,118981,13.4,7.7,21.8
,"Nevada","32","2018","2018","Male","M","Black or African American","2054-5",66,151325,43.6,33.7,55.5
,"Nevada","32","2018","2018","Male","M","White","2106-3",342,1146831,29.8,26.7,33.0
,"Nevada","32","2019","2019","Female","F","White","2106-3",61,1118349,5.5,4.2,7.0
,"Nevada","32","2019","2019","Male","M","Asian","A",12,121088,9.9,5.1,17.3
,"Nevada","32","2019","2019","Male","M","Black or African American","2054-5",47,156266,30.1,22.1,40.0
,"Nevada","32","2019","2019","Male","M","White","2106-3",328,1159203,28.3,25.2,31.4
,"Nevada","32","2020","2020","Female","F","Black or African American","2054-5",13,166253,7.8,4.2,13.4
,"Nevada","32","2020","2020","Female","F","White","2106-3",53,1128394,4.7,3.5,6.1
,"Nevada","32","2020","2020","Male","M","Asian","A",10,127219,7.9,3.8,14.5
,"Nevada","32","2020","2020","Male","M","Black or African American","2054-5",72,162298,44.4,34.7,55.9
,"Nevada","32","2020","2020","Male","M","White","2106-3",352,1168510,30.1,27.0,33.3
,"Nevada","32","2021","2021","Female","F","Black or African American","2054-5",20,168386,11.9,7.3,18.3
,"Nevada","32","2021","2021","Female","F","White","2106-3",67,1117225,6.0,4.6,7.6
,"Nevada","32","2021","2021","Male","M","Asian","A",12,130035,9.2,4.8,16.1
,"Nevada","32","2021","2021","Male","M","Black or African American","2054-5",110,166069,66.2,53.9,78.6
,"Nevada","32","2021","2021","Male","M","White","2106-3",397,1170220,33.9,30.6,37.3
,"Nevada","32","2022","2022","Female","F","Black or African American","2054-5",17,173280,9.8,5.7,15.7
,"Nevada","32","2022","2022","Female","F","White","2106-3",88,1116111,7.9,6.3,9.7
,"Nevada","32","2022","2022","Male","M","Asian","A",22,137024,16.1,10.1,24.3
,"Nevada","32","2022","2022","Male","M","Black or African American","2054-5",76,171077,44.4,35.0,55.6
,"Nevada","32","2022","2022","Male","M","White","2106-3",381,1174103,32.5,29.2,35.7
,"Nevada","32","2023","2023","Female","F","Black or African American","2054-5",12,177038,6.8,3.5,11.8
,"Nevada","32","2023","2023","Female","F","White","2106-3",91,1115626,8.2,6.6,10.0
,"Nevada","32","2023","2023","Male","M","Asian","A",12,141608,8.5,4.4,14.8
,"Nevada","32","2023","2023","Male","M","Black or African American","2054-5",84,174308,48.2,38.4,59.7
,"Nevada","32","2023","2023","Male","M","White","2106-3",382,1167901,32.7,29.4,36.0
,"Nevada","32","2024 ","2024","Female","F","Black or African American","2054-5",12,180967,6.6,3.4,11.6
,"Nevada","32","2024 ","2024","Female","F","White","2106-3",77,1129672,6.8,5.4,8.5
,"Nevada","32","2024 ","2024","Male","M","Asian","A",14,153188,9.1,5.0,15.3
,"Nevada","32","2024 ","2024","Male","M","Black or African American","2054-5",81,179789,45.1,35.8,56.0
,"Nevada","32","2024 ","2024","Male","M","White","2106-3",370,1182118,31.3,28.1,34.5
,"New Hampshire","33","2018","2018","Female","F","White","2106-3",21,639123,3.3,2.0,5.0
,"New Hampshire","33","2018","2018","Male","M","White","2106-3",128,625094,20.5,16.9,24.0
,"New Hampshire","33","2019","2019","Female","F","White","2106-3",20,640231,3.1,1.9,4.8
,"New Hampshire","33","2019","2019","Male","M","White","2106-3",129,625866,20.6,17.1,24.2
,"New Hampshire","33","2020","2020","Female","F","White","2106-3",27,641832,4.2,2.8,6.1
,"New Hampshire","33","2020","2020","Male","M","White","2106-3",93,627593,14.8,12.0,18.2
,"New Hampshire","33","2021","2021","Female","F","White","2106-3",14,646917,2.2,1.2,3.6
,"New Hampshire","33","2021","2021","Male","M","White","2106-3",103,641732,16.1,13.0,19.2
,"New Hampshire","33","2022","2022","Female","F","White","2106-3",20,646856,3.1,1.9,4.8
,"New Hampshire","33","2022","2022","Male","M","White","2106-3",128,644557,19.9,16.4,23.3
,"New Hampshire","33","2023","2023","Female","F","White","2106-3",20,651403,3.1,1.9,4.7
,"New Hampshire","33","2023","2023","Male","M","White","2106-3",115,645828,17.8,14.6,21.1
,"New Hampshire","33","2024 ","2024","Female","F","White","2106-3",19,652928,2.9,1.8,4.5
,"New Hampshire","33","2024 ","2024","Male","M","White","2106-3",124,647340,19.2,15.8,22.5
,"New Jersey","34","2018","2018","Female","F","Black or African American","2054-5",15,701557,2.1,1.2,3.5
,"New Jersey","34","2018","2018","Female","F","White","2106-3",23,3264821,0.7,0.4,1.1
,"New Jersey","34","2018","2018","Male","M","Black or African American","2054-5",164,636197,25.8,21.8,29.7
,"New Jersey","34","2018","2018","Male","M","White","2106-3",209,3151526,6.6,5.7,7.5
,"New Jersey","34","2019","2019","Female","F","Black or African American","2054-5",10,701170,1.4,0.7,2.6
,"New Jersey","34","2019","2019","Female","F","White","2106-3",25,3250089,0.8,0.5,1.1
,"New Jersey","34","2019","2019","Male","M","Black or African American","2054-5",158,636287,24.8,21.0,28.7
,"New Jersey","34","2019","2019","Male","M","White","2106-3",170,3138715,5.4,4.6,6.2
,"New Jersey","34","2020","2020","Female","F","Black or African American","2054-5",19,708427,2.7,1.6,4.2
,"New Jersey","34","2020","2020","Female","F","White","2106-3",26,3225899,0.8,0.5,1.2
,"New Jersey","34","2020","2020","Male","M","Black or African American","2054-5",192,644310,29.8,25.6,34.0
,"New Jersey","34","2020","2020","Male","M","White","2106-3",194,3116792,6.2,5.3,7.1
,"New Jersey","34","2021","2021","Female","F","Black or African American","2054-5",20,739129,2.7,1.7,4.2
,"New Jersey","34","2021","2021","Female","F","White","2106-3",24,3330418,0.7,0.5,1.1
,"New Jersey","34","2021","2021","Male","M","Black or African American","2054-5",206,680672,30.3,26.1,34.4
,"New Jersey","34","2021","2021","Male","M","White","2106-3",211,3263128,6.5,5.6,7.3
,"New Jersey","34","2022","2022","Female","F","Black or African American","2054-5",17,745341,2.3,1.3,3.7
,"New Jersey","34","2022","2022","Female","F","White","2106-3",28,3302811,0.8,0.6,1.2
,"New Jersey","34","2022","2022","Male","M","Black or African American","2054-5",175,684523,25.6,21.8,29.4
,"New Jersey","34","2022","2022","Male","M","White","2106-3",236,3246958,7.3,6.3,8.2
,"New Jersey","34","2023","2023","Female","F","Black or African American","2054-5",17,752911,2.3,1.3,3.6
,"New Jersey","34","2023","2023","Female","F","White","2106-3",29,3302462,0.9,0.6,1.3
,"New Jersey","34","2023","2023","Male","M","Black or African American","2054-5",147,689989,21.3,17.9,24.7
,"New Jersey","34","2023","2023","Male","M","White","2106-3",220,3238520,6.8,5.9,7.7
,"New Jersey","34","2024 ","2024","Female","F","Black or African American","2054-5",12,771654,1.6,0.8,2.7
,"New Jersey","34","2024 ","2024","Female","F","White","2106-3",28,3337955,0.8,0.6,1.2
,"New Jersey","34","2024 ","2024","Male","M","Black or African American","2054-5",126,710289,17.7,14.6,20.8
,"New Jersey","34","2024 ","2024","Male","M","White","2106-3",217,3274764,6.6,5.7,7.5
,"New Mexico","35","2018","2018","Female","F","White","2106-3",58,867615,6.7,5.1,8.6
,"New Mexico","35","2018","2018","Male","M","American Indian or Alaska Native","1002-5",27,111131,24.3,16.0,35.3
,"New Mexico","35","2018","2018","Male","M","Black or African American","2054-5",19,29402,64.6,38.9,100.9
,"New Mexico","35","2018","2018","Male","M","White","2106-3",305,851286,35.8,31.8,39.8
,"New Mexico","35","2019","2019","Female","F","White","2106-3",65,866751,7.5,5.8,9.6
,"New Mexico","35","2019","2019","Male","M","American Indian or Alaska Native","1002-5",24,111553,21.5,13.8,32.0
,"New Mexico","35","2019","2019","Male","M","Black or African American","2054-5",20,30057,66.5,40.6,102.8
,"New Mexico","35","2019","2019","Male","M","White","2106-3",335,849905,39.4,35.2,43.6
,"New Mexico","35","2020","2020","Female","F","White","2106-3",65,866589,7.5,5.8,9.6
,"New Mexico","35","2020","2020","Male","M","American Indian or Alaska Native","1002-5",29,113069,25.6,17.2,36.8
,"New Mexico","35","2020","2020","Male","M","Black or African American","2054-5",21,30975,67.8,42.0,103.6
,"New Mexico","35","2020","2020","Male","M","White","2106-3",343,850131,40.3,36.1,44.6
,"New Mexico","35","2021","2021","Female","F","White","2106-3",70,863671,8.1,6.3,10.2
,"New Mexico","35","2021","2021","Male","M","American Indian or Alaska Native","1002-5",41,115213,35.6,25.5,48.3
,"New Mexico","35","2021","2021","Male","M","Black or African American","2054-5",23,31550,72.9,46.2,109.4
,"New Mexico","35","2021","2021","Male","M","White","2106-3",398,856944,46.4,41.9,51.0
,"New Mexico","35","2022","2022","Female","F","White","2106-3",76,859442,8.8,7.0,11.1
,"New Mexico","35","2022","2022","Male","M","American Indian or Alaska Native","1002-5",49,115223,42.5,31.5,56.2
,"New Mexico","35","2022","2022","Male","M","Black or African American","2054-5",11,31717,34.7,17.3,62.1
,"New Mexico","35","2022","2022","Male","M","White","2106-3",379,855409,44.3,39.8,48.8
,"New Mexico","35","2023","2023","Female","F","White","2106-3",64,857086,7.5,5.8,9.5
,"New Mexico","35","2023","2023","Male","M","American Indian or Alaska Native","1002-5",41,116838,35.1,25.2,47.6
,"New Mexico","35","2023","2023","Male","M","Black or African American","2054-5",16,32832,48.7,27.9,79.1
,"New Mexico","35","2023","2023","Male","M","White","2106-3",373,849799,43.9,39.4,48.3
,"New Mexico","35","2024 ","2024","Female","F","White","2106-3",68,860105,7.9,6.1,10.0
,"New Mexico","35","2024 ","2024","Male","M","American Indian or Alaska Native","1002-5",41,117835,34.8,25.0,47.2
,"New Mexico","35","2024 ","2024","Male","M","Black or African American","2054-5",17,33669,50.5,29.4,80.8
,"New Mexico","35","2024 ","2024","Male","M","White","2106-3",391,855034,45.7,41.2,50.3
,"New York","36","2018","2018","Female","F","Black or African American","2054-5",23,1836083,1.3,0.8,1.9
,"New York","36","2018","2018","Female","F","White","2106-3",64,6932682,0.9,0.7,1.2
,"New York","36","2018","2018","Male","M","Black or African American","2054-5",229,1611646,14.2,12.4,16.0
,"New York","36","2018","2018","Male","M","White","2106-3",483,6687249,7.2,6.6,7.9
,"New York","36","2019","2019","Female","F","Black or African American","2054-5",18,1820673,1.0,0.6,1.6
,"New York","36","2019","2019","Female","F","White","2106-3",53,6894707,0.8,0.6,1.0
,"New York","36","2019","2019","Male","M","Asian","A",17,836249,2.0,1.2,3.3
,"New York","36","2019","2019","Male","M","Black or African American","2054-5",230,1600450,14.4,12.5,16.2
,"New York","36","2019","2019","Male","M","White","2106-3",464,6652069,7.0,6.3,7.6
,"New York","36","2020","2020","Female","F","Black or African American","2054-5",33,1812511,1.8,1.3,2.6
,"New York","36","2020","2020","Female","F","White","2106-3",49,6820849,0.7,0.5,0.9
,"New York","36","2020","2020","Male","M","Black or African American","2054-5",399,1598133,25.0,22.5,27.4
,"New York","36","2020","2020","Male","M","White","2106-3",532,6575131,8.1,7.4,8.8
,"New York","36","2021","2021","Female","F","Black or African American","2054-5",36,1848057,1.9,1.4,2.7
,"New York","36","2021","2021","Female","F","White","2106-3",48,6936730,0.7,0.5,0.9
,"New York","36","2021","2021","Male","M","Asian","A",14,886018,1.6,0.9,2.7
,"New York","36","2021","2021","Male","M","Black or African American","2054-5",438,1651174,26.5,24.0,29.0
,"New York","36","2021","2021","Male","M","White","2106-3",510,6774597,7.5,6.9,8.2
,"New York","36","2022","2022","Female","F","Black or African American","2054-5",44,1845074,2.4,1.7,3.2
,"New York","36","2022","2022","Female","F","White","2106-3",52,6822123,0.8,0.6,1.0
,"New York","36","2022","2022","Male","M","Asian","A",12,910829,1.3,0.7,2.3
,"New York","36","2022","2022","Male","M","Black or African American","2054-5",367,1646458,22.3,20.0,24.6
,"New York","36","2022","2022","Male","M","White","2106-3",538,6679336,8.1,7.4,8.7
,"New York","36","2023","2023","Female","F","Black or African American","2054-5",31,1828829,1.7,1.2,2.4
,"New York","36","2023","2023","Female","F","White","2106-3",66,6787945,1.0,0.8,1.2
,"New York","36","2023","2023","Male","M","Asian","A",11,911966,1.2,0.6,2.2
,"New York","36","2023","2023","Male","M","Black or African American","2054-5",306,1628628,18.8,16.7,20.9
,"New York","36","2023","2023","Male","M","White","2106-3",495,6620847,7.5,6.8,8.1
,"New York","36","2024 ","2024","Female","F","Black or African American","2054-5",23,1865054,1.2,0.8,1.9
,"New York","36","2024 ","2024","Female","F","White","2106-3",58,6822392,0.9,0.6,1.1
,"New York","36","2024 ","2024","Male","M","Asian","A",14,957386,1.5,0.8,2.5
,"New York","36","2024 ","2024","Male","M","Black or African American","2054-5",247,1669075,14.8,13.0,16.6
,"New York","36","2024 ","2024","Male","M","White","2106-3",520,6661889,7.8,7.1,8.5
,"North Carolina","37","2018","2018","Female","F","Black or African American","2054-5",53,1226256,4.3,3.2,5.7
,"North Carolina","37","2018","2018","Female","F","White","2106-3",165,3726479,4.4,3.8,5.1
,"North Carolina","37","2018","2018","Male","M","American Indian or Alaska Native","1002-5",23,80831,28.5,18.0,42.7
,"North Carolina","37","2018","2018","Male","M","Black or African American","2054-5",357,1080541,33.0,29.6,36.5
,"North Carolina","37","2018","2018","Male","M","White","2106-3",778,3607932,21.6,20.0,23.1
,"North Carolina","37","2019","2019","Female","F","Black or African American","2054-5",54,1239449,4.4,3.3,5.7
,"North Carolina","37","2019","2019","Female","F","White","2106-3",139,3760766,3.7,3.1,4.3
,"North Carolina","37","2019","2019","Male","M","American Indian or Alaska Native","1002-5",17,81914,20.8,12.1,33.2
,"North Carolina","37","2019","2019","Male","M","Black or African American","2054-5",432,1091114,39.6,35.9,43.3
,"North Carolina","37","2019","2019","Male","M","White","2106-3",715,3638721,19.6,18.2,21.1
,"North Carolina","37","2020","2020","Female","F","Black or African American","2054-5",71,1254357,5.7,4.4,7.1
,"North Carolina","37","2020","2020","Female","F","White","2106-3",172,3788223,4.5,3.9,5.2
,"North Carolina","37","2020","2020","Male","M","American Indian or Alaska Native","1002-5",23,83213,27.6,17.5,41.5
,"North Carolina","37","2020","2020","Male","M","Asian","A",16,172011,9.3,5.3,15.1
,"North Carolina","37","2020","2020","Male","M","Black or African American","2054-5",537,1103269,48.7,44.6,52.8
,"North Carolina","37","2020","2020","Male","M","White","2106-3",832,3661025,22.7,21.2,24.3
,"North Carolina","37","2021","2021","Female","F","Black or African American","2054-5",91,1244659,7.3,5.9,9.0
,"North Carolina","37","2021","2021","Female","F","White","2106-3",173,3737922,4.6,3.9,5.3
,"North Carolina","37","2021","2021","Male","M","American Indian or Alaska Native","1002-5",32,83713,38.2,26.1,54.0
,"North Carolina","37","2021","2021","Male","M","Asian","A",12,175548,6.8,3.5,11.9
,"North Carolina","37","2021","2021","Male","M","Black or African American","2054-5",618,1105072,55.9,51.5,60.3
,"North Carolina","37","2021","2021","Male","M","White","2106-3",868,3654312,23.8,22.2,25.3
,"North Carolina","37","2022","2022","Female","F","Black or African American","2054-5",101,1253532,8.1,6.5,9.6
,"North Carolina","37","2022","2022","Female","F","White","2106-3",183,3776153,4.8,4.1,5.5
,"North Carolina","37","2022","2022","Male","M","American Indian or Alaska Native","1002-5",35,82434,42.5,29.6,59.0
,"North Carolina","37","2022","2022","Male","M","Asian","A",12,188428,6.4,3.3,11.1
,"North Carolina","37","2022","2022","Male","M","Black or African American","2054-5",584,1120344,52.1,47.9,56.4
,"North Carolina","37","2022","2022","Male","M","White","2106-3",867,3704140,23.4,21.8,25.0
,"North Carolina","37","2023","2023","Female","F","Black or African American","2054-5",84,1266281,6.6,5.3,8.2
,"North Carolina","37","2023","2023","Female","F","White","2106-3",157,3825385,4.1,3.5,4.7
,"North Carolina","37","2023","2023","Male","M","American Indian or Alaska Native","1002-5",36,85552,42.1,29.5,58.3
,"North Carolina","37","2023","2023","Male","M","Asian","A",13,196087,6.6,3.5,11.3
,"North Carolina","37","2023","2023","Male","M","Black or African American","2054-5",546,1126136,48.5,44.4,52.6
,"North Carolina","37","2023","2023","Male","M","White","2106-3",916,3739141,24.5,22.9,26.1
,"North Carolina","37","2024 ","2024","Female","F","Black or African American","2054-5",92,1284839,7.2,5.8,8.8
,"North Carolina","37","2024 ","2024","Female","F","White","2106-3",180,3885952,4.6,4.0,5.3
,"North Carolina","37","2024 ","2024","Male","M","American Indian or Alaska Native","1002-5",34,89020,38.2,26.5,53.4
,"North Carolina","37","2024 ","2024","Male","M","Asian","A",10,216712,4.6,2.2,8.5
,"North Carolina","37","2024 ","2024","Male","M","Black or African American","2054-5",524,1140192,46.0,42.0,49.9
,"North Carolina","37","2024 ","2024","Male","M","White","2106-3",943,3791318,24.9,23.3,26.5
,"North Dakota","38","2018","2018","Female","F","White","2106-3",12,323506,3.7,1.9,6.5
,"North Dakota","38","2018","2018","Male","M","White","2106-3",65,338043,19.2,14.8,24.5
,"North Dakota","38","2019","2019","Female","F","White","2106-3",12,323977,3.7,1.9,6.5
,"North Dakota","38","2019","2019","Male","M","White","2106-3",74,338578,21.9,17.2,27.4
,"North Dakota","38","2020","2020","Female","F","White","2106-3",10,324642,3.1,1.5,5.7
,"North Dakota","38","2020","2020","Male","M","White","2106-3",67,339257,19.7,15.3,25.1
,"North Dakota","38","2021","2021","Female","F","White","2106-3",15,326859,4.6,2.6,7.6
,"North Dakota","38","2021","2021","Male","M","White","2106-3",94,344805,27.3,22.0,33.4
,"North Dakota","38","2022","2022","Female","F","White","2106-3",12,328528,3.7,1.9,6.4
,"North Dakota","38","2022","2022","Male","M","White","2106-3",103,346557,29.7,24.0,35.5
,"North Dakota","38","2023","2023","Female","F","White","2106-3",11,330284,3.3,1.7,6.0
,"North Dakota","38","2023","2023","Male","M","White","2106-3",76,347411,21.9,17.2,27.4
,"North Dakota","38","2024 ","2024","Male","M","White","2106-3",72,350236,20.6,16.1,25.9
,"Ohio","39","2018","2018","Female","F","Black or African American","2054-5",57,790221,7.2,5.5,9.3
,"Ohio","39","2018","2018","Female","F","White","2106-3",169,4862927,3.5,3.0,4.0
,"Ohio","39","2018","2018","Male","M","Black or African American","2054-5",390,727778,53.6,48.3,58.9
,"Ohio","39","2018","2018","Male","M","White","2106-3",913,4708595,19.4,18.1,20.6
,"Ohio","39","2019","2019","Female","F","Black or African American","2054-5",45,794361,5.7,4.1,7.6
,"Ohio","39","2019","2019","Female","F","White","2106-3",164,4853217,3.4,2.9,3.9
,"Ohio","39","2019","2019","Male","M","Asian","A",12,141089,8.5,4.4,14.9
,"Ohio","39","2019","2019","Male","M","Black or African American","2054-5",429,731209,58.7,53.1,64.2
,"Ohio","39","2019","2019","Male","M","White","2106-3",902,4699519,19.2,17.9,20.4
,"Ohio","39","2020","2020","Female","F","Black or African American","2054-5",95,799739,11.9,9.6,14.5
,"Ohio","39","2020","2020","Female","F","White","2106-3",145,4835737,3.0,2.5,3.5
,"Ohio","39","2020","2020","Male","M","Black or African American","2054-5",620,736256,84.2,77.6,90.8
,"Ohio","39","2020","2020","Male","M","White","2106-3",879,4682216,18.8,17.5,20.0
,"Ohio","39","2021","2021","Female","F","Black or African American","2054-5",116,807842,14.4,11.7,17.0
,"Ohio","39","2021","2021","Female","F","White","2106-3",174,4825706,3.6,3.1,4.1
,"Ohio","39","2021","2021","Male","M","Asian","A",12,152278,7.9,4.1,13.8
,"Ohio","39","2021","2021","Male","M","Black or African American","2054-5",642,752404,85.3,78.7,91.9
,"Ohio","39","2021","2021","Male","M","White","2106-3",937,4734636,19.8,18.5,21.1
,"Ohio","39","2022","2022","Female","F","Black or African American","2054-5",92,810398,11.4,9.2,13.9
,"Ohio","39","2022","2022","Female","F","White","2106-3",161,4792222,3.4,2.8,3.9
,"Ohio","39","2022","2022","Male","M","Black or African American","2054-5",569,755578,75.3,69.1,81.5
,"Ohio","39","2022","2022","Male","M","White","2106-3",967,4717723,20.5,19.2,21.8
,"Ohio","39","2023","2023","Female","F","Black or African American","2054-5",101,820464,12.3,9.9,14.7
,"Ohio","39","2023","2023","Female","F","White","2106-3",168,4798065,3.5,3.0,4.0
,"Ohio","39","2023","2023","Male","M","Asian","A",11,161181,6.8,3.4,12.2
,"Ohio","39","2023","2023","Male","M","Black or African American","2054-5",521,761713,68.4,62.5,74.3
,"Ohio","39","2023","2023","Male","M","White","2106-3",937,4704879,19.9,18.6,21.2
,"Ohio","39","2024 ","2024","Female","F","Black or African American","2054-5",78,834321,9.3,7.4,11.7
,"Ohio","39","2024 ","2024","Female","F","White","2106-3",169,4806319,3.5,3.0,4.0
,"Ohio","39","2024 ","2024","Male","M","Asian","A",10,177782,5.6,2.7,10.3
,"Ohio","39","2024 ","2024","Male","M","Black or African American","2054-5",452,776392,58.2,52.9,63.6
,"Ohio","39","2024 ","2024","Male","M","White","2106-3",988,4715139,21.0,19.6,22.3
,"Oklahoma","40","2018","2018","Female","F","American Indian or Alaska Native","1002-5",10,185742,5.4,2.6,9.9
,"Oklahoma","40","2018","2018","Female","F","Black or African American","2054-5",11,152855,7.2,3.6,12.9
,"Oklahoma","40","2018","2018","Female","F","White","2106-3",79,1474578,5.4,4.2,6.7
,"Oklahoma","40","2018","2018","Male","M","American Indian or Alaska Native","1002-5",39,181301,21.5,15.3,29.4
,"Oklahoma","40","2018","2018","Male","M","Black or African American","2054-5",75,154035,48.7,38.3,61.0
,"Oklahoma","40","2018","2018","Male","M","White","2106-3",409,1449787,28.2,25.5,30.9
,"Oklahoma","40","2019","2019","Female","F","American Indian or Alaska Native","1002-5",11,187694,5.9,2.9,10.5
,"Oklahoma","40","2019","2019","Female","F","Black or African American","2054-5",10,153164,6.5,3.1,12.0
,"Oklahoma","40","2019","2019","Female","F","White","2106-3",85,1475700,5.8,4.6,7.1
,"Oklahoma","40","2019","2019","Male","M","American Indian or Alaska Native","1002-5",39,183410,21.3,15.1,29.1
,"Oklahoma","40","2019","2019","Male","M","Black or African American","2054-5",107,154655,69.2,56.1,82.3
,"Oklahoma","40","2019","2019","Male","M","White","2106-3",448,1451654,30.9,28.0,33.7
,"Oklahoma","40","2020","2020","Female","F","American Indian or Alaska Native","1002-5",10,193317,5.2,2.5,9.5
,"Oklahoma","40","2020","2020","Female","F","Black or African American","2054-5",14,154280,9.1,5.0,15.2
,"Oklahoma","40","2020","2020","Female","F","White","2106-3",98,1476246,6.6,5.4,8.1
,"Oklahoma","40","2020","2020","Male","M","American Indian or Alaska Native","1002-5",70,188837,37.1,28.9,46.8
,"Oklahoma","40","2020","2020","Male","M","Black or African American","2054-5",98,155928,62.8,51.0,76.6
,"Oklahoma","40","2020","2020","Male","M","White","2106-3",501,1449548,34.6,31.5,37.6
,"Oklahoma","40","2021","2021","Female","F","American Indian or Alaska Native","1002-5",11,194845,5.6,2.8,10.1
,"Oklahoma","40","2021","2021","Female","F","Black or African American","2054-5",20,154977,12.9,7.9,19.9
,"Oklahoma","40","2021","2021","Female","F","White","2106-3",103,1463599,7.0,5.7,8.4
,"Oklahoma","40","2021","2021","Male","M","American Indian or Alaska Native","1002-5",89,191765,46.4,37.3,57.1
,"Oklahoma","40","2021","2021","Male","M","Black or African American","2054-5",96,157892,60.8,49.2,74.2
,"Oklahoma","40","2021","2021","Male","M","White","2106-3",474,1453761,32.6,29.7,35.5
,"Oklahoma","40","2022","2022","Female","F","American Indian or Alaska Native","1002-5",14,192160,7.3,4.0,12.2
,"Oklahoma","40","2022","2022","Female","F","White","2106-3",94,1470905,6.4,5.2,7.8
,"Oklahoma","40","2022","2022","Male","M","American Indian or Alaska Native","1002-5",79,190478,41.5,32.8,51.7
,"Oklahoma","40","2022","2022","Male","M","Black or African American","2054-5",97,161139,60.2,48.8,73.4
,"Oklahoma","40","2022","2022","Male","M","White","2106-3",460,1465217,31.4,28.5,34.3
,"Oklahoma","40","2023","2023","Female","F","American Indian or Alaska Native","1002-5",20,195010,10.3,6.3,15.8
,"Oklahoma","40","2023","2023","Female","F","Black or African American","2054-5",11,159008,6.9,3.5,12.4
,"Oklahoma","40","2023","2023","Female","F","White","2106-3",101,1483237,6.8,5.5,8.1
,"Oklahoma","40","2023","2023","Male","M","American Indian or Alaska Native","1002-5",59,191885,30.7,23.4,39.7
,"Oklahoma","40","2023","2023","Male","M","Black or African American","2054-5",80,162319,49.3,39.1,61.3
,"Oklahoma","40","2023","2023","Male","M","White","2106-3",495,1470995,33.7,30.7,36.6
,"Oklahoma","40","2024 ","2024","Female","F","American Indian or Alaska Native","1002-5",10,197156,5.1,2.4,9.3
,"Oklahoma","40","2024 ","2024","Female","F","Black or African American","2054-5",12,160776,7.5,3.9,13.0
,"Oklahoma","40","2024 ","2024","Female","F","White","2106-3",95,1492323,6.4,5.2,7.8
,"Oklahoma","40","2024 ","2024","Male","M","American Indian or Alaska Native","1002-5",58,194047,29.9,22.7,38.6
,"Oklahoma","40","2024 ","2024","Male","M","Asian","A",11,54458,20.2,10.1,36.1
,"Oklahoma","40","2024 ","2024","Male","M","Black or African American","2054-5",75,164410,45.6,35.9,57.2
,"Oklahoma","40","2024 ","2024","Male","M","White","2106-3",492,1480943,33.2,30.3,36.2
,"Oregon","41","2018","2018","Female","F","White","2106-3",77,1832790,4.2,3.3,5.3
,"Oregon","41","2018","2018","Male","M","Black or African American","2054-5",14,50024,28.0,15.3,47.0
,"Oregon","41","2018","2018","Male","M","White","2106-3",392,1803136,21.7,19.6,23.9
,"Oregon","41","2019","2019","Female","F","White","2106-3",82,1842750,4.4,3.5,5.5
,"Oregon","41","2019","2019","Male","M","Black or African American","2054-5",11,50531,21.8,10.9,39.0
,"Oregon","41","2019","2019","Male","M","White","2106-3",432,1812386,23.8,21.6,26.1
,"Oregon","41","2020","2020","Female","F","White","2106-3",74,1847670,4.0,3.1,5.0
,"Oregon","41","2020","2020","Male","M","Black or African American","2054-5",25,51379,48.7,31.5,71.8
,"Oregon","41","2020","2020","Male","M","White","2106-3",449,1816682,24.7,22.4,27.0
,"Oregon","41","2021","2021","Female","F","White","2106-3",94,1834283,5.1,4.1,6.3
,"Oregon","41","2021","2021","Male","M","Black or African American","2054-5",33,52446,62.9,43.3,88.4
,"Oregon","41","2021","2021","Male","M","White","2106-3",495,1825313,27.1,24.7,29.5
,"Oregon","41","2022","2022","Female","F","White","2106-3",85,1822335,4.7,3.7,5.8
,"Oregon","41","2022","2022","Male","M","Black or African American","2054-5",43,54089,79.5,57.5,107.1
,"Oregon","41","2022","2022","Male","M","White","2106-3",474,1818050,26.1,23.7,28.4
,"Oregon","41","2023","2023","Female","F","White","2106-3",81,1819156,4.5,3.5,5.5
,"Oregon","41","2023","2023","Male","M","American Indian or Alaska Native","1002-5",11,41420,26.6,13.3,47.5
,"Oregon","41","2023","2023","Male","M","Black or African American","2054-5",34,55179,61.6,42.7,86.1
,"Oregon","41","2023","2023","Male","M","White","2106-3",470,1805109,26.0,23.7,28.4
,"Oregon","41","2024 ","2024","Female","F","White","2106-3",78,1821541,4.3,3.4,5.3
,"Oregon","41","2024 ","2024","Male","M","Black or African American","2054-5",22,58260,37.8,23.7,57.2
,"Oregon","41","2024 ","2024","Male","M","White","2106-3",509,1806606,28.2,25.7,30.6
,"Pennsylvania","42","2018","2018","Female","F","Black or African American","2054-5",47,792031,5.9,4.4,7.9
,"Pennsylvania","42","2018","2018","Female","F","White","2106-3",159,5329817,3.0,2.5,3.4
,"Pennsylvania","42","2018","2018","Male","M","Asian","A",15,228442,6.6,3.7,10.8
,"Pennsylvania","42","2018","2018","Male","M","Black or African American","2054-5",410,739426,55.4,50.1,60.8
,"Pennsylvania","42","2018","2018","Male","M","White","2106-3",994,5146268,19.3,18.1,20.5
,"Pennsylvania","42","2019","2019","Female","F","Black or African American","2054-5",41,795984,5.2,3.7,7.0
,"Pennsylvania","42","2019","2019","Female","F","White","2106-3",134,5314026,2.5,2.1,2.9
,"Pennsylvania","42","2019","2019","Male","M","Black or African American","2054-5",416,744108,55.9,50.5,61.3
,"Pennsylvania","42","2019","2019","Male","M","White","2106-3",917,5133036,17.9,16.7,19.0
,"Pennsylvania","42","2020","2020","Female","F","Black or African American","2054-5",50,801735,6.2,4.6,8.2
,"Pennsylvania","42","2020","2020","Female","F","White","2106-3",145,5283815,2.7,2.3,3.2
,"Pennsylvania","42","2020","2020","Male","M","Asian","A",12,239811,5.0,2.6,8.7
,"Pennsylvania","42","2020","2020","Male","M","Black or African American","2054-5",598,750178,79.7,73.3,86.1
,"Pennsylvania","42","2020","2020","Male","M","White","2106-3",912,5104751,17.9,16.7,19.0
,"Pennsylvania","42","2021","2021","Female","F","Black or African American","2054-5",89,814563,10.9,8.8,13.4
,"Pennsylvania","42","2021","2021","Female","F","White","2106-3",153,5304359,2.9,2.4,3.3
,"Pennsylvania","42","2021","2021","Male","M","Asian","A",15,249759,6.0,3.4,9.9
,"Pennsylvania","42","2021","2021","Male","M","Black or African American","2054-5",619,771668,80.2,73.9,86.5
,"Pennsylvania","42","2021","2021","Male","M","White","2106-3",999,5198023,19.2,18.0,20.4
,"Pennsylvania","42","2022","2022","Female","F","Black or African American","2054-5",61,816847,7.5,5.7,9.6
,"Pennsylvania","42","2022","2022","Female","F","White","2106-3",172,5287919,3.3,2.8,3.7
,"Pennsylvania","42","2022","2022","Male","M","Asian","A",17,260527,6.5,3.8,10.4
,"Pennsylvania","42","2022","2022","Male","M","Black or African American","2054-5",641,765604,83.7,77.2,90.2
,"Pennsylvania","42","2022","2022","Male","M","White","2106-3",1011,5191715,19.5,18.3,20.7
,"Pennsylvania","42","2023","2023","Female","F","Black or African American","2054-5",56,820560,6.8,5.2,8.9
,"Pennsylvania","42","2023","2023","Female","F","White","2106-3",163,5277197,3.1,2.6,3.6
,"Pennsylvania","42","2023","2023","Male","M","Asian","A",20,264280,7.6,4.6,11.7
,"Pennsylvania","42","2023","2023","Male","M","Black or African American","2054-5",497,767960,64.7,59.0,70.4
,"Pennsylvania","42","2023","2023","Male","M","White","2106-3",1040,5164211,20.1,18.9,21.4
,"Pennsylvania","42","2024 ","2024","Female","F","Black or African American","2054-5",47,835554,5.6,4.1,7.5
,"Pennsylvania","42","2024 ","2024","Female","F","White","2106-3",163,5285690,3.1,2.6,3.6
,"Pennsylvania","42","2024 ","2024","Male","M","Asian","A",12,285429,4.2,2.2,7.3
,"Pennsylvania","42","2024 ","2024","Male","M","Black or African American","2054-5",349,784164,44.5,39.8,49.2
,"Pennsylvania","42","2024 ","2024","Male","M","White","2106-3",1013,5174607,19.6,18.4,20.8
,"Rhode Island","44","2018","2018","Male","M","White","2106-3",27,430758,6.3,4.1,9.1
,"Rhode Island","44","2019","2019","Male","M","White","2106-3",36,430104,8.4,5.9,11.6
,"Rhode Island","44","2020","2020","Male","M","White","2106-3",40,427530,9.4,6.7,12.7
,"Rhode Island","44","2021","2021","Male","M","Black or African American","2054-5",10,48521,20.6,9.9,37.9
,"Rhode Island","44","2021","2021","Male","M","White","2106-3",42,444980,9.4,6.8,12.8
,"Rhode Island","44","2022","2022","Male","M","White","2106-3",24,443083,5.4,3.5,8.1
,"Rhode Island","44","2023","2023","Female","F","White","2106-3",10,461369,2.2,1.0,4.0
,"Rhode Island","44","2023","2023","Male","M","White","2106-3",39,441859,8.8,6.3,12.1
,"Rhode Island","44","2024 ","2024","Male","M","White","2106-3",40,443939,9.0,6.4,12.3
,"South Carolina","45","2018","2018","Female","F","Black or African American","2054-5",40,734758,5.4,3.9,7.4
,"South Carolina","45","2018","2018","Female","F","White","2106-3",101,1772835,5.7,4.6,6.8
,"South Carolina","45","2018","2018","Male","M","Black or African American","2054-5",290,645387,44.9,39.8,50.1
,"South Carolina","45","2018","2018","Male","M","White","2106-3",451,1710620,26.4,23.9,28.8
,"South Carolina","45","2019","2019","Female","F","Black or African American","2054-5",45,739753,6.1,4.4,8.1
,"South Carolina","45","2019","2019","Female","F","White","2106-3",109,1798450,6.1,4.9,7.2
,"South Carolina","45","2019","2019","Male","M","Black or African American","2054-5",356,648264,54.9,49.2,60.6
,"South Carolina","45","2019","2019","Male","M","White","2106-3",477,1733598,27.5,25.0,30.0
,"South Carolina","45","2020","2020","Female","F","Black or African American","2054-5",50,747159,6.7,5.0,8.8
,"South Carolina","45","2020","2020","Female","F","White","2106-3",103,1824170,5.6,4.6,6.7
,"South Carolina","45","2020","2020","Male","M","Black or African American","2054-5",441,651680,67.7,61.4,74.0
,"South Carolina","45","2020","2020","Male","M","White","2106-3",516,1754719,29.4,26.9,31.9
,"South Carolina","45","2021","2021","Female","F","Black or African American","2054-5",68,735723,9.2,7.2,11.7
,"South Carolina","45","2021","2021","Female","F","White","2106-3",104,1805535,5.8,4.7,6.9
,"South Carolina","45","2021","2021","Male","M","Black or African American","2054-5",421,647704,65.0,58.8,71.2
,"South Carolina","45","2021","2021","Male","M","White","2106-3",529,1756067,30.1,27.6,32.7
,"South Carolina","45","2022","2022","Female","F","Black or African American","2054-5",59,736318,8.0,6.1,10.3
,"South Carolina","45","2022","2022","Female","F","White","2106-3",123,1842348,6.7,5.5,7.9
,"South Carolina","45","2022","2022","Male","M","Black or African American","2054-5",398,650623,61.2,55.2,67.2
,"South Carolina","45","2022","2022","Male","M","White","2106-3",493,1795431,27.5,25.0,29.9
,"South Carolina","45","2023","2023","Female","F","Black or African American","2054-5",56,741847,7.5,5.7,9.8
,"South Carolina","45","2023","2023","Female","F","White","2106-3",97,1882431,5.2,4.2,6.3
,"South Carolina","45","2023","2023","Male","M","Black or African American","2054-5",375,652955,57.4,51.6,63.2
,"South Carolina","45","2023","2023","Male","M","White","2106-3",465,1826152,25.5,23.1,27.8
,"South Carolina","45","2024 ","2024","Female","F","Black or African American","2054-5",54,749640,7.2,5.4,9.4
,"South Carolina","45","2024 ","2024","Female","F","White","2106-3",120,1919530,6.3,5.1,7.4
,"South Carolina","45","2024 ","2024","Male","M","Black or African American","2054-5",347,658175,52.7,47.2,58.3
,"South Carolina","45","2024 ","2024","Male","M","White","2106-3",527,1861436,28.3,25.9,30.7
,"South Dakota","46","2018","2018","Female","F","White","2106-3",11,369140,3.0,1.5,5.3
,"South Dakota","46","2018","2018","Male","M","American Indian or Alaska Native","1002-5",12,39312,30.5,15.8,53.3
,"South Dakota","46","2018","2018","Male","M","White","2106-3",80,375593,21.3,16.9,26.5
,"South Dakota","46","2019","2019","Male","M","White","2106-3",89,377169,23.6,19.0,29.0
,"South Dakota","46","2020","2020","Female","F","White","2106-3",11,373195,2.9,1.5,5.3
,"South Dakota","46","2020","2020","Male","M","American Indian or Alaska Native","1002-5",19,39600,48.0,28.9,74.9
,"South Dakota","46","2020","2020","Male","M","White","2106-3",73,379487,19.2,15.1,24.2
,"South Dakota","46","2021","2021","Female","F","White","2106-3",13,370894,3.5,1.9,6.0
,"South Dakota","46","2021","2021","Male","M","American Indian or Alaska Native","1002-5",22,39892,55.1,34.6,83.5
,"South Dakota","46","2021","2021","Male","M","White","2106-3",82,382648,21.4,17.0,26.6
,"South Dakota","46","2022","2022","Female","F","White","2106-3",17,376856,4.5,2.6,7.2
,"South Dakota","46","2022","2022","Male","M","American Indian or Alaska Native","1002-5",27,38700,69.8,46.0,101.5
,"South Dakota","46","2022","2022","Male","M","White","2106-3",81,389613,20.8,16.5,25.8
,"South Dakota","46","2023","2023","Male","M","American Indian or Alaska Native","1002-5",19,39031,48.7,29.3,76.0
,"South Dakota","46","2023","2023","Male","M","White","2106-3",75,393343,19.1,15.0,23.9
,"South Dakota","46","2024 ","2024","Female","F","White","2106-3",18,381894,4.7,2.8,7.4
,"South Dakota","46","2024 ","2024","Male","M","American Indian or Alaska Native","1002-5",19,39173,48.5,29.2,75.7
,"South Dakota","46","2024 ","2024","Male","M","White","2106-3",102,395653,25.8,20.8,30.8
,"Tennessee","47","2018","2018","Female","F","Black or African American","2054-5",52,608977,8.5,6.4,11.2
,"Tennessee","47","2018","2018","Female","F","White","2106-3",148,2704886,5.5,4.6,6.4
,"Tennessee","47","2018","2018","Male","M","Black or African American","2054-5",348,546654,63.7,57.0,70.3
,"Tennessee","47","2018","2018","Male","M","White","2106-3",648,2610386,24.8,22.9,26.7
,"Tennessee","47","2019","2019","Female","F","Black or African American","2054-5",44,614245,7.2,5.2,9.6
,"Tennessee","47","2019","2019","Female","F","White","2106-3",172,2723907,6.3,5.4,7.3
,"Tennessee","47","2019","2019","Male","M","Asian","A",11,63592,17.3,8.6,31.0
,"Tennessee","47","2019","2019","Male","M","Black or African American","2054-5",336,550216,61.1,54.5,67.6
,"Tennessee","47","2019","2019","Male","M","White","2106-3",682,2630498,25.9,24.0,27.9
,"Tennessee","47","2020","2020","Female","F","Black or African American","2054-5",56,619048,9.0,6.8,11.7
,"Tennessee","47","2020","2020","Female","F","White","2106-3",161,2745760,5.9,5.0,6.8
,"Tennessee","47","2020","2020","Male","M","Black or African American","2054-5",474,553098,85.7,78.0,93.4
,"Tennessee","47","2020","2020","Male","M","White","2106-3",746,2647701,28.2,26.2,30.2
,"Tennessee","47","2021","2021","Female","F","Black or African American","2054-5",94,622717,15.1,12.2,18.5
,"Tennessee","47","2021","2021","Female","F","White","2106-3",184,2763089,6.7,5.7,7.6
,"Tennessee","47","2021","2021","Male","M","Black or African American","2054-5",497,561324,88.5,80.8,96.3
,"Tennessee","47","2021","2021","Male","M","White","2106-3",770,2694798,28.6,26.6,30.6
,"Tennessee","47","2022","2022","Female","F","Black or African American","2054-5",72,621315,11.6,9.1,14.6
,"Tennessee","47","2022","2022","Female","F","White","2106-3",146,2790328,5.2,4.4,6.1
,"Tennessee","47","2022","2022","Male","M","Asian","A",10,70387,14.2,6.8,26.1
,"Tennessee","47","2022","2022","Male","M","Black or African American","2054-5",429,559549,76.7,69.4,83.9
,"Tennessee","47","2022","2022","Male","M","White","2106-3",798,2731073,29.2,27.2,31.2
,"Tennessee","47","2023","2023","Female","F","Black or African American","2054-5",76,621156,12.2,9.6,15.3
,"Tennessee","47","2023","2023","Female","F","White","2106-3",183,2825383,6.5,5.5,7.4
,"Tennessee","47","2023","2023","Male","M","Black or African American","2054-5",490,556440,88.1,80.3,95.9
,"Tennessee","47","2023","2023","Male","M","White","2106-3",811,2759347,29.4,27.4,31.4
,"Tennessee","47","2024 ","2024","Female","F","Black or African American","2054-5",71,625910,11.3,8.9,14.3
,"Tennessee","47","2024 ","2024","Female","F","White","2106-3",164,2858102,5.7,4.9,6.6
,"Tennessee","47","2024 ","2024","Male","M","Black or African American","2054-5",428,561414,76.2,69.0,83.5
,"Tennessee","47","2024 ","2024","Male","M","White","2106-3",751,2791670,26.9,25.0,28.8
,"Texas","48","2018","2018","Female","F","Black or African American","2054-5",90,1894409,4.8,3.8,5.8
,"Texas","48","2018","2018","Female","F","White","2106-3",451,11327589,4.0,3.6,4.3
,"Texas","48","2018","2018","Male","M","American Indian or Alaska Native","1002-5",10,149113,6.7,3.2,12.3
,"Texas","48","2018","2018","Male","M","Asian","A",67,722887,9.3,7.2,11.8
,"Texas","48","2018","2018","Male","M","Black or African American","2054-5",549,1779446,30.9,28.3,33.4
,"Texas","48","2018","2018","Male","M","White","2106-3",2298,11297278,20.3,19.5,21.2
,"Texas","48","2019","2019","Female","F","Asian","A",12,776139,1.5,0.8,2.7
,"Texas","48","2019","2019","Female","F","Black or African American","2054-5",70,1929490,3.6,2.8,4.6
,"Texas","48","2019","2019","Female","F","White","2106-3",472,11419748,4.1,3.8,4.5
,"Texas","48","2019","2019","Male","M","Asian","A",48,734331,6.5,4.8,8.7
,"Texas","48","2019","2019","Male","M","Black or African American","2054-5",644,1809731,35.6,32.8,38.3
,"Texas","48","2019","2019","Male","M","White","2106-3",2339,11386382,20.5,19.7,21.4
,"Texas","48","2020","2020","Female","F","Black or African American","2054-5",124,1983954,6.3,5.2,7.4
,"Texas","48","2020","2020","Female","F","White","2106-3",510,11499060,4.4,4.1,4.8
,"Texas","48","2020","2020","Male","M","Asian","A",60,772307,7.8,5.9,10.0
,"Texas","48","2020","2020","Male","M","Black or African American","2054-5",844,1860299,45.4,42.3,48.4
,"Texas","48","2020","2020","Male","M","White","2106-3",2543,11458942,22.2,21.3,23.1
,"Texas","48","2021","2021","Female","F","Asian","A",13,824136,1.6,0.8,2.7
,"Texas","48","2021","2021","Female","F","Black or African American","2054-5",135,2002780,6.7,5.6,7.9
,"Texas","48","2021","2021","Female","F","White","2106-3",523,11466677,4.6,4.2,5.0
,"Texas","48","2021","2021","Male","M","Asian","A",62,792679,7.8,6.0,10.0
,"Texas","48","2021","2021","Male","M","Black or African American","2054-5",973,1892080,51.4,48.2,54.7
,"Texas","48","2021","2021","Male","M","White","2106-3",2834,11545573,24.5,23.6,25.4
,"Texas","48","2022","2022","Female","F","Asian","A",13,870153,1.5,0.8,2.6
,"Texas","48","2022","2022","Female","F","Black or African American","2054-5",140,2063985,6.8,5.7,7.9
,"Texas","48","2022","2022","Female","F","White","2106-3",547,11556385,4.7,4.3,5.1
,"Texas","48","2022","2022","Male","M","Asian","A",37,846522,4.4,3.1,6.0
,"Texas","48","2022","2022","Male","M","Black or African American","2054-5",889,1956787,45.4,42.4,48.4
,"Texas","48","2022","2022","Male","M","White","2106-3",2895,11685731,24.8,23.9,25.7
,"Texas","48","2023","2023","Female","F","Asian","A",24,922275,2.6,1.7,3.9
,"Texas","48","2023","2023","Female","F","Black or African American","2054-5",139,2140578,6.5,5.4,7.6
,"Texas","48","2023","2023","Female","F","White","2106-3",582,11684073,5.0,4.6,5.4
,"Texas","48","2023","2023","Male","M","American Indian or Alaska Native","1002-5",12,170395,7.0,3.6,12.3
,"Texas","48","2023","2023","Male","M","Asian","A",75,896927,8.4,6.6,10.5
,"Texas","48","2023","2023","Male","M","Black or African American","2054-5",778,2017207,38.6,35.9,41.3
,"Texas","48","2023","2023","Male","M","White","2106-3",2848,11751984,24.2,23.3,25.1
,"Texas","48","2024 ","2024","Female","F","Asian","A",16,1015044,1.6,0.9,2.6
,"Texas","48","2024 ","2024","Female","F","Black or African American","2054-5",167,2207040,7.6,6.4,8.7
,"Texas","48","2024 ","2024","Female","F","White","2106-3",491,11880685,4.1,3.8,4.5
,"Texas","48","2024 ","2024","Male","M","Asian","A",70,990735,7.1,5.5,8.9
,"Texas","48","2024 ","2024","Male","M","Black or African American","2054-5",731,2081937,35.1,32.6,37.7
,"Texas","48","2024 ","2024","Male","M","White","2106-3",2804,11960108,23.4,22.6,24.3
,"Utah","49","2018","2018","Female","F","White","2106-3",50,1423720,3.5,2.6,4.6
,"Utah","49","2018","2018","Male","M","White","2106-3",302,1441914,20.9,18.6,23.3
,"Utah","49","2019","2019","Female","F","White","2106-3",53,1442385,3.7,2.8,4.8
,"Utah","49","2019","2019","Male","M","White","2106-3",301,1461747,20.6,18.3,22.9
,"Utah","49","2020","2020","Female","F","White","2106-3",57,1458831,3.9,3.0,5.1
,"Utah","49","2020","2020","Male","M","Black or African American","2054-5",10,27258,36.7,17.6,67.5
,"Utah","49","2020","2020","Male","M","White","2106-3",328,1479630,22.2,19.8,24.6
,"Utah","49","2021","2021","Female","F","White","2106-3",49,1488327,3.3,2.4,4.4
,"Utah","49","2021","2021","Male","M","White","2106-3",353,1524711,23.2,20.7,25.6
,"Utah","49","2022","2022","Female","F","White","2106-3",50,1498636,3.3,2.5,4.4
,"Utah","49","2022","2022","Male","M","White","2106-3",362,1544964,23.4,21.0,25.8
,"Utah","49","2023","2023","Female","F","White","2106-3",65,1514455,4.3,3.3,5.5
,"Utah","49","2023","2023","Male","M","White","2106-3",372,1554333,23.9,21.5,26.4
,"Utah","49","2024 ","2024","Female","F","White","2106-3",48,1541687,3.1,2.3,4.1
,"Utah","49","2024 ","2024","Male","M","Black or African American","2054-5",11,34478,31.9,15.9,57.1
,"Utah","49","2024 ","2024","Male","M","White","2106-3",349,1584274,22.0,19.7,24.3
,"Vermont","50","2018","2018","Female","F","White","2106-3",12,298854,4.0,2.1,7.0
,"Vermont","50","2018","2018","Male","M","White","2106-3",64,291132,22.0,16.9,28.1
,"Vermont","50","2019","2019","Male","M","White","2106-3",57,290404,19.6,14.9,25.4
,"Vermont","50","2020","2020","Male","M","White","2106-3",65,289536,22.4,17.3,28.6
,"Vermont","50","2021","2021","Male","M","White","2106-3",75,301476,24.9,19.6,31.2
,"Vermont","50","2022","2022","Male","M","White","2106-3",68,301812,22.5,17.5,28.6
,"Vermont","50","2023","2023","Female","F","White","2106-3",11,305571,3.6,1.8,6.4
,"Vermont","50","2023","2023","Male","M","White","2106-3",69,300593,23.0,17.9,29.1
,"Vermont","50","2024 ","2024","Male","M","White","2106-3",65,299591,21.7,16.7,27.7
,"Virginia","51","2018","2018","Female","F","Black or African American","2054-5",37,878465,4.2,3.0,5.8
,"Virginia","51","2018","2018","Female","F","White","2106-3",123,2979135,4.1,3.4,4.9
,"Virginia","51","2018","2018","Male","M","Asian","A",13,279113,4.7,2.5,8.0
,"Virginia","51","2018","2018","Male","M","Black or African American","2054-5",259,812802,31.9,28.0,35.7
,"Virginia","51","2018","2018","Male","M","White","2106-3",584,2939535,19.9,18.3,21.5
,"Virginia","51","2019","2019","Female","F","Black or African American","2054-5",30,881384,3.4,2.3,4.9
,"Virginia","51","2019","2019","Female","F","White","2106-3",125,2980335,4.2,3.5,4.9
,"Virginia","51","2019","2019","Male","M","Black or African American","2054-5",286,815527,35.1,31.0,39.1
,"Virginia","51","2019","2019","Male","M","White","2106-3",553,2942313,18.8,17.2,20.4
,"Virginia","51","2020","2020","Female","F","Black or African American","2054-5",47,889644,5.3,3.9,7.0
,"Virginia","51","2020","2020","Female","F","White","2106-3",122,2982964,4.1,3.4,4.8
,"Virginia","51","2020","2020","Male","M","Asian","A",14,289602,4.8,2.6,8.1
,"Virginia","51","2020","2020","Male","M","Black or African American","2054-5",373,823485,45.3,40.7,49.9
,"Virginia","51","2020","2020","Male","M","White","2106-3",596,2945153,20.2,18.6,21.9
,"Virginia","51","2021","2021","Female","F","Black or African American","2054-5",58,893529,6.5,4.9,8.4
,"Virginia","51","2021","2021","Female","F","White","2106-3",112,2972089,3.8,3.1,4.5
,"Virginia","51","2021","2021","Male","M","Asian","A",16,296411,5.4,3.1,8.8
,"Virginia","51","2021","2021","Male","M","Black or African American","2054-5",426,835907,51.0,46.1,55.8
,"Virginia","51","2021","2021","Male","M","White","2106-3",605,2970120,20.4,18.7,22.0
,"Virginia","51","2022","2022","Female","F","Black or African American","2054-5",56,897867,6.2,4.7,8.1
,"Virginia","51","2022","2022","Female","F","White","2106-3",108,2973601,3.6,2.9,4.3
,"Virginia","51","2022","2022","Male","M","Asian","A",19,304687,6.2,3.8,9.7
,"Virginia","51","2022","2022","Male","M","Black or African American","2054-5",471,840043,56.1,51.0,61.1
,"Virginia","51","2022","2022","Male","M","White","2106-3",625,2973731,21.0,19.4,22.7
,"Virginia","51","2023","2023","Female","F","Black or African American","2054-5",59,902774,6.5,5.0,8.4
,"Virginia","51","2023","2023","Female","F","White","2106-3",103,2983491,3.5,2.8,4.1
,"Virginia","51","2023","2023","Male","M","Asian","A",26,307041,8.5,5.5,12.4
,"Virginia","51","2023","2023","Male","M","Black or African American","2054-5",410,841599,48.7,44.0,53.4
,"Virginia","51","2023","2023","Male","M","White","2106-3",613,2971183,20.6,19.0,22.3
,"Virginia","51","2024 ","2024","Female","F","Black or African American","2054-5",40,910137,4.4,3.1,6.0
,"Virginia","51","2024 ","2024","Female","F","White","2106-3",115,3001816,3.8,3.1,4.5
,"Virginia","51","2024 ","2024","Male","M","Asian","A",21,320722,6.5,4.1,10.0
,"Virginia","51","2024 ","2024","Male","M","Black or African American","2054-5",362,849489,42.6,38.2,47.0
,"Virginia","51","2024 ","2024","Male","M","White","2106-3",582,2985231,19.5,17.9,21.1
,"Washington","53","2018","2018","Female","F","White","2106-3",99,2963532,3.3,2.7,4.1
,"Washington","53","2018","2018","Male","M","American Indian or Alaska Native","1002-5",20,73242,27.3,16.7,42.2
,"Washington","53","2018","2018","Male","M","Asian","A",13,332021,3.9,2.1,6.7
,"Washington","53","2018","2018","Male","M","Black or African American","2054-5",44,173535,25.4,18.4,34.0
,"Washington","53","2018","2018","Male","M","White","2106-3",565,2981392,19.0,17.4,20.5
,"Washington","53","2019","2019","Female","F","White","2106-3",109,2978918,3.7,3.0,4.3
,"Washington","53","2019","2019","Male","M","American Indian or Alaska Native","1002-5",12,74471,16.1,8.3,28.1
,"Washington","53","2019","2019","Male","M","Asian","A",19,344066,5.5,3.3,8.6
,"Washington","53","2019","2019","Male","M","Black or African American","2054-5",49,179227,27.3,20.2,36.1
,"Washington","53","2019","2019","Male","M","White","2106-3",586,2998778,19.5,18.0,21.1
,"Washington","53","2020","2020","Female","F","White","2106-3",101,2985778,3.4,2.7,4.0
,"Washington","53","2020","2020","Male","M","American Indian or Alaska Native","1002-5",15,75721,19.8,11.1,32.7
,"Washington","53","2020","2020","Male","M","Asian","A",22,359299,6.1,3.8,9.3
,"Washington","53","2020","2020","Male","M","Black or African American","2054-5",67,184599,36.3,28.1,46.1
,"Washington","53","2020","2020","Male","M","White","2106-3",586,3006550,19.5,17.9,21.1
,"Washington","53","2021","2021","Female","F","Black or African American","2054-5",11,158576,6.9,3.5,12.4
,"Washington","53","2021","2021","Female","F","White","2106-3",84,2969514,2.8,2.3,3.5
,"Washington","53","2021","2021","Male","M","American Indian or Alaska Native","1002-5",12,77573,15.5,8.0,27.0
,"Washington","53","2021","2021","Male","M","Asian","A",23,370423,6.2,3.9,9.3
,"Washington","53","2021","2021","Male","M","Black or African American","2054-5",80,189594,42.2,33.5,52.5
,"Washington","53","2021","2021","Male","M","Native Hawaiian or Other Pacific Islander","NHOPI",12,31897,37.6,19.4,65.7
,"Washington","53","2021","2021","Male","M","White","2106-3",613,3026411,20.3,18.7,21.9
,"Washington","53","2022","2022","Female","F","Black or African American","2054-5",12,162942,7.4,3.8,12.9
,"Washington","53","2022","2022","Female","F","White","2106-3",103,2958573,3.5,2.8,4.2
,"Washington","53","2022","2022","Male","M","American Indian or Alaska Native","1002-5",14,78201,17.9,9.8,30.0
,"Washington","53","2022","2022","Male","M","Asian","A",30,391149,7.7,5.2,10.9
,"Washington","53","2022","2022","Male","M","Black or African American","2054-5",86,194488,44.2,35.4,54.6
,"Washington","53","2022","2022","Male","M","Native Hawaiian or Other Pacific Islander","NHOPI",16,33337,48.0,27.4,77.9
,"Washington","53","2022","2022","Male","M","White","2106-3",684,3023733,22.6,20.9,24.3
,"Washington","53","2023","2023","Female","F","Black or African American","2054-5",12,167089,7.2,3.7,12.5
,"Washington","53","2023","2023","Female","F","White","2106-3",123,2955295,4.2,3.4,4.9
,"Washington","53","2023","2023","Male","M","American Indian or Alaska Native","1002-5",18,79716,22.6,13.4,35.7
,"Washington","53","2023","2023","Male","M","Asian","A",21,403352,5.2,3.2,8.0
,"Washington","53","2023","2023","Male","M","Black or African American","2054-5",93,197558,47.1,38.0,57.7
,"Washington","53","2023","2023","Male","M","Native Hawaiian or Other Pacific Islander","NHOPI",18,34353,52.4,31.1,82.8
,"Washington","53","2023","2023","Male","M","White","2106-3",691,3007930,23.0,21.3,24.7
,"Washington","53","2024 ","2024","Female","F","Black or African American","2054-5",14,175745,8.0,4.4,13.4
,"Washington","53","2024 ","2024","Female","F","White","2106-3",107,2971250,3.6,2.9,4.3
,"Washington","53","2024 ","2024","Male","M","American Indian or Alaska Native","1002-5",15,83203,18.0,10.1,29.7
,"Washington","53","2024 ","2024","Male","M","Asian","A",19,438579,4.3,2.6,6.8
,"Washington","53","2024 ","2024","Male","M","Black or African American","2054-5",58,204694,28.3,21.5,36.6
,"Washington","53","2024 ","2024","Male","M","Native Hawaiian or Other Pacific Islander","NHOPI",11,36559,30.1,15.0,53.8
,"Washington","53","2024 ","2024","Male","M","White","2106-3",617,3026136,20.4,18.8,22.0
,"West Virginia","54","2018","2018","Female","F","White","2106-3",59,855197,6.9,5.3,8.9
,"West Virginia","54","2018","2018","Male","M","Black or African American","2054-5",16,35439,45.1,25.8,73.3
,"West Virginia","54","2018","2018","Male","M","White","2106-3",260,832796,31.2,27.4,35.0
,"West Virginia","54","2019","2019","Female","F","White","2106-3",50,848475,5.9,4.4,7.8
,"West Virginia","54","2019","2019","Male","M","Black or African American","2054-5",12,35072,34.2,17.7,59.8
,"West Virginia","54","2019","2019","Male","M","White","2106-3",223,826647,27.0,23.4,30.5
,"West Virginia","54","2020","2020","Female","F","White","2106-3",50,843417,5.9,4.4,7.8
,"West Virginia","54","2020","2020","Male","M","Black or African American","2054-5",17,35476,47.9,27.9,76.7
,"West Virginia","54","2020","2020","Male","M","White","2106-3",250,821623,30.4,26.7,34.2
,"West Virginia","54","2021","2021","Female","F","White","2106-3",45,835531,5.4,3.9,7.2
,"West Virginia","54","2021","2021","Male","M","Black or African American","2054-5",19,36216,52.5,31.6,81.9
,"West Virginia","54","2021","2021","Male","M","White","2106-3",247,824841,29.9,26.2,33.7
,"West Virginia","54","2022","2022","Female","F","White","2106-3",33,828188,4.0,2.7,5.6
,"West Virginia","54","2022","2022","Male","M","Black or African American","2054-5",21,36072,58.2,36.0,89.0
,"West Virginia","54","2022","2022","Male","M","White","2106-3",249,819846,30.4,26.6,34.1
,"West Virginia","54","2023","2023","Female","F","White","2106-3",47,825862,5.7,4.2,7.6
,"West Virginia","54","2023","2023","Male","M","Black or African American","2054-5",15,36837,40.7,22.8,67.2
,"West Virginia","54","2023","2023","Male","M","White","2106-3",245,817043,30.0,26.2,33.7
,"West Virginia","54","2024 ","2024","Female","F","White","2106-3",43,823323,5.2,3.8,7.0
,"West Virginia","54","2024 ","2024","Male","M","Black or African American","2054-5",18,37554,47.9,28.4,75.8
,"West Virginia","54","2024 ","2024","Male","M","White","2106-3",210,814816,25.8,22.3,29.3
,"Wisconsin","55","2018","2018","Female","F","Black or African American","2054-5",12,197561,6.1,3.1,10.6
,"Wisconsin","55","2018","2018","Female","F","White","2106-3",40,2540845,1.6,1.1,2.1
,"Wisconsin","55","2018","2018","Male","M","Black or African American","2054-5",98,191486,51.2,41.5,62.4
,"Wisconsin","55","2018","2018","Male","M","White","2106-3",416,2522681,16.5,14.9,18.1
,"Wisconsin","55","2019","2019","Female","F","Black or African American","2054-5",16,198239,8.1,4.6,13.1
,"Wisconsin","55","2019","2019","Female","F","White","2106-3",65,2542676,2.6,2.0,3.3
,"Wisconsin","55","2019","2019","Male","M","Black or African American","2054-5",86,192304,44.7,35.8,55.2
,"Wisconsin","55","2019","2019","Male","M","White","2106-3",403,2525105,16.0,14.4,17.5
,"Wisconsin","55","2020","2020","Female","F","Black or African American","2054-5",34,199201,17.1,11.8,23.9
,"Wisconsin","55","2020","2020","Female","F","White","2106-3",48,2537327,1.9,1.4,2.5
,"Wisconsin","55","2020","2020","Male","M","Black or African American","2054-5",161,193916,83.0,70.2,95.9
,"Wisconsin","55","2020","2020","Male","M","White","2106-3",451,2521257,17.9,16.2,19.5
,"Wisconsin","55","2021","2021","Female","F","Black or African American","2054-5",30,200895,14.9,10.1,21.3
,"Wisconsin","55","2021","2021","Female","F","White","2106-3",79,2544449,3.1,2.5,3.9
,"Wisconsin","55","2021","2021","Male","M","Asian","A",13,91675,14.2,7.6,24.2
,"Wisconsin","55","2021","2021","Male","M","Black or African American","2054-5",212,197798,107.2,92.8,121.6
,"Wisconsin","55","2021","2021","Male","M","White","2106-3",434,2562326,16.9,15.3,18.5
,"Wisconsin","55","2022","2022","Female","F","Black or African American","2054-5",47,197962,23.7,17.4,31.6
,"Wisconsin","55","2022","2022","Female","F","White","2106-3",84,2539054,3.3,2.6,4.1
,"Wisconsin","55","2022","2022","Male","M","Black or African American","2054-5",209,192466,108.6,93.9,123.3
,"Wisconsin","55","2022","2022","Male","M","White","2106-3",454,2564701,17.7,16.1,19.3
,"Wisconsin","55","2023","2023","Female","F","Black or African American","2054-5",28,199133,14.1,9.3,20.3
,"Wisconsin","55","2023","2023","Female","F","White","2106-3",71,2546160,2.8,2.2,3.5
,"Wisconsin","55","2023","2023","Male","M","American Indian or Alaska Native","1002-5",12,36687,32.7,16.9,57.1
,"Wisconsin","55","2023","2023","Male","M","Black or African American","2054-5",159,193200,82.3,69.5,95.1
,"Wisconsin","55","2023","2023","Male","M","White","2106-3",472,2563677,18.4,16.8,20.1
,"Wisconsin","55","2024 ","2024","Female","F","Black or African American","2054-5",18,202347,8.9,5.3,14.1
,"Wisconsin","55","2024 ","2024","Female","F","White","2106-3",70,2556571,2.7,2.1,3.5
,"Wisconsin","55","2024 ","2024","Male","M","Black or African American","2054-5",137,196839,69.6,57.9,81.3
,"Wisconsin","55","2024 ","2024","Male","M","White","2106-3",479,2575954,18.6,16.9,20.3
,"Wyoming","56","2018","2018","Female","F","White","2106-3",26,262444,9.9,6.5,14.5
,"Wyoming","56","2018","2018","Male","M","White","2106-3",92,272499,33.8,27.2,41.4
,"Wyoming","56","2019","2019","Female","F","White","2106-3",18,262839,6.8,4.1,10.8
,"Wyoming","56","2019","2019","Male","M","White","2106-3",102,272532,37.4,30.2,44.7
,"Wyoming","56","2020","2020","Female","F","White","2106-3",18,264342,6.8,4.0,10.8
,"Wyoming","56","2020","2020","Male","M","White","2106-3",124,274177,45.2,37.3,53.2
,"Wyoming","56","2021","2021","Female","F","White","2106-3",23,261239,8.8,5.6,13.2
,"Wyoming","56","2021","2021","Male","M","White","2106-3",124,273430,45.3,37.4,53.3
,"Wyoming","56","2022","2022","Female","F","White","2106-3",10,261736,3.8,1.8,7.0
,"Wyoming","56","2022","2022","Male","M","White","2106-3",105,274837,38.2,30.9,45.5
,"Wyoming","56","2023","2023","Female","F","White","2106-3",14,263208,5.3,2.9,8.9
,"Wyoming","56","2023","2023","Male","M","White","2106-3",106,275780,38.4,31.1,45.8
,"Wyoming","56","2024 ","2024","Female","F","White","2106-3",14,264349,5.3,2.9,8.9
,"Wyoming","56","2024 ","2024","Male","M","White","2106-3",115,276647,41.6,34.0,49.2
"---"
"Dataset: Underlying Cause of Death, 2018-2024, Single Race"
"Query Parameters:"
"ICD-10 Codes: W32 (Handgun discharge); W33 (Rifle, shotgun and larger firearm discharge); W34 (Discharge from other and"
"unspecified firearms); X72 (Intentional self-harm by handgun discharge); X73 (Intentional self-harm by rifle, shotgun and larger"
"firearm discharge); X74 (Intentional self-harm by other and unspecified firearm discharge); X93 (Assault by handgun discharge);"
"X94 (Assault by rifle, shotgun and larger firearm discharge); X95 (Assault by other and unspecified firearm discharge); Y22"
"(Handgun discharge, undetermined intent); Y23 (Rifle, shotgun and larger firearm discharge, undetermined intent); Y24 (Other and"
"unspecified firearm discharge, undetermined intent)"
"Single Race 6: American Indian or Alaska Native; Asian; Black or African American; Native Hawaiian or Other Pacific Islander;"
"White"
"Group By: State; Year; Sex; Single Race 6"
"Show Totals: Disabled"
"Show Zero Values: False"
"Show Suppressed: False"
"Calculate Rates Per: 100,000"
"Rate Options: Default intercensal populations for years 2001-2009 (except Infant Age Groups)"
"---"
"Help: See http://wonder.cdc.gov/wonder/help/ucd-expanded.html for more information."
"---"
"Query Date: Apr 13, 2026 11:46:56 PM"
"---"
"Suggested Citation: Centers for Disease Control and Prevention, National Center for Health Statistics. National Vital Statistics"
"System, Mortality 2018-2024 on CDC WONDER Online Database, released in 2026. Data are from the Multiple Cause of Death Files,"
"2018-2024, as compiled from data provided by the 57 vital statistics jurisdictions through the Vital Statistics Cooperative"
"Program. Accessed at http://wonder.cdc.gov/ucd-icd10-expanded.html on Apr 13, 2026 11:46:56 PM"
"---"
Messages:
"1. Totals are not available for these results due to suppression constraints. More Information:"
"http://wonder.cdc.gov/wonder/help/faq.html#Privacy."
"2. Rows with zero Deaths are hidden. Use Quick Options above to show zero rows."
"3. Rows with suppressed Deaths are hidden. Use Quick Options above to show suppressed rows."
"---"
Caveats:
"1. Data are Suppressed when the data meet the criteria for confidentiality constraints. More information:"
"http://wonder.cdc.gov/wonder/help/ucd-expanded.html#Assurance of Confidentiality."
"2. The method used to calculate 95% confidence intervals is documented here: More information:"
"http://wonder.cdc.gov/wonder/help/ucd-expanded.html#Confidence-Intervals."
"3. The population figures for year 2024 are single-race estimates of the July 1 resident population, from the Vintage 2024"
"postcensal series released by the Census Bureau on June 27, 2024. The 2024 series is based on the Modified Blended Base produced"
"by the US Census Bureau in lieu of the April 1, 2020 decennial population count. The Modified Blended Base consists of the blend"
"of Vintage 2020 postcensal population estimates for April 1, 2020, 2020 Demographic Analysis Estimates, and 2020 Census data"
"from the internal Census Edited File (CEF). The population figures for year 2023 are single-race estimates of the July 1"
"resident population, from the Vintage 2023 postcensal series released by the Census Bureau on June 27, 2024. The 2023 series is"
"based on the Modified Blended Base produced by the US Census Bureau in lieu of the April 1, 2020 decennial population count. The"
"Modified Blended Base consists of the blend of Vintage 2020 postcensal population estimates for April 1, 2020, 2020 Demographic"
"Analysis Estimates, and 2020 Census data from the internal Census Edited File (CEF). The population figures for years 2022 are"
"single-race estimates of the July 1 resident population, from the Vintage 2022 postcensal series released by the Census Bureau"
"on June 22, 2023. The 2022 series is based on the Modified Blended Base produced by the US Census Bureau in lieu of the April 1,"
"2020 decennial population count. The Modified Blended Base consists of the blend of Vintage 2020 postcensal population estimates"
"for April 1, 2020, 2020 Demographic Analysis Estimates, and 2020 Census data from the internal Census Edited File (CEF). The"
"population figures for years 2021 are single-race estimates of the July 1 resident population, based on the Blended Base"
"produced by the US Census Bureau in lieu of the April 1, 2020 decennial population count, from the Vintage 2021 postcensal"
"series released by the Census Bureau on June 30, 2022. The population figures for year 2020 are single-race estimates of the"
"July 1 resident population, from the Vintage 2020 postcensal series based on April 2010 Census, released by the Census Bureau on"
"July 27, 2021. The population figures for year 2019 are single-race estimates of the July 1 resident population, from the"
"Vintage 2019 postcensal series based on April 2010 Census, released by the Census Bureau on June 25, 2020. The population"
"figures for year 2018 are single-race estimates of the July 1 resident population, from the Vintage 2018 postcensal series based"
"on April 2010 Census, released by the Census Bureau on June 20, 2019. More information:"
"http://wonder.cdc.gov/wonder/help/ucd-expanded.html#Population Data."
"4. The population figures used in the calculation of death rates for the age group 'under 1 year' are the estimates of the"
"resident population that is under one year of age. More information: http://wonder.cdc.gov/wonder/help/ucd-expanded.html#Age"
"Group."
"5. On March 11, 2021, the 2019 mortality data on CDC WONDER was updated with the 2019 mortality data updated by NCHS on March 4,"
"2021 to include corrected information for residents of Texas affecting 5 records previously coded to cause code *U01.4,"
"Terrorism involving firearms (homicide). The underlying and multiple cause of death codes for 5 records were corrected in the"
"2019 data. Underlying and multiple cause of death codes for those 5 records were recoded to Assault (homicide) by other and"
"unspecified firearm discharge, ICD-10 code X95. The corrected final death records replaces the data released on December 22,"
"2020."
"6. Connecticut population estimates for 2022 and later years are reported for 9 planning regions as county equivalent areas,"
"instead of the former 8 legacy counties in the Vintage 2022 postcensal series released by the Census Bureau on June 22, 2023,"
"and in the Vintage 2023 postcensal series released by the Census Bureau on June 27, 2024. Populations estimates for the former"
"counties are not available for 2022 and later years. More information:"
"http://wonder.cdc.gov/wonder/help/ucd-expanded.html#Connecticut-2022."
"7. After the creation of the final 2023 dataset, North Carolina updated the cause of death information for over 900 death"
"certificates to include a cause of death code indicating drug overdose (ICD-10 underlying cause-of-death codes: X40-X44,"
"X60-X64, X85, and Y10-Y14). Jurisdictions can continue to update death certificates after the closing of the mortality file. As"
"a result, users should consider that the actual death count for drug overdose deaths for North Carolina in 2023 is over 4,400"
"deaths, with a crude rate of approximately 41.0 per 100,000 population, and an age-adjusted rate of approximately 42.1 per"
"100,000 population. These deaths will not be updated on the final mortality datasets."
"8. Changes to cause of death classification affect reporting trends. More information:"
"http://wonder.cdc.gov/wonder/help/ucd-expanded.html#ICD-10 Changes."