"Notes","State","State Code","Year","Year Code","Race","Race Code","Sex","Sex Code",Deaths,Population,Crude Rate,Crude Rate Lower 95% Confidence Interval,Crude Rate Upper 95% Confidence Interval
,"Alabama","01","1999","1999","Black or African American","2054-5","Female","F",41,623475,6.6,4.7,8.9
,"Alabama","01","1999","1999","Black or African American","2054-5","Male","M",196,539198,36.4,31.3,41.4
,"Alabama","01","1999","1999","White","2106-3","Female","F",114,1640665,6.9,5.7,8.2
,"Alabama","01","1999","1999","White","2106-3","Male","M",432,1570643,27.5,24.9,30.1
,"Alabama","01","2000","2000","Black or African American","2054-5","Female","F",40,625980,6.4,4.6,8.7
,"Alabama","01","2000","2000","Black or African American","2054-5","Male","M",231,541643,42.6,37.1,48.1
,"Alabama","01","2000","2000","White","2106-3","Female","F",96,1643179,5.8,4.7,7.1
,"Alabama","01","2000","2000","White","2106-3","Male","M",395,1575039,25.1,22.6,27.6
,"Alabama","01","2001","2001","Black or African American","2054-5","Female","F",33,630901,5.2,3.6,7.3
,"Alabama","01","2001","2001","Black or African American","2054-5","Male","M",205,546578,37.5,32.4,42.6
,"Alabama","01","2001","2001","White","2106-3","Female","F",95,1645541,5.8,4.7,7.1
,"Alabama","01","2001","2001","White","2106-3","Male","M",403,1580087,25.5,23.0,28.0
,"Alabama","01","2002","2002","Black or African American","2054-5","Female","F",36,633374,5.7,4.0,7.9
,"Alabama","01","2002","2002","Black or African American","2054-5","Male","M",223,549217,40.6,35.3,45.9
,"Alabama","01","2002","2002","White","2106-3","Female","F",75,1646445,4.6,3.6,5.7
,"Alabama","01","2002","2002","White","2106-3","Male","M",386,1583267,24.4,21.9,26.8
,"Alabama","01","2003","2003","Black or African American","2054-5","Female","F",38,636876,6.0,4.2,8.2
,"Alabama","01","2003","2003","Black or African American","2054-5","Male","M",225,553307,40.7,35.4,46.0
,"Alabama","01","2003","2003","White","2106-3","Female","F",94,1650890,5.7,4.6,7.0
,"Alabama","01","2003","2003","White","2106-3","Male","M",406,1590946,25.5,23.0,28.0
,"Alabama","01","2004","2004","Black or African American","2054-5","Female","F",29,641873,4.5,3.0,6.5
,"Alabama","01","2004","2004","Black or African American","2054-5","Male","M",197,557319,35.3,30.4,40.3
,"Alabama","01","2004","2004","White","2106-3","Female","F",87,1657539,5.2,4.2,6.5
,"Alabama","01","2004","2004","White","2106-3","Male","M",358,1598272,22.4,20.1,24.7
,"Alabama","01","2005","2005","Black or African American","2054-5","Female","F",32,647595,4.9,3.4,7.0
,"Alabama","01","2005","2005","Black or African American","2054-5","Male","M",248,563308,44.0,38.5,49.5
,"Alabama","01","2005","2005","White","2106-3","Female","F",89,1668327,5.3,4.3,6.6
,"Alabama","01","2005","2005","White","2106-3","Male","M",361,1610721,22.4,20.1,24.7
,"Alabama","01","2006","2006","Black or African American","2054-5","Female","F",43,657654,6.5,4.7,8.8
,"Alabama","01","2006","2006","Black or African American","2054-5","Male","M",253,572880,44.2,38.7,49.6
,"Alabama","01","2006","2006","White","2106-3","Female","F",79,1685050,4.7,3.7,5.8
,"Alabama","01","2006","2006","White","2106-3","Male","M",401,1629110,24.6,22.2,27.0
,"Alabama","01","2007","2007","Black or African American","2054-5","Female","F",35,664831,5.3,3.7,7.3
,"Alabama","01","2007","2007","Black or African American","2054-5","Male","M",260,579036,44.9,39.4,50.4
,"Alabama","01","2007","2007","White","2106-3","Female","F",107,1697518,6.3,5.1,7.5
,"Alabama","01","2007","2007","White","2106-3","Male","M",404,1643115,24.6,22.2,27.0
,"Alabama","01","2008","2008","Black or African American","2054-5","Female","F",36,673102,5.3,3.7,7.4
,"Alabama","01","2008","2008","Black or African American","2054-5","Male","M",267,586075,45.6,40.1,51.0
,"Alabama","01","2008","2008","White","2106-3","Female","F",102,1710122,6.0,4.8,7.1
,"Alabama","01","2008","2008","White","2106-3","Male","M",412,1656414,24.9,22.5,27.3
,"Alabama","01","2009","2009","Black or African American","2054-5","Female","F",37,678586,5.5,3.8,7.5
,"Alabama","01","2009","2009","Black or African American","2054-5","Male","M",215,592661,36.3,31.4,41.1
,"Alabama","01","2009","2009","White","2106-3","Female","F",112,1720115,6.5,5.3,7.7
,"Alabama","01","2009","2009","White","2106-3","Male","M",461,1669087,27.6,25.1,30.1
,"Alabama","01","2010","2010","Black or African American","2054-5","Female","F",23,682553,3.4,2.1,5.1
,"Alabama","01","2010","2010","Black or African American","2054-5","Male","M",212,596519,35.5,30.8,40.3
,"Alabama","01","2010","2010","White","2106-3","Female","F",102,1725848,5.9,4.8,7.1
,"Alabama","01","2010","2010","White","2106-3","Male","M",436,1674127,26.0,23.6,28.5
,"Alabama","01","2011","2011","Black or African American","2054-5","Female","F",33,690116,4.8,3.3,6.7
,"Alabama","01","2011","2011","Black or African American","2054-5","Male","M",224,602921,37.2,32.3,42.0
,"Alabama","01","2011","2011","White","2106-3","Female","F",108,1730480,6.2,5.1,7.4
,"Alabama","01","2011","2011","White","2106-3","Male","M",415,1675994,24.8,22.4,27.1
,"Alabama","01","2012","2012","Black or African American","2054-5","Female","F",29,694697,4.2,2.8,6.0
,"Alabama","01","2012","2012","Black or African American","2054-5","Male","M",248,607513,40.8,35.7,45.9
,"Alabama","01","2012","2012","White","2106-3","Female","F",101,1734362,5.8,4.7,7.0
,"Alabama","01","2012","2012","White","2106-3","Male","M",446,1679209,26.6,24.1,29.0
,"Alabama","01","2013","2013","Black or African American","2054-5","Female","F",34,697106,4.9,3.4,6.8
,"Alabama","01","2013","2013","Black or African American","2054-5","Male","M",241,610554,39.5,34.5,44.5
,"Alabama","01","2013","2013","White","2106-3","Female","F",104,1735584,6.0,4.8,7.1
,"Alabama","01","2013","2013","White","2106-3","Male","M",471,1681773,28.0,25.5,30.5
,"Alabama","01","2014","2014","Black or African American","2054-5","Female","F",30,702957,4.3,2.9,6.1
,"Alabama","01","2014","2014","Black or African American","2054-5","Male","M",239,614609,38.9,34.0,43.8
,"Alabama","01","2014","2014","White","2106-3","Female","F",109,1738779,6.3,5.1,7.4
,"Alabama","01","2014","2014","White","2106-3","Male","M",431,1681161,25.6,23.2,28.1
,"Alabama","01","2015","2015","Black or African American","2054-5","Female","F",39,707464,5.5,3.9,7.5
,"Alabama","01","2015","2015","Black or African American","2054-5","Male","M",283,618441,45.8,40.4,51.1
,"Alabama","01","2015","2015","White","2106-3","Female","F",131,1738989,7.5,6.2,8.8
,"Alabama","01","2015","2015","White","2106-3","Male","M",497,1679105,29.6,27.0,32.2
,"Alabama","01","2016","2016","Black or African American","2054-5","Female","F",39,708942,5.5,3.9,7.5
,"Alabama","01","2016","2016","Black or African American","2054-5","Male","M",333,620706,53.6,47.9,59.4
,"Alabama","01","2016","2016","White","2106-3","Female","F",138,1738363,7.9,6.6,9.3
,"Alabama","01","2016","2016","White","2106-3","Male","M",518,1678546,30.9,28.2,33.5
,"Alabama","01","2017","2017","Black or African American","2054-5","Female","F",51,712445,7.2,5.3,9.4
,"Alabama","01","2017","2017","Black or African American","2054-5","Male","M",379,622795,60.9,54.7,67.0
,"Alabama","01","2017","2017","White","2106-3","Female","F",130,1740455,7.5,6.2,8.8
,"Alabama","01","2017","2017","White","2106-3","Male","M",547,1679250,32.6,29.8,35.3
,"Alabama","01","2018","2018","Black or African American","2054-5","Female","F",44,715232,6.2,4.5,8.3
,"Alabama","01","2018","2018","Black or African American","2054-5","Male","M",363,623614,58.2,52.2,64.2
,"Alabama","01","2018","2018","White","2106-3","Female","F",127,1745200,7.3,6.0,8.5
,"Alabama","01","2018","2018","White","2106-3","Male","M",517,1681545,30.7,28.1,33.4
,"Alabama","01","2019","2019","Black or African American","2054-5","Female","F",55,718161,7.7,5.8,10.0
,"Alabama","01","2019","2019","Black or African American","2054-5","Male","M",366,624145,58.6,52.6,64.6
,"Alabama","01","2019","2019","White","2106-3","Female","F",125,1751454,7.1,5.9,8.4
,"Alabama","01","2019","2019","White","2106-3","Male","M",515,1686026,30.5,27.9,33.2
,"Alabama","01","2020","2020","Black or African American","2054-5","Female","F",45,722770,6.2,4.5,8.3
,"Alabama","01","2020","2020","Black or African American","2054-5","Male","M",447,627341,71.3,64.6,77.9
,"Alabama","01","2020","2020","White","2106-3","Female","F",131,1756367,7.5,6.2,8.7
,"Alabama","01","2020","2020","White","2106-3","Male","M",503,1689122,29.8,27.2,32.4
,"Alaska","02","1999","1999","American Indian or Alaska Native","1002-5","Male","M",25,53119,47.1,30.5,69.5
,"Alaska","02","1999","1999","White","2106-3","Female","F",10,220036,Unreliable,2.2,8.4
,"Alaska","02","1999","1999","White","2106-3","Male","M",42,242016,17.4,12.5,23.5
,"Alaska","02","2000","2000","American Indian or Alaska Native","1002-5","Male","M",34,54115,62.8,43.5,87.8
,"Alaska","02","2000","2000","White","2106-3","Male","M",63,240925,26.1,20.1,33.5
,"Alaska","02","2001","2001","American Indian or Alaska Native","1002-5","Female","F",10,54065,Unreliable,8.9,34.0
,"Alaska","02","2001","2001","American Indian or Alaska Native","1002-5","Male","M",24,54650,43.9,28.1,65.3
,"Alaska","02","2001","2001","White","2106-3","Male","M",55,243010,22.6,17.1,29.5
,"Alaska","02","2002","2002","American Indian or Alaska Native","1002-5","Female","F",11,54543,Unreliable,10.1,36.1
,"Alaska","02","2002","2002","American Indian or Alaska Native","1002-5","Male","M",29,55213,52.5,35.2,75.4
,"Alaska","02","2002","2002","White","2106-3","Female","F",23,222980,10.3,6.5,15.5
,"Alaska","02","2002","2002","White","2106-3","Male","M",58,245728,23.6,17.9,30.5
,"Alaska","02","2003","2003","American Indian or Alaska Native","1002-5","Female","F",10,55083,Unreliable,8.7,33.4
,"Alaska","02","2003","2003","American Indian or Alaska Native","1002-5","Male","M",27,55853,48.3,31.9,70.3
,"Alaska","02","2003","2003","White","2106-3","Male","M",69,246827,28.0,21.8,35.4
,"Alaska","02","2004","2004","American Indian or Alaska Native","1002-5","Male","M",26,56792,45.8,29.9,67.1
,"Alaska","02","2004","2004","White","2106-3","Male","M",65,250719,25.9,20.0,33.0
,"Alaska","02","2005","2005","American Indian or Alaska Native","1002-5","Male","M",36,57713,62.4,43.7,86.4
,"Alaska","02","2005","2005","White","2106-3","Female","F",11,229332,Unreliable,2.4,8.6
,"Alaska","02","2005","2005","White","2106-3","Male","M",52,253360,20.5,15.3,26.9
,"Alaska","02","2006","2006","American Indian or Alaska Native","1002-5","Male","M",27,58361,46.3,30.5,67.3
,"Alaska","02","2006","2006","White","2106-3","Female","F",10,231903,Unreliable,2.1,7.9
,"Alaska","02","2006","2006","White","2106-3","Male","M",61,256051,23.8,18.2,30.6
,"Alaska","02","2007","2007","American Indian or Alaska Native","1002-5","Male","M",25,58689,42.6,27.6,62.9
,"Alaska","02","2007","2007","White","2106-3","Male","M",77,257707,29.9,23.6,37.3
,"Alaska","02","2008","2008","American Indian or Alaska Native","1002-5","Male","M",31,59398,52.2,35.5,74.1
,"Alaska","02","2008","2008","White","2106-3","Female","F",10,233554,Unreliable,2.1,7.9
,"Alaska","02","2008","2008","White","2106-3","Male","M",85,260411,32.6,26.1,40.4
,"Alaska","02","2009","2009","American Indian or Alaska Native","1002-5","Male","M",28,60293,46.4,30.9,67.1
,"Alaska","02","2009","2009","White","2106-3","Male","M",52,261942,19.9,14.8,26.0
,"Alaska","02","2010","2010","American Indian or Alaska Native","1002-5","Male","M",34,60905,55.8,38.7,78.0
,"Alaska","02","2010","2010","White","2106-3","Female","F",17,240153,Unreliable,4.1,11.3
,"Alaska","02","2010","2010","White","2106-3","Male","M",73,267278,27.3,21.4,34.3
,"Alaska","02","2011","2011","American Indian or Alaska Native","1002-5","Male","M",30,61574,48.7,32.9,69.6
,"Alaska","02","2011","2011","White","2106-3","Female","F",13,244203,Unreliable,2.8,9.1
,"Alaska","02","2011","2011","White","2106-3","Male","M",66,270409,24.4,18.9,31.1
,"Alaska","02","2012","2012","American Indian or Alaska Native","1002-5","Male","M",25,62001,40.3,26.1,59.5
,"Alaska","02","2012","2012","White","2106-3","Female","F",12,244832,Unreliable,2.5,8.6
,"Alaska","02","2012","2012","White","2106-3","Male","M",73,273264,26.7,20.9,33.6
,"Alaska","02","2013","2013","American Indian or Alaska Native","1002-5","Male","M",36,61950,58.1,40.7,80.5
,"Alaska","02","2013","2013","White","2106-3","Female","F",18,243625,Unreliable,4.4,11.7
,"Alaska","02","2013","2013","White","2106-3","Male","M",77,275920,27.9,22.0,34.9
,"Alaska","02","2014","2014","American Indian or Alaska Native","1002-5","Male","M",28,62550,44.8,29.7,64.7
,"Alaska","02","2014","2014","White","2106-3","Female","F",15,242191,Unreliable,3.5,10.2
,"Alaska","02","2014","2014","White","2106-3","Male","M",85,275313,30.9,24.7,38.2
,"Alaska","02","2015","2015","American Indian or Alaska Native","1002-5","Male","M",38,63015,60.3,42.7,82.8
,"Alaska","02","2015","2015","Black or African American","2054-5","Male","M",11,20982,Unreliable,26.2,93.8
,"Alaska","02","2015","2015","White","2106-3","Female","F",26,241038,10.8,7.0,15.8
,"Alaska","02","2015","2015","White","2106-3","Male","M",86,275456,31.2,25.0,38.6
,"Alaska","02","2016","2016","American Indian or Alaska Native","1002-5","Male","M",39,64458,60.5,43.0,82.7
,"Alaska","02","2016","2016","Black or African American","2054-5","Male","M",10,20141,Unreliable,23.8,91.3
,"Alaska","02","2016","2016","White","2106-3","Female","F",24,242824,9.9,6.3,14.7
,"Alaska","02","2016","2016","White","2106-3","Male","M",79,273423,28.9,22.9,36.0
,"Alaska","02","2017","2017","American Indian or Alaska Native","1002-5","Female","F",10,62964,Unreliable,7.6,29.2
,"Alaska","02","2017","2017","American Indian or Alaska Native","1002-5","Male","M",40,64660,61.9,44.2,84.2
,"Alaska","02","2017","2017","Black or African American","2054-5","Male","M",16,20090,Unreliable,45.5,129.3
,"Alaska","02","2017","2017","White","2106-3","Female","F",16,241187,Unreliable,3.8,10.8
,"Alaska","02","2017","2017","White","2106-3","Male","M",85,271436,31.3,25.0,38.7
,"Alaska","02","2018","2018","American Indian or Alaska Native","1002-5","Male","M",30,64730,46.3,31.3,66.2
,"Alaska","02","2018","2018","Black or African American","2054-5","Male","M",11,20348,Unreliable,27.0,96.7
,"Alaska","02","2018","2018","White","2106-3","Female","F",16,239556,Unreliable,3.8,10.8
,"Alaska","02","2018","2018","White","2106-3","Male","M",77,268356,28.7,22.6,35.9
,"Alaska","02","2019","2019","American Indian or Alaska Native","1002-5","Female","F",11,63355,Unreliable,8.7,31.1
,"Alaska","02","2019","2019","American Indian or Alaska Native","1002-5","Male","M",43,64906,66.2,47.9,89.2
,"Alaska","02","2019","2019","White","2106-3","Female","F",15,237492,Unreliable,3.5,10.4
,"Alaska","02","2019","2019","White","2106-3","Male","M",90,265984,33.8,27.2,41.6
,"Alaska","02","2020","2020","American Indian or Alaska Native","1002-5","Female","F",11,63344,Unreliable,8.7,31.1
,"Alaska","02","2020","2020","American Indian or Alaska Native","1002-5","Male","M",40,65006,61.5,44.0,83.8
,"Alaska","02","2020","2020","White","2106-3","Female","F",18,236066,Unreliable,4.5,12.1
,"Alaska","02","2020","2020","White","2106-3","Male","M",86,264538,32.5,26.0,40.1
,"Arizona","04","1999","1999","American Indian or Alaska Native","1002-5","Male","M",27,134914,20.0,13.2,29.1
,"Arizona","04","1999","1999","Black or African American","2054-5","Female","F",10,84913,Unreliable,5.6,21.7
,"Arizona","04","1999","1999","Black or African American","2054-5","Male","M",39,92706,42.1,29.9,57.5
,"Arizona","04","1999","1999","White","2106-3","Female","F",116,2235195,5.2,4.2,6.1
,"Arizona","04","1999","1999","White","2106-3","Male","M",602,2225387,27.1,24.9,29.2
,"Arizona","04","2000","2000","American Indian or Alaska Native","1002-5","Male","M",28,136282,20.5,13.7,29.7
,"Arizona","04","2000","2000","Black or African American","2054-5","Male","M",37,95809,38.6,27.2,53.2
,"Arizona","04","2000","2000","White","2106-3","Female","F",97,2279908,4.3,3.5,5.2
,"Arizona","04","2000","2000","White","2106-3","Male","M",604,2274325,26.6,24.4,28.7
,"Arizona","04","2001","2001","American Indian or Alaska Native","1002-5","Male","M",31,139677,22.2,15.1,31.5
,"Arizona","04","2001","2001","Black or African American","2054-5","Male","M",39,101524,38.4,27.3,52.5
,"Arizona","04","2001","2001","White","2106-3","Female","F",108,2338263,4.6,3.7,5.5
,"Arizona","04","2001","2001","White","2106-3","Male","M",634,2331036,27.2,25.1,29.3
,"Arizona","04","2002","2002","American Indian or Alaska Native","1002-5","Male","M",32,143131,22.4,15.3,31.6
,"Arizona","04","2002","2002","Black or African American","2054-5","Male","M",41,106719,38.4,27.6,52.1
,"Arizona","04","2002","2002","White","2106-3","Female","F",123,2387929,5.2,4.2,6.1
,"Arizona","04","2002","2002","White","2106-3","Male","M",743,2378350,31.2,29.0,33.5
,"Arizona","04","2003","2003","American Indian or Alaska Native","1002-5","Male","M",40,146718,27.3,19.5,37.1
,"Arizona","04","2003","2003","Black or African American","2054-5","Male","M",45,111521,40.4,29.4,54.0
,"Arizona","04","2003","2003","White","2106-3","Female","F",114,2434530,4.7,3.8,5.5
,"Arizona","04","2003","2003","White","2106-3","Male","M",629,2419988,26.0,24.0,28.0
,"Arizona","04","2004","2004","American Indian or Alaska Native","1002-5","Male","M",31,150710,20.6,14.0,29.2
,"Arizona","04","2004","2004","Black or African American","2054-5","Male","M",42,118344,35.5,25.6,48.0
,"Arizona","04","2004","2004","White","2106-3","Female","F",98,2490861,3.9,3.2,4.8
,"Arizona","04","2004","2004","White","2106-3","Male","M",695,2474943,28.1,26.0,30.2
,"Arizona","04","2005","2005","American Indian or Alaska Native","1002-5","Male","M",45,155682,28.9,21.1,38.7
,"Arizona","04","2005","2005","Black or African American","2054-5","Male","M",43,126665,33.9,24.6,45.7
,"Arizona","04","2005","2005","White","2106-3","Female","F",102,2565676,4.0,3.2,4.7
,"Arizona","04","2005","2005","White","2106-3","Male","M",721,2546316,28.3,26.2,30.4
,"Arizona","04","2006","2006","American Indian or Alaska Native","1002-5","Male","M",31,161130,19.2,13.1,27.3
,"Arizona","04","2006","2006","Black or African American","2054-5","Male","M",52,136589,38.1,28.4,49.9
,"Arizona","04","2006","2006","White","2106-3","Female","F",129,2637738,4.9,4.0,5.7
,"Arizona","04","2006","2006","White","2106-3","Male","M",749,2617740,28.6,26.6,30.7
,"Arizona","04","2007","2007","American Indian or Alaska Native","1002-5","Male","M",27,166179,16.2,10.7,23.6
,"Arizona","04","2007","2007","Black or African American","2054-5","Female","F",12,133527,Unreliable,4.6,15.7
,"Arizona","04","2007","2007","Black or African American","2054-5","Male","M",55,145010,37.9,28.6,49.4
,"Arizona","04","2007","2007","White","2106-3","Female","F",99,2688894,3.7,3.0,4.5
,"Arizona","04","2007","2007","White","2106-3","Male","M",736,2665511,27.6,25.6,29.6
,"Arizona","04","2008","2008","American Indian or Alaska Native","1002-5","Male","M",24,171027,14.0,9.0,20.9
,"Arizona","04","2008","2008","Black or African American","2054-5","Male","M",54,153329,35.2,26.5,46.0
,"Arizona","04","2008","2008","White","2106-3","Female","F",137,2728728,5.0,4.2,5.9
,"Arizona","04","2008","2008","White","2106-3","Male","M",664,2701226,24.6,22.7,26.5
,"Arizona","04","2009","2009","American Indian or Alaska Native","1002-5","Male","M",24,174395,13.8,8.8,20.5
,"Arizona","04","2009","2009","Black or African American","2054-5","Male","M",37,160123,23.1,16.3,31.9
,"Arizona","04","2009","2009","White","2106-3","Female","F",146,2748928,5.3,4.4,6.2
,"Arizona","04","2009","2009","White","2106-3","Male","M",623,2715119,22.9,21.1,24.7
,"Arizona","04","2010","2010","American Indian or Alaska Native","1002-5","Male","M",36,177223,20.3,14.2,28.1
,"Arizona","04","2010","2010","Asian or Pacific Islander","A-PI","Male","M",12,106425,Unreliable,5.8,19.7
,"Arizona","04","2010","2010","Black or African American","2054-5","Male","M",42,164160,25.6,18.4,34.6
,"Arizona","04","2010","2010","White","2106-3","Female","F",124,2765575,4.5,3.7,5.3
,"Arizona","04","2010","2010","White","2106-3","Male","M",695,2728015,25.5,23.6,27.4
,"Arizona","04","2011","2011","American Indian or Alaska Native","1002-5","Male","M",40,179923,22.2,15.9,30.3
,"Arizona","04","2011","2011","Black or African American","2054-5","Male","M",45,169910,26.5,19.3,35.4
,"Arizona","04","2011","2011","White","2106-3","Female","F",117,2795837,4.2,3.4,4.9
,"Arizona","04","2011","2011","White","2106-3","Male","M",733,2763920,26.5,24.6,28.4
,"Arizona","04","2012","2012","American Indian or Alaska Native","1002-5","Male","M",41,182988,22.4,16.1,30.4
,"Arizona","04","2012","2012","Asian or Pacific Islander","A-PI","Male","M",10,115464,Unreliable,4.2,15.9
,"Arizona","04","2012","2012","Black or African American","2054-5","Male","M",35,174895,20.0,13.9,27.8
,"Arizona","04","2012","2012","White","2106-3","Female","F",138,2818449,4.9,4.1,5.7
,"Arizona","04","2012","2012","White","2106-3","Male","M",693,2785136,24.9,23.0,26.7
,"Arizona","04","2013","2013","American Indian or Alaska Native","1002-5","Male","M",41,185839,22.1,15.8,29.9
,"Arizona","04","2013","2013","Asian or Pacific Islander","A-PI","Male","M",12,120063,Unreliable,5.2,17.5
,"Arizona","04","2013","2013","Black or African American","2054-5","Male","M",48,180469,26.6,19.6,35.3
,"Arizona","04","2013","2013","White","2106-3","Female","F",135,2841855,4.8,3.9,5.6
,"Arizona","04","2013","2013","White","2106-3","Male","M",680,2808748,24.2,22.4,26.0
,"Arizona","04","2014","2014","American Indian or Alaska Native","1002-5","Male","M",32,189222,16.9,11.6,23.9
,"Arizona","04","2014","2014","Black or African American","2054-5","Male","M",55,187382,29.4,22.1,38.2
,"Arizona","04","2014","2014","White","2106-3","Female","F",144,2882772,5.0,4.2,5.8
,"Arizona","04","2014","2014","White","2106-3","Male","M",667,2842559,23.5,21.7,25.2
,"Arizona","04","2015","2015","American Indian or Alaska Native","1002-5","Male","M",32,191838,16.7,11.4,23.5
,"Arizona","04","2015","2015","Black or African American","2054-5","Male","M",51,194194,26.3,19.6,34.5
,"Arizona","04","2015","2015","White","2106-3","Female","F",153,2915754,5.2,4.4,6.1
,"Arizona","04","2015","2015","White","2106-3","Male","M",698,2874908,24.3,22.5,26.1
,"Arizona","04","2016","2016","American Indian or Alaska Native","1002-5","Female","F",11,201796,Unreliable,2.7,9.8
,"Arizona","04","2016","2016","American Indian or Alaska Native","1002-5","Male","M",22,196044,11.2,7.0,17.0
,"Arizona","04","2016","2016","Asian or Pacific Islander","A-PI","Male","M",13,134059,Unreliable,5.2,16.6
,"Arizona","04","2016","2016","Black or African American","2054-5","Female","F",12,186281,Unreliable,3.3,11.3
,"Arizona","04","2016","2016","Black or African American","2054-5","Male","M",72,199163,36.2,28.3,45.5
,"Arizona","04","2016","2016","White","2106-3","Female","F",156,2954067,5.3,4.5,6.1
,"Arizona","04","2016","2016","White","2106-3","Male","M",789,2913629,27.1,25.2,29.0
,"Arizona","04","2017","2017","American Indian or Alaska Native","1002-5","Male","M",48,197445,24.3,17.9,32.2
,"Arizona","04","2017","2017","Asian or Pacific Islander","A-PI","Male","M",10,140034,Unreliable,3.4,13.1
,"Arizona","04","2017","2017","Black or African American","2054-5","Female","F",11,192667,Unreliable,2.9,10.2
,"Arizona","04","2017","2017","Black or African American","2054-5","Male","M",71,204754,34.7,27.1,43.7
,"Arizona","04","2017","2017","White","2106-3","Female","F",161,2979617,5.4,4.6,6.2
,"Arizona","04","2017","2017","White","2106-3","Male","M",814,2946068,27.6,25.7,29.5
,"Arizona","04","2018","2018","American Indian or Alaska Native","1002-5","Male","M",49,200826,24.4,18.1,32.3
,"Arizona","04","2018","2018","Black or African American","2054-5","Female","F",16,201126,Unreliable,4.5,12.9
,"Arizona","04","2018","2018","Black or African American","2054-5","Male","M",79,212747,37.1,29.4,46.3
,"Arizona","04","2018","2018","White","2106-3","Female","F",121,3035887,4.0,3.3,4.7
,"Arizona","04","2018","2018","White","2106-3","Male","M",834,3003683,27.8,25.9,29.7
,"Arizona","04","2019","2019","American Indian or Alaska Native","1002-5","Male","M",42,204009,20.6,14.8,27.8
,"Arizona","04","2019","2019","Asian or Pacific Islander","A-PI","Male","M",12,150973,Unreliable,4.1,13.9
,"Arizona","04","2019","2019","Black or African American","2054-5","Female","F",16,208353,Unreliable,4.4,12.5
,"Arizona","04","2019","2019","Black or African American","2054-5","Male","M",57,220236,25.9,19.6,33.5
,"Arizona","04","2019","2019","White","2106-3","Female","F",157,3076856,5.1,4.3,5.9
,"Arizona","04","2019","2019","White","2106-3","Male","M",831,3042079,27.3,25.5,29.2
,"Arizona","04","2020","2020","American Indian or Alaska Native","1002-5","Female","F",13,213669,Unreliable,3.2,10.4
,"Arizona","04","2020","2020","American Indian or Alaska Native","1002-5","Male","M",68,206918,32.9,25.5,41.7
,"Arizona","04","2020","2020","Asian or Pacific Islander","A-PI","Male","M",13,158936,Unreliable,4.4,14.0
,"Arizona","04","2020","2020","Black or African American","2054-5","Female","F",12,219347,Unreliable,2.8,9.6
,"Arizona","04","2020","2020","Black or African American","2054-5","Male","M",120,231276,51.9,42.6,61.2
,"Arizona","04","2020","2020","White","2106-3","Female","F",160,3129133,5.1,4.3,5.9
,"Arizona","04","2020","2020","White","2106-3","Male","M",844,3088796,27.3,25.5,29.2
,"Arkansas","05","1999","1999","Black or African American","2054-5","Female","F",15,224639,Unreliable,3.7,11.0
,"Arkansas","05","1999","1999","Black or African American","2054-5","Male","M",66,199799,33.0,25.5,42.0
,"Arkansas","05","1999","1999","White","2106-3","Female","F",47,1114373,4.2,3.1,5.6
,"Arkansas","05","1999","1999","White","2106-3","Male","M",254,1073571,23.7,20.7,26.6
,"Arkansas","05","2000","2000","Black or African American","2054-5","Female","F",14,225167,Unreliable,3.4,10.4
,"Arkansas","05","2000","2000","Black or African American","2054-5","Male","M",80,200697,39.9,31.6,49.6
,"Arkansas","05","2000","2000","White","2106-3","Female","F",53,1120695,4.7,3.5,6.2
,"Arkansas","05","2000","2000","White","2106-3","Male","M",263,1082462,24.3,21.4,27.2
,"Arkansas","05","2001","2001","Black or African American","2054-5","Male","M",70,202944,34.5,26.9,43.6
,"Arkansas","05","2001","2001","White","2106-3","Female","F",56,1125638,5.0,3.8,6.5
,"Arkansas","05","2001","2001","White","2106-3","Male","M",270,1089018,24.8,21.8,27.8
,"Arkansas","05","2002","2002","Black or African American","2054-5","Male","M",81,204372,39.6,31.5,49.3
,"Arkansas","05","2002","2002","White","2106-3","Female","F",55,1129765,4.9,3.7,6.3
,"Arkansas","05","2002","2002","White","2106-3","Male","M",289,1094352,26.4,23.4,29.5
,"Arkansas","05","2003","2003","Black or African American","2054-5","Female","F",12,229037,Unreliable,2.7,9.2
,"Arkansas","05","2003","2003","Black or African American","2054-5","Male","M",87,205988,42.2,33.8,52.1
,"Arkansas","05","2003","2003","White","2106-3","Female","F",41,1135532,3.6,2.6,4.9
,"Arkansas","05","2003","2003","White","2106-3","Male","M",261,1101895,23.7,20.8,26.6
,"Arkansas","05","2004","2004","Black or African American","2054-5","Male","M",81,207731,39.0,31.0,48.5
,"Arkansas","05","2004","2004","White","2106-3","Female","F",50,1143496,4.4,3.2,5.8
,"Arkansas","05","2004","2004","White","2106-3","Male","M",259,1111849,23.3,20.5,26.1
,"Arkansas","05","2005","2005","Black or African American","2054-5","Female","F",21,232752,9.0,5.6,13.8
,"Arkansas","05","2005","2005","Black or African American","2054-5","Male","M",99,209922,47.2,38.3,57.4
,"Arkansas","05","2005","2005","White","2106-3","Female","F",65,1155109,5.6,4.3,7.2
,"Arkansas","05","2005","2005","White","2106-3","Male","M",249,1123888,22.2,19.4,24.9
,"Arkansas","05","2006","2006","Black or African American","2054-5","Female","F",14,236691,Unreliable,3.2,9.9
,"Arkansas","05","2006","2006","Black or African American","2054-5","Male","M",96,213691,44.9,36.4,54.9
,"Arkansas","05","2006","2006","White","2106-3","Female","F",39,1169326,3.3,2.4,4.6
,"Arkansas","05","2006","2006","White","2106-3","Male","M",274,1139123,24.1,21.2,26.9
,"Arkansas","05","2007","2007","Black or African American","2054-5","Female","F",14,238117,Unreliable,3.2,9.9
,"Arkansas","05","2007","2007","Black or African American","2054-5","Male","M",98,215316,45.5,37.0,55.5
,"Arkansas","05","2007","2007","White","2106-3","Female","F",55,1179180,4.7,3.5,6.1
,"Arkansas","05","2007","2007","White","2106-3","Male","M",252,1149772,21.9,19.2,24.6
,"Arkansas","05","2008","2008","Black or African American","2054-5","Female","F",10,240701,Unreliable,2.0,7.6
,"Arkansas","05","2008","2008","Black or African American","2054-5","Male","M",81,217674,37.2,29.6,46.3
,"Arkansas","05","2008","2008","White","2106-3","Female","F",61,1187921,5.1,3.9,6.6
,"Arkansas","05","2008","2008","White","2106-3","Male","M",289,1158925,24.9,22.1,27.8
,"Arkansas","05","2009","2009","Black or African American","2054-5","Male","M",89,219939,40.5,32.5,49.8
,"Arkansas","05","2009","2009","White","2106-3","Female","F",52,1195266,4.4,3.2,5.7
,"Arkansas","05","2009","2009","White","2106-3","Male","M",310,1166316,26.6,23.6,29.5
,"Arkansas","05","2010","2010","Black or African American","2054-5","Female","F",11,244275,Unreliable,2.2,8.1
,"Arkansas","05","2010","2010","Black or African American","2054-5","Male","M",73,221925,32.9,25.8,41.4
,"Arkansas","05","2010","2010","White","2106-3","Female","F",55,1201109,4.6,3.4,6.0
,"Arkansas","05","2010","2010","White","2106-3","Male","M",272,1172558,23.2,20.4,26.0
,"Arkansas","05","2011","2011","Black or African American","2054-5","Female","F",15,246725,Unreliable,3.4,10.0
,"Arkansas","05","2011","2011","Black or African American","2054-5","Male","M",98,224310,43.7,35.5,53.2
,"Arkansas","05","2011","2011","White","2106-3","Female","F",60,1207619,5.0,3.8,6.4
,"Arkansas","05","2011","2011","White","2106-3","Male","M",284,1179220,24.1,21.3,26.9
,"Arkansas","05","2012","2012","Black or African American","2054-5","Female","F",16,247873,Unreliable,3.7,10.5
,"Arkansas","05","2012","2012","Black or African American","2054-5","Male","M",97,225529,43.0,34.9,52.5
,"Arkansas","05","2012","2012","White","2106-3","Female","F",54,1210477,4.5,3.4,5.8
,"Arkansas","05","2012","2012","White","2106-3","Male","M",314,1182534,26.6,23.6,29.5
,"Arkansas","05","2013","2013","Black or African American","2054-5","Male","M",100,226689,44.1,35.5,52.8
,"Arkansas","05","2013","2013","White","2106-3","Female","F",70,1212833,5.8,4.5,7.3
,"Arkansas","05","2013","2013","White","2106-3","Male","M",320,1184981,27.0,24.0,30.0
,"Arkansas","05","2014","2014","Black or African American","2054-5","Female","F",12,250171,Unreliable,2.5,8.4
,"Arkansas","05","2014","2014","Black or African American","2054-5","Male","M",92,228291,40.3,32.5,49.4
,"Arkansas","05","2014","2014","White","2106-3","Female","F",79,1213656,6.5,5.2,8.1
,"Arkansas","05","2014","2014","White","2106-3","Male","M",312,1186148,26.3,23.4,29.2
,"Arkansas","05","2015","2015","Black or African American","2054-5","Female","F",10,251525,Unreliable,1.9,7.3
,"Arkansas","05","2015","2015","Black or African American","2054-5","Male","M",83,230318,36.0,28.7,44.7
,"Arkansas","05","2015","2015","White","2106-3","Female","F",90,1217031,7.4,5.9,9.1
,"Arkansas","05","2015","2015","White","2106-3","Male","M",331,1187500,27.9,24.9,30.9
,"Arkansas","05","2016","2016","Black or African American","2054-5","Female","F",18,253062,Unreliable,4.2,11.2
,"Arkansas","05","2016","2016","Black or African American","2054-5","Male","M",106,231536,45.8,37.1,54.5
,"Arkansas","05","2016","2016","White","2106-3","Female","F",83,1220289,6.8,5.4,8.4
,"Arkansas","05","2016","2016","White","2106-3","Male","M",323,1190966,27.1,24.2,30.1
,"Arkansas","05","2017","2017","Black or African American","2054-5","Female","F",19,254956,Unreliable,4.5,11.6
,"Arkansas","05","2017","2017","Black or African American","2054-5","Male","M",136,232970,58.4,48.6,68.2
,"Arkansas","05","2017","2017","White","2106-3","Female","F",92,1224658,7.5,6.1,9.2
,"Arkansas","05","2017","2017","White","2106-3","Male","M",352,1195661,29.4,26.4,32.5
,"Arkansas","05","2018","2018","Black or African American","2054-5","Female","F",23,256188,9.0,5.7,13.5
,"Arkansas","05","2018","2018","Black or African American","2054-5","Male","M",127,233571,54.4,44.9,63.8
,"Arkansas","05","2018","2018","White","2106-3","Female","F",70,1227333,5.7,4.4,7.2
,"Arkansas","05","2018","2018","White","2106-3","Male","M",338,1197665,28.2,25.2,31.2
,"Arkansas","05","2019","2019","Black or African American","2054-5","Female","F",28,257023,10.9,7.2,15.7
,"Arkansas","05","2019","2019","Black or African American","2054-5","Male","M",136,233986,58.1,48.4,67.9
,"Arkansas","05","2019","2019","White","2106-3","Female","F",64,1228376,5.2,4.0,6.7
,"Arkansas","05","2019","2019","White","2106-3","Male","M",336,1197632,28.1,25.1,31.1
,"Arkansas","05","2020","2020","Black or African American","2054-5","Female","F",30,259111,11.6,7.8,16.5
,"Arkansas","05","2020","2020","Black or African American","2054-5","Male","M",184,235415,78.2,66.9,89.5
,"Arkansas","05","2020","2020","White","2106-3","Female","F",78,1231284,6.3,5.0,7.9
,"Arkansas","05","2020","2020","White","2106-3","Male","M",372,1198791,31.0,27.9,34.2
,"California","06","1999","1999","American Indian or Alaska Native","1002-5","Male","M",12,227979,Unreliable,2.7,9.2
,"California","06","1999","1999","Asian or Pacific Islander","A-PI","Female","F",37,2097682,1.8,1.2,2.4
,"California","06","1999","1999","Asian or Pacific Islander","A-PI","Male","M",140,1953590,7.2,6.0,8.4
,"California","06","1999","1999","Black or African American","2054-5","Female","F",47,1274187,3.7,2.7,4.9
,"California","06","1999","1999","Black or African American","2054-5","Male","M",435,1228282,35.4,32.1,38.7
,"California","06","1999","1999","White","2106-3","Female","F",317,13203242,2.4,2.1,2.7
,"California","06","1999","1999","White","2106-3","Male","M",1999,13289192,15.0,14.4,15.7
,"California","06","2000","2000","American Indian or Alaska Native","1002-5","Male","M",10,238048,Unreliable,2.0,7.7
,"California","06","2000","2000","Asian or Pacific Islander","A-PI","Female","F",26,2138139,1.2,0.8,1.8
,"California","06","2000","2000","Asian or Pacific Islander","A-PI","Male","M",122,1994891,6.1,5.0,7.2
,"California","06","2000","2000","Black or African American","2054-5","Female","F",54,1282820,4.2,3.2,5.5
,"California","06","2000","2000","Black or African American","2054-5","Male","M",524,1234115,42.5,38.8,46.1
,"California","06","2000","2000","White","2106-3","Female","F",310,13341153,2.3,2.1,2.6
,"California","06","2000","2000","White","2106-3","Male","M",1997,13407838,14.9,14.2,15.5
,"California","06","2001","2001","American Indian or Alaska Native","1002-5","Male","M",14,249208,Unreliable,3.1,9.4
,"California","06","2001","2001","Asian or Pacific Islander","A-PI","Female","F",22,2246221,1.0,0.6,1.5
,"California","06","2001","2001","Asian or Pacific Islander","A-PI","Male","M",119,2092159,5.7,4.7,6.7
,"California","06","2001","2001","Black or African American","2054-5","Female","F",65,1296780,5.0,3.9,6.4
,"California","06","2001","2001","Black or African American","2054-5","Male","M",548,1251049,43.8,40.1,47.5
,"California","06","2001","2001","White","2106-3","Female","F",298,13505365,2.2,2.0,2.5
,"California","06","2001","2001","White","2106-3","Male","M",2073,13592819,15.3,14.6,15.9
,"California","06","2002","2002","American Indian or Alaska Native","1002-5","Male","M",22,258147,8.5,5.3,12.9
,"California","06","2002","2002","Asian or Pacific Islander","A-PI","Female","F",29,2325320,1.2,0.8,1.8
,"California","06","2002","2002","Asian or Pacific Islander","A-PI","Male","M",124,2157178,5.7,4.7,6.8
,"California","06","2002","2002","Black or African American","2054-5","Female","F",71,1306520,5.4,4.2,6.9
,"California","06","2002","2002","Black or African American","2054-5","Male","M",647,1260806,51.3,47.4,55.3
,"California","06","2002","2002","White","2106-3","Female","F",298,13611768,2.2,1.9,2.4
,"California","06","2002","2002","White","2106-3","Male","M",2162,13697250,15.8,15.1,16.4
,"California","06","2003","2003","American Indian or Alaska Native","1002-5","Male","M",18,268794,Unreliable,4.0,10.6
,"California","06","2003","2003","Asian or Pacific Islander","A-PI","Female","F",30,2401971,1.2,0.8,1.8
,"California","06","2003","2003","Asian or Pacific Islander","A-PI","Male","M",143,2219287,6.4,5.4,7.5
,"California","06","2003","2003","Black or African American","2054-5","Female","F",52,1316660,3.9,2.9,5.2
,"California","06","2003","2003","Black or African American","2054-5","Male","M",627,1268907,49.4,45.5,53.3
,"California","06","2003","2003","White","2106-3","Female","F",294,13724880,2.1,1.9,2.4
,"California","06","2003","2003","White","2106-3","Male","M",2224,13786662,16.1,15.5,16.8
,"California","06","2004","2004","American Indian or Alaska Native","1002-5","Male","M",14,280131,Unreliable,2.7,8.4
,"California","06","2004","2004","Asian or Pacific Islander","A-PI","Female","F",21,2472068,0.8,0.5,1.3
,"California","06","2004","2004","Asian or Pacific Islander","A-PI","Male","M",143,2278079,6.3,5.2,7.3
,"California","06","2004","2004","Black or African American","2054-5","Female","F",53,1324558,4.0,3.0,5.2
,"California","06","2004","2004","Black or African American","2054-5","Male","M",644,1278594,50.4,46.5,54.3
,"California","06","2004","2004","White","2106-3","Female","F",281,13797310,2.0,1.8,2.3
,"California","06","2004","2004","White","2106-3","Male","M",2078,13866357,15.0,14.3,15.6
,"California","06","2005","2005","American Indian or Alaska Native","1002-5","Male","M",10,292338,Unreliable,1.6,6.3
,"California","06","2005","2005","Asian or Pacific Islander","A-PI","Female","F",16,2545278,Unreliable,0.4,1.0
,"California","06","2005","2005","Asian or Pacific Islander","A-PI","Male","M",140,2338986,6.0,5.0,7.0
,"California","06","2005","2005","Black or African American","2054-5","Female","F",51,1328963,3.8,2.9,5.0
,"California","06","2005","2005","Black or African American","2054-5","Male","M",680,1286444,52.9,48.9,56.8
,"California","06","2005","2005","White","2106-3","Female","F",281,13832450,2.0,1.8,2.3
,"California","06","2005","2005","White","2106-3","Male","M",2189,13913945,15.7,15.1,16.4
,"California","06","2006","2006","American Indian or Alaska Native","1002-5","Male","M",21,305310,6.9,4.3,10.5
,"California","06","2006","2006","Asian or Pacific Islander","A-PI","Female","F",23,2615741,0.9,0.6,1.3
,"California","06","2006","2006","Asian or Pacific Islander","A-PI","Male","M",161,2397633,6.7,5.7,7.8
,"California","06","2006","2006","Black or African American","2054-5","Female","F",70,1333724,5.2,4.1,6.6
,"California","06","2006","2006","Black or African American","2054-5","Male","M",644,1293213,49.8,46.0,53.6
,"California","06","2006","2006","White","2106-3","Female","F",267,13846008,1.9,1.7,2.2
,"California","06","2006","2006","White","2106-3","Male","M",2088,13927575,15.0,14.3,15.6
,"California","06","2007","2007","American Indian or Alaska Native","1002-5","Male","M",15,320676,Unreliable,2.6,7.7
,"California","06","2007","2007","Asian or Pacific Islander","A-PI","Female","F",19,2686179,Unreliable,0.4,1.1
,"California","06","2007","2007","Asian or Pacific Islander","A-PI","Male","M",141,2456074,5.7,4.8,6.7
,"California","06","2007","2007","Black or African American","2054-5","Female","F",56,1338248,4.2,3.2,5.4
,"California","06","2007","2007","Black or African American","2054-5","Male","M",579,1301121,44.5,40.9,48.1
,"California","06","2007","2007","White","2106-3","Female","F",301,13874822,2.2,1.9,2.4
,"California","06","2007","2007","White","2106-3","Male","M",2076,13957514,14.9,14.2,15.5
,"California","06","2008","2008","American Indian or Alaska Native","1002-5","Male","M",18,337772,Unreliable,3.2,8.4
,"California","06","2008","2008","Asian or Pacific Islander","A-PI","Female","F",32,2761968,1.2,0.8,1.6
,"California","06","2008","2008","Asian or Pacific Islander","A-PI","Male","M",135,2520002,5.4,4.5,6.3
,"California","06","2008","2008","Black or African American","2054-5","Female","F",53,1348565,3.9,2.9,5.1
,"California","06","2008","2008","Black or African American","2054-5","Male","M",509,1313789,38.7,35.4,42.1
,"California","06","2008","2008","White","2106-3","Female","F",265,13954544,1.9,1.7,2.1
,"California","06","2008","2008","White","2106-3","Male","M",2086,14035802,14.9,14.2,15.5
,"California","06","2009","2009","American Indian or Alaska Native","1002-5","Male","M",17,358457,Unreliable,2.8,7.6
,"California","06","2009","2009","Asian or Pacific Islander","A-PI","Female","F",20,2833505,0.7,0.4,1.1
,"California","06","2009","2009","Asian or Pacific Islander","A-PI","Male","M",135,2579211,5.2,4.4,6.1
,"California","06","2009","2009","Black or African American","2054-5","Female","F",50,1363153,3.7,2.7,4.8
,"California","06","2009","2009","Black or African American","2054-5","Male","M",486,1328571,36.6,33.3,39.8
,"California","06","2009","2009","White","2106-3","Female","F",257,14035595,1.8,1.6,2.1
,"California","06","2009","2009","White","2106-3","Male","M",2057,14111915,14.6,13.9,15.2
,"California","06","2010","2010","American Indian or Alaska Native","1002-5","Male","M",20,374040,5.3,3.3,8.3
,"California","06","2010","2010","Asian or Pacific Islander","A-PI","Female","F",22,2888780,0.8,0.5,1.2
,"California","06","2010","2010","Asian or Pacific Islander","A-PI","Male","M",106,2626340,4.0,3.3,4.8
,"California","06","2010","2010","Black or African American","2054-5","Female","F",52,1376482,3.8,2.8,5.0
,"California","06","2010","2010","Black or African American","2054-5","Male","M",472,1342297,35.2,32.0,38.3
,"California","06","2010","2010","White","2106-3","Female","F",274,14105562,1.9,1.7,2.2
,"California","06","2010","2010","White","2106-3","Male","M",1921,14175153,13.6,12.9,14.2
,"California","06","2011","2011","American Indian or Alaska Native","1002-5","Male","M",20,382843,5.2,3.2,8.1
,"California","06","2011","2011","Asian or Pacific Islander","A-PI","Female","F",29,2951212,1.0,0.7,1.4
,"California","06","2011","2011","Asian or Pacific Islander","A-PI","Male","M",116,2683668,4.3,3.5,5.1
,"California","06","2011","2011","Black or African American","2054-5","Female","F",44,1390229,3.2,2.3,4.2
,"California","06","2011","2011","Black or African American","2054-5","Male","M",453,1359280,33.3,30.3,36.4
,"California","06","2011","2011","White","2106-3","Female","F",283,14228546,2.0,1.8,2.2
,"California","06","2011","2011","White","2106-3","Male","M",1972,14322536,13.8,13.2,14.4
,"California","06","2012","2012","American Indian or Alaska Native","1002-5","Male","M",25,384841,6.5,4.2,9.6
,"California","06","2012","2012","Asian or Pacific Islander","A-PI","Female","F",32,3036923,1.1,0.7,1.5
,"California","06","2012","2012","Asian or Pacific Islander","A-PI","Male","M",119,2760053,4.3,3.5,5.1
,"California","06","2012","2012","Black or African American","2054-5","Female","F",58,1399358,4.1,3.1,5.4
,"California","06","2012","2012","Black or African American","2054-5","Male","M",474,1368031,34.6,31.5,37.8
,"California","06","2012","2012","White","2106-3","Female","F",251,14310934,1.8,1.5,2.0
,"California","06","2012","2012","White","2106-3","Male","M",1995,14405639,13.8,13.2,14.5
,"California","06","2013","2013","American Indian or Alaska Native","1002-5","Male","M",21,386212,5.4,3.4,8.3
,"California","06","2013","2013","Asian or Pacific Islander","A-PI","Female","F",22,3101408,0.7,0.4,1.1
,"California","06","2013","2013","Asian or Pacific Islander","A-PI","Male","M",103,2816510,3.7,3.0,4.4
,"California","06","2013","2013","Black or African American","2054-5","Female","F",37,1405371,2.6,1.9,3.6
,"California","06","2013","2013","Black or African American","2054-5","Male","M",481,1373480,35.0,31.9,38.2
,"California","06","2013","2013","White","2106-3","Female","F",288,14384306,2.0,1.8,2.2
,"California","06","2013","2013","White","2106-3","Male","M",1973,14487994,13.6,13.0,14.2
,"California","06","2014","2014","American Indian or Alaska Native","1002-5","Male","M",25,388066,6.4,4.2,9.5
,"California","06","2014","2014","Asian or Pacific Islander","A-PI","Female","F",16,3204482,Unreliable,0.3,0.8
,"California","06","2014","2014","Asian or Pacific Islander","A-PI","Male","M",111,2908740,3.8,3.1,4.5
,"California","06","2014","2014","Black or African American","2054-5","Female","F",38,1418637,2.7,1.9,3.7
,"California","06","2014","2014","Black or African American","2054-5","Male","M",466,1389925,33.5,30.5,36.6
,"California","06","2014","2014","White","2106-3","Female","F",277,14530033,1.9,1.7,2.1
,"California","06","2014","2014","White","2106-3","Male","M",1914,14582173,13.1,12.5,13.7
,"California","06","2015","2015","American Indian or Alaska Native","1002-5","Male","M",23,390250,5.9,3.7,8.8
,"California","06","2015","2015","Asian or Pacific Islander","A-PI","Female","F",22,3289643,0.7,0.4,1.0
,"California","06","2015","2015","Asian or Pacific Islander","A-PI","Male","M",137,2986427,4.6,3.8,5.4
,"California","06","2015","2015","Black or African American","2054-5","Female","F",40,1425867,2.8,2.0,3.8
,"California","06","2015","2015","Black or African American","2054-5","Male","M",482,1401954,34.4,31.3,37.4
,"California","06","2015","2015","White","2106-3","Female","F",270,14603781,1.8,1.6,2.1
,"California","06","2015","2015","White","2106-3","Male","M",2018,14664437,13.8,13.2,14.4
,"California","06","2016","2016","American Indian or Alaska Native","1002-5","Male","M",39,390325,10.0,7.1,13.7
,"California","06","2016","2016","Asian or Pacific Islander","A-PI","Female","F",17,3332913,Unreliable,0.3,0.8
,"California","06","2016","2016","Asian or Pacific Islander","A-PI","Male","M",144,3029885,4.8,4.0,5.5
,"California","06","2016","2016","Black or African American","2054-5","Female","F",54,1426985,3.8,2.8,4.9
,"California","06","2016","2016","Black or African American","2054-5","Male","M",521,1402279,37.2,34.0,40.3
,"California","06","2016","2016","White","2106-3","Female","F",286,14613728,2.0,1.7,2.2
,"California","06","2016","2016","White","2106-3","Male","M",2044,14670872,13.9,13.3,14.5
,"California","06","2017","2017","American Indian or Alaska Native","1002-5","Male","M",34,391973,8.7,6.0,12.1
,"California","06","2017","2017","Asian or Pacific Islander","A-PI","Female","F",36,3430594,1.0,0.7,1.5
,"California","06","2017","2017","Asian or Pacific Islander","A-PI","Male","M",143,3118068,4.6,3.8,5.3
,"California","06","2017","2017","Black or African American","2054-5","Female","F",36,1431051,2.5,1.8,3.5
,"California","06","2017","2017","Black or African American","2054-5","Male","M",447,1410736,31.7,28.7,34.6
,"California","06","2017","2017","White","2106-3","Female","F",299,14642766,2.0,1.8,2.3
,"California","06","2017","2017","White","2106-3","Male","M",2098,14726776,14.2,13.6,14.9
,"California","06","2018","2018","American Indian or Alaska Native","1002-5","Male","M",30,392414,7.6,5.2,10.9
,"California","06","2018","2018","Asian or Pacific Islander","A-PI","Female","F",24,3468631,0.7,0.4,1.0
,"California","06","2018","2018","Asian or Pacific Islander","A-PI","Male","M",126,3157535,4.0,3.3,4.7
,"California","06","2018","2018","Black or African American","2054-5","Female","F",43,1433638,3.0,2.2,4.0
,"California","06","2018","2018","Black or African American","2054-5","Male","M",387,1417457,27.3,24.6,30.0
,"California","06","2018","2018","White","2106-3","Female","F",284,14605654,1.9,1.7,2.2
,"California","06","2018","2018","White","2106-3","Male","M",2057,14696171,14.0,13.4,14.6
,"California","06","2019","2019","American Indian or Alaska Native","1002-5","Male","M",21,391583,5.4,3.3,8.2
,"California","06","2019","2019","Asian or Pacific Islander","A-PI","Female","F",23,3493211,0.7,0.4,1.0
,"California","06","2019","2019","Asian or Pacific Islander","A-PI","Male","M",135,3185423,4.2,3.5,5.0
,"California","06","2019","2019","Black or African American","2054-5","Female","F",47,1432396,3.3,2.4,4.4
,"California","06","2019","2019","Black or African American","2054-5","Male","M",415,1420744,29.2,26.4,32.0
,"California","06","2019","2019","White","2106-3","Female","F",271,14556661,1.9,1.6,2.1
,"California","06","2019","2019","White","2106-3","Male","M",1954,14647104,13.3,12.7,13.9
,"California","06","2020","2020","American Indian or Alaska Native","1002-5","Male","M",25,401004,6.2,4.0,9.2
,"California","06","2020","2020","Asian or Pacific Islander","A-PI","Female","F",29,3559235,0.8,0.5,1.2
,"California","06","2020","2020","Asian or Pacific Islander","A-PI","Male","M",155,3260317,4.8,4.0,5.5
,"California","06","2020","2020","Black or African American","2054-5","Female","F",74,1439130,5.1,4.0,6.5
,"California","06","2020","2020","Black or African American","2054-5","Male","M",602,1432320,42.0,38.7,45.4
,"California","06","2020","2020","White","2106-3","Female","F",290,14397367,2.0,1.8,2.2
,"California","06","2020","2020","White","2106-3","Male","M",2169,14483848,15.0,14.3,15.6
,"Colorado","08","1999","1999","Black or African American","2054-5","Male","M",28,94708,29.6,19.6,42.7
,"Colorado","08","1999","1999","White","2106-3","Female","F",64,1930473,3.3,2.6,4.2
,"Colorado","08","1999","1999","White","2106-3","Male","M",337,1952428,17.3,15.4,19.1
,"Colorado","08","2000","2000","Black or African American","2054-5","Male","M",22,98029,22.4,14.1,34.0
,"Colorado","08","2000","2000","White","2106-3","Female","F",66,1957118,3.4,2.6,4.3
,"Colorado","08","2000","2000","White","2106-3","Male","M",335,1984788,16.9,15.1,18.7
,"Colorado","08","2001","2001","Black or African American","2054-5","Male","M",25,102249,24.5,15.8,36.1
,"Colorado","08","2001","2001","White","2106-3","Female","F",74,2007381,3.7,2.9,4.6
,"Colorado","08","2001","2001","White","2106-3","Male","M",397,2038752,19.5,17.6,21.4
,"Colorado","08","2002","2002","Black or African American","2054-5","Male","M",33,104651,31.5,21.7,44.3
,"Colorado","08","2002","2002","White","2106-3","Female","F",73,2033557,3.6,2.8,4.5
,"Colorado","08","2002","2002","White","2106-3","Male","M",387,2064190,18.7,16.9,20.6
,"Colorado","08","2003","2003","Black or African American","2054-5","Male","M",29,105326,27.5,18.4,39.5
,"Colorado","08","2003","2003","White","2106-3","Female","F",65,2053169,3.2,2.4,4.0
,"Colorado","08","2003","2003","White","2106-3","Male","M",384,2074461,18.5,16.7,20.4
,"Colorado","08","2004","2004","Black or African American","2054-5","Male","M",33,108718,30.4,20.9,42.6
,"Colorado","08","2004","2004","White","2106-3","Female","F",75,2068534,3.6,2.9,4.5
,"Colorado","08","2004","2004","White","2106-3","Male","M",417,2092418,19.9,18.0,21.8
,"Colorado","08","2005","2005","Black or African American","2054-5","Male","M",36,109941,32.7,22.9,45.3
,"Colorado","08","2005","2005","White","2106-3","Female","F",65,2095666,3.1,2.4,4.0
,"Colorado","08","2005","2005","White","2106-3","Male","M",410,2110882,19.4,17.5,21.3
,"Colorado","08","2006","2006","Asian or Pacific Islander","A-PI","Male","M",10,68885,Unreliable,7.0,26.7
,"Colorado","08","2006","2006","Black or African American","2054-5","Male","M",21,113775,18.5,11.4,28.2
,"Colorado","08","2006","2006","White","2106-3","Female","F",83,2131843,3.9,3.1,4.8
,"Colorado","08","2006","2006","White","2106-3","Male","M",367,2146621,17.1,15.3,18.8
,"Colorado","08","2007","2007","Black or African American","2054-5","Male","M",25,116916,21.4,13.8,31.6
,"Colorado","08","2007","2007","White","2106-3","Female","F",57,2167190,2.6,2.0,3.4
,"Colorado","08","2007","2007","White","2106-3","Male","M",402,2179296,18.4,16.6,20.2
,"Colorado","08","2008","2008","Black or African American","2054-5","Male","M",28,120954,23.1,15.4,33.5
,"Colorado","08","2008","2008","White","2106-3","Female","F",58,2201124,2.6,2.0,3.4
,"Colorado","08","2008","2008","White","2106-3","Male","M",410,2213403,18.5,16.7,20.3
,"Colorado","08","2009","2009","Black or African American","2054-5","Male","M",29,125052,23.2,15.5,33.3
,"Colorado","08","2009","2009","White","2106-3","Female","F",82,2233809,3.7,2.9,4.6
,"Colorado","08","2009","2009","White","2106-3","Male","M",451,2244756,20.1,18.2,21.9
,"Colorado","08","2010","2010","Black or African American","2054-5","Male","M",32,128410,24.9,17.0,35.2
,"Colorado","08","2010","2010","White","2106-3","Female","F",76,2254089,3.4,2.7,4.2
,"Colorado","08","2010","2010","White","2106-3","Male","M",422,2266212,18.6,16.8,20.4
,"Colorado","08","2011","2011","Black or African American","2054-5","Male","M",29,133416,21.7,14.6,31.2
,"Colorado","08","2011","2011","White","2106-3","Female","F",74,2286349,3.2,2.5,4.1
,"Colorado","08","2011","2011","White","2106-3","Male","M",443,2302851,19.2,17.4,21.0
,"Colorado","08","2012","2012","American Indian or Alaska Native","1002-5","Male","M",14,49271,Unreliable,15.5,47.7
,"Colorado","08","2012","2012","Black or African American","2054-5","Male","M",34,136482,24.9,17.3,34.8
,"Colorado","08","2012","2012","White","2106-3","Female","F",90,2314300,3.9,3.1,4.8
,"Colorado","08","2012","2012","White","2106-3","Male","M",518,2332917,22.2,20.3,24.1
,"Colorado","08","2013","2013","Black or African American","2054-5","Male","M",24,140220,17.1,11.0,25.5
,"Colorado","08","2013","2013","White","2106-3","Female","F",85,2344357,3.6,2.9,4.5
,"Colorado","08","2013","2013","White","2106-3","Male","M",481,2367847,20.3,18.5,22.1
,"Colorado","08","2014","2014","Black or African American","2054-5","Male","M",25,145606,17.2,11.1,25.3
,"Colorado","08","2014","2014","White","2106-3","Female","F",96,2377666,4.0,3.3,4.9
,"Colorado","08","2014","2014","White","2106-3","Male","M",517,2401821,21.5,19.7,23.4
,"Colorado","08","2015","2015","Black or African American","2054-5","Male","M",43,150257,28.6,20.7,38.5
,"Colorado","08","2015","2015","White","2106-3","Female","F",91,2415808,3.8,3.0,4.6
,"Colorado","08","2015","2015","White","2106-3","Male","M",532,2444251,21.8,19.9,23.6
,"Colorado","08","2016","2016","Black or African American","2054-5","Male","M",42,152904,27.5,19.8,37.1
,"Colorado","08","2016","2016","White","2106-3","Female","F",114,2452137,4.6,3.8,5.5
,"Colorado","08","2016","2016","White","2106-3","Male","M",609,2480136,24.6,22.6,26.5
,"Colorado","08","2017","2017","Asian or Pacific Islander","A-PI","Male","M",11,103844,Unreliable,5.3,19.0
,"Colorado","08","2017","2017","Black or African American","2054-5","Male","M",45,156540,28.7,21.0,38.5
,"Colorado","08","2017","2017","White","2106-3","Female","F",99,2474126,4.0,3.3,4.9
,"Colorado","08","2017","2017","White","2106-3","Male","M",587,2508401,23.4,21.5,25.3
,"Colorado","08","2018","2018","American Indian or Alaska Native","1002-5","Male","M",18,54824,Unreliable,19.5,51.9
,"Colorado","08","2018","2018","Asian or Pacific Islander","A-PI","Male","M",14,109166,Unreliable,7.0,21.5
,"Colorado","08","2018","2018","Black or African American","2054-5","Male","M",66,160870,41.0,31.7,52.2
,"Colorado","08","2018","2018","White","2106-3","Female","F",115,2507393,4.6,3.7,5.4
,"Colorado","08","2018","2018","White","2106-3","Male","M",639,2543008,25.1,23.2,27.1
,"Colorado","08","2019","2019","American Indian or Alaska Native","1002-5","Male","M",11,55919,Unreliable,9.8,35.2
,"Colorado","08","2019","2019","Black or African American","2054-5","Male","M",45,164144,27.4,20.0,36.7
,"Colorado","08","2019","2019","White","2106-3","Female","F",118,2530461,4.7,3.8,5.5
,"Colorado","08","2019","2019","White","2106-3","Male","M",631,2569077,24.6,22.6,26.5
,"Colorado","08","2020","2020","American Indian or Alaska Native","1002-5","Male","M",14,57801,Unreliable,13.2,40.6
,"Colorado","08","2020","2020","Black or African American","2054-5","Male","M",79,167964,47.0,37.2,58.6
,"Colorado","08","2020","2020","White","2106-3","Female","F",107,2546443,4.2,3.4,5.0
,"Colorado","08","2020","2020","White","2106-3","Male","M",679,2584466,26.3,24.3,28.2
,"Connecticut","09","1999","1999","Black or African American","2054-5","Male","M",42,162682,25.8,18.6,34.9
,"Connecticut","09","1999","1999","White","2106-3","Female","F",12,1517316,Unreliable,0.4,1.4
,"Connecticut","09","1999","1999","White","2106-3","Male","M",141,1427459,9.9,8.2,11.5
,"Connecticut","09","2000","2000","Black or African American","2054-5","Male","M",41,165467,24.8,17.8,33.6
,"Connecticut","09","2000","2000","White","2106-3","Female","F",11,1521261,Unreliable,0.4,1.3
,"Connecticut","09","2000","2000","White","2106-3","Male","M",118,1431983,8.2,6.8,9.7
,"Connecticut","09","2001","2001","Black or African American","2054-5","Male","M",46,169368,27.2,19.9,36.2
,"Connecticut","09","2001","2001","White","2106-3","Female","F",12,1526178,Unreliable,0.4,1.4
,"Connecticut","09","2001","2001","White","2106-3","Male","M",130,1439050,9.0,7.5,10.6
,"Connecticut","09","2002","2002","Black or African American","2054-5","Male","M",39,172984,22.5,16.0,30.8
,"Connecticut","09","2002","2002","White","2106-3","Female","F",10,1529990,Unreliable,0.3,1.2
,"Connecticut","09","2002","2002","White","2106-3","Male","M",96,1445949,6.6,5.4,8.1
,"Connecticut","09","2003","2003","Black or African American","2054-5","Male","M",29,176457,16.4,11.0,23.6
,"Connecticut","09","2003","2003","White","2106-3","Female","F",18,1534880,Unreliable,0.7,1.9
,"Connecticut","09","2003","2003","White","2106-3","Male","M",101,1451258,7.0,5.6,8.3
,"Connecticut","09","2004","2004","Black or African American","2054-5","Male","M",42,179197,23.4,16.9,31.7
,"Connecticut","09","2004","2004","White","2106-3","Female","F",14,1533567,Unreliable,0.5,1.5
,"Connecticut","09","2004","2004","White","2106-3","Male","M",108,1452688,7.4,6.0,8.8
,"Connecticut","09","2005","2005","Black or African American","2054-5","Male","M",46,182038,25.3,18.5,33.7
,"Connecticut","09","2005","2005","White","2106-3","Female","F",15,1531059,Unreliable,0.5,1.6
,"Connecticut","09","2005","2005","White","2106-3","Male","M",123,1453683,8.5,7.0,10.0
,"Connecticut","09","2006","2006","Black or African American","2054-5","Male","M",58,185020,31.3,23.8,40.5
,"Connecticut","09","2006","2006","White","2106-3","Female","F",12,1529847,Unreliable,0.4,1.4
,"Connecticut","09","2006","2006","White","2106-3","Male","M",94,1452267,6.5,5.2,7.9
,"Connecticut","09","2007","2007","Black or African American","2054-5","Male","M",34,188372,18.0,12.5,25.2
,"Connecticut","09","2007","2007","White","2106-3","Female","F",14,1527439,Unreliable,0.5,1.5
,"Connecticut","09","2007","2007","White","2106-3","Male","M",95,1451874,6.5,5.3,8.0
,"Connecticut","09","2008","2008","Black or African American","2054-5","Male","M",46,191680,24.0,17.6,32.0
,"Connecticut","09","2008","2008","White","2106-3","Female","F",19,1529304,Unreliable,0.7,1.9
,"Connecticut","09","2008","2008","White","2106-3","Male","M",132,1454712,9.1,7.5,10.6
,"Connecticut","09","2009","2009","Black or African American","2054-5","Male","M",48,195522,24.5,18.1,32.5
,"Connecticut","09","2009","2009","White","2106-3","Female","F",17,1529535,Unreliable,0.6,1.8
,"Connecticut","09","2009","2009","White","2106-3","Male","M",103,1456309,7.1,5.7,8.4
,"Connecticut","09","2010","2010","Black or African American","2054-5","Male","M",63,198513,31.7,24.4,40.6
,"Connecticut","09","2010","2010","White","2106-3","Female","F",11,1529529,Unreliable,0.4,1.3
,"Connecticut","09","2010","2010","White","2106-3","Male","M",124,1457609,8.5,7.0,10.0
,"Connecticut","09","2011","2011","Black or African American","2054-5","Male","M",67,201024,33.3,25.8,42.3
,"Connecticut","09","2011","2011","White","2106-3","Female","F",13,1526432,Unreliable,0.5,1.5
,"Connecticut","09","2011","2011","White","2106-3","Male","M",124,1457761,8.5,7.0,10.0
,"Connecticut","09","2012","2012","Black or African American","2054-5","Male","M",44,204024,21.6,15.7,29.0
,"Connecticut","09","2012","2012","White","2106-3","Female","F",35,1523795,2.3,1.6,3.2
,"Connecticut","09","2012","2012","White","2106-3","Male","M",137,1456896,9.4,7.8,11.0
,"Connecticut","09","2013","2013","Black or African American","2054-5","Male","M",38,207822,18.3,12.9,25.1
,"Connecticut","09","2013","2013","White","2106-3","Male","M",111,1454568,7.6,6.2,9.1
,"Connecticut","09","2014","2014","Black or African American","2054-5","Male","M",35,211420,16.6,11.5,23.0
,"Connecticut","09","2014","2014","White","2106-3","Female","F",16,1512052,Unreliable,0.6,1.7
,"Connecticut","09","2014","2014","White","2106-3","Male","M",135,1448162,9.3,7.7,10.9
,"Connecticut","09","2015","2015","Black or African American","2054-5","Male","M",39,213769,18.2,13.0,24.9
,"Connecticut","09","2015","2015","White","2106-3","Female","F",16,1503805,Unreliable,0.6,1.7
,"Connecticut","09","2015","2015","White","2106-3","Male","M",123,1440204,8.5,7.0,10.0
,"Connecticut","09","2016","2016","Black or African American","2054-5","Male","M",42,215547,19.5,14.0,26.3
,"Connecticut","09","2016","2016","White","2106-3","Female","F",11,1493113,Unreliable,0.4,1.3
,"Connecticut","09","2016","2016","White","2106-3","Male","M",110,1431161,7.7,6.2,9.1
,"Connecticut","09","2017","2017","Black or African American","2054-5","Male","M",49,218326,22.4,16.6,29.7
,"Connecticut","09","2017","2017","White","2106-3","Female","F",15,1491605,Unreliable,0.6,1.7
,"Connecticut","09","2017","2017","White","2106-3","Male","M",112,1431337,7.8,6.4,9.3
,"Connecticut","09","2018","2018","Black or African American","2054-5","Male","M",35,219897,15.9,11.1,22.1
,"Connecticut","09","2018","2018","White","2106-3","Female","F",19,1482568,Unreliable,0.8,2.0
,"Connecticut","09","2018","2018","White","2106-3","Male","M",127,1420836,8.9,7.4,10.5
,"Connecticut","09","2019","2019","Black or African American","2054-5","Male","M",48,222173,21.6,15.9,28.6
,"Connecticut","09","2019","2019","White","2106-3","Female","F",12,1473534,Unreliable,0.4,1.4
,"Connecticut","09","2019","2019","White","2106-3","Male","M",122,1412870,8.6,7.1,10.2
,"Connecticut","09","2020","2020","Black or African American","2054-5","Male","M",66,228058,28.9,22.4,36.8
,"Connecticut","09","2020","2020","White","2106-3","Female","F",17,1462201,Unreliable,0.7,1.9
,"Connecticut","09","2020","2020","White","2106-3","Male","M",122,1399855,8.7,7.2,10.3
,"Delaware","10","1999","1999","White","2106-3","Male","M",46,293655,15.7,11.5,20.9
,"Delaware","10","2000","2000","White","2106-3","Male","M",36,295670,12.2,8.5,16.9
,"Delaware","10","2001","2001","Black or African American","2054-5","Male","M",14,76965,Unreliable,9.9,30.5
,"Delaware","10","2001","2001","White","2106-3","Female","F",15,312287,Unreliable,2.7,7.9
,"Delaware","10","2001","2001","White","2106-3","Male","M",44,298155,14.8,10.7,19.8
,"Delaware","10","2002","2002","Black or African American","2054-5","Male","M",21,79055,26.6,16.4,40.6
,"Delaware","10","2002","2002","White","2106-3","Male","M",43,300600,14.3,10.4,19.3
,"Delaware","10","2003","2003","Black or African American","2054-5","Male","M",16,81084,Unreliable,11.3,32.0
,"Delaware","10","2003","2003","White","2106-3","Male","M",40,303329,13.2,9.4,18.0
,"Delaware","10","2004","2004","Black or African American","2054-5","Male","M",22,83158,26.5,16.6,40.1
,"Delaware","10","2004","2004","White","2106-3","Male","M",40,306533,13.0,9.3,17.8
,"Delaware","10","2005","2005","Black or African American","2054-5","Male","M",23,85890,26.8,17.0,40.2
,"Delaware","10","2005","2005","White","2106-3","Male","M",43,309321,13.9,10.1,18.7
,"Delaware","10","2006","2006","Black or African American","2054-5","Male","M",29,88542,32.8,21.9,47.0
,"Delaware","10","2006","2006","White","2106-3","Male","M",36,312288,11.5,8.1,16.0
,"Delaware","10","2007","2007","Black or African American","2054-5","Male","M",24,90860,26.4,16.9,39.3
,"Delaware","10","2007","2007","White","2106-3","Female","F",10,330199,Unreliable,1.5,5.6
,"Delaware","10","2007","2007","White","2106-3","Male","M",40,314907,12.7,9.1,17.3
,"Delaware","10","2008","2008","Black or African American","2054-5","Male","M",42,93496,44.9,32.4,60.7
,"Delaware","10","2008","2008","White","2106-3","Male","M",46,317486,14.5,10.6,19.3
,"Delaware","10","2009","2009","Black or African American","2054-5","Male","M",26,95280,27.3,17.8,40.0
,"Delaware","10","2009","2009","White","2106-3","Male","M",39,318480,12.2,8.7,16.7
,"Delaware","10","2010","2010","Black or African American","2054-5","Male","M",34,96775,35.1,24.3,49.1
,"Delaware","10","2010","2010","White","2106-3","Male","M",46,319573,14.4,10.5,19.2
,"Delaware","10","2011","2011","Black or African American","2054-5","Male","M",24,98177,24.4,15.7,36.4
,"Delaware","10","2011","2011","White","2106-3","Female","F",12,337663,Unreliable,1.8,6.2
,"Delaware","10","2011","2011","White","2106-3","Male","M",39,322441,12.1,8.6,16.5
,"Delaware","10","2012","2012","Black or African American","2054-5","Male","M",35,99691,35.1,24.5,48.8
,"Delaware","10","2012","2012","White","2106-3","Male","M",43,324500,13.3,9.6,17.8
,"Delaware","10","2013","2013","Black or African American","2054-5","Male","M",32,101067,31.7,21.7,44.7
,"Delaware","10","2013","2013","White","2106-3","Female","F",15,342077,Unreliable,2.5,7.2
,"Delaware","10","2013","2013","White","2106-3","Male","M",51,326066,15.6,11.6,20.6
,"Delaware","10","2014","2014","Black or African American","2054-5","Male","M",35,102858,34.0,23.7,47.3
,"Delaware","10","2014","2014","White","2106-3","Male","M",59,328186,18.0,13.7,23.2
,"Delaware","10","2015","2015","Black or African American","2054-5","Male","M",49,104572,46.9,34.7,61.9
,"Delaware","10","2015","2015","White","2106-3","Female","F",12,346591,Unreliable,1.8,6.0
,"Delaware","10","2015","2015","White","2106-3","Male","M",44,330558,13.3,9.7,17.9
,"Delaware","10","2016","2016","Black or African American","2054-5","Male","M",34,106236,32.0,22.2,44.7
,"Delaware","10","2016","2016","White","2106-3","Male","M",62,331123,18.7,14.4,24.0
,"Delaware","10","2017","2017","Black or African American","2054-5","Male","M",48,108571,44.2,32.6,58.6
,"Delaware","10","2017","2017","White","2106-3","Female","F",10,349543,Unreliable,1.4,5.3
,"Delaware","10","2017","2017","White","2106-3","Male","M",45,332552,13.5,9.9,18.1
,"Delaware","10","2018","2018","Black or African American","2054-5","Male","M",42,110099,38.1,27.5,51.6
,"Delaware","10","2018","2018","White","2106-3","Male","M",48,333163,14.4,10.6,19.1
,"Delaware","10","2019","2019","Black or African American","2054-5","Male","M",37,111879,33.1,23.3,45.6
,"Delaware","10","2019","2019","White","2106-3","Male","M",41,333960,12.3,8.8,16.7
,"Delaware","10","2020","2020","Black or African American","2054-5","Male","M",67,114838,58.3,45.2,74.1
,"Delaware","10","2020","2020","White","2106-3","Male","M",51,335894,15.2,11.3,20.0
,"District of Columbia","11","1999","1999","Black or African American","2054-5","Female","F",10,193200,Unreliable,2.5,9.5
,"District of Columbia","11","1999","1999","Black or African American","2054-5","Male","M",140,160821,87.1,72.6,101.5
,"District of Columbia","11","2000","2000","Black or African American","2054-5","Female","F",11,193089,Unreliable,2.8,10.2
,"District of Columbia","11","2000","2000","Black or African American","2054-5","Male","M",127,160543,79.1,65.3,92.9
,"District of Columbia","11","2001","2001","Black or African American","2054-5","Male","M",150,158551,94.6,79.5,109.7
,"District of Columbia","11","2001","2001","White","2106-3","Male","M",10,103117,Unreliable,4.7,17.8
,"District of Columbia","11","2002","2002","Black or African American","2054-5","Female","F",21,188986,11.1,6.9,17.0
,"District of Columbia","11","2002","2002","Black or African American","2054-5","Male","M",163,157094,103.8,87.8,119.7
,"District of Columbia","11","2003","2003","Black or African American","2054-5","Male","M",152,154702,98.3,82.6,113.9
,"District of Columbia","11","2004","2004","Black or African American","2054-5","Female","F",10,183272,Unreliable,2.6,10.0
,"District of Columbia","11","2004","2004","Black or African American","2054-5","Male","M",130,152025,85.5,70.8,100.2
,"District of Columbia","11","2005","2005","Black or African American","2054-5","Female","F",10,180043,Unreliable,2.7,10.2
,"District of Columbia","11","2005","2005","Black or African American","2054-5","Male","M",137,149286,91.8,76.4,107.1
,"District of Columbia","11","2006","2006","Black or African American","2054-5","Male","M",119,147437,80.7,66.2,95.2
,"District of Columbia","11","2007","2007","Black or African American","2054-5","Female","F",12,175505,Unreliable,3.5,11.9
,"District of Columbia","11","2007","2007","Black or African American","2054-5","Male","M",122,145989,83.6,68.7,98.4
,"District of Columbia","11","2008","2008","Black or African American","2054-5","Male","M",113,144700,78.1,63.7,92.5
,"District of Columbia","11","2009","2009","Black or African American","2054-5","Male","M",96,144766,66.3,53.7,81.0
,"District of Columbia","11","2010","2010","Black or African American","2054-5","Male","M",80,144418,55.4,43.9,68.9
,"District of Columbia","11","2010","2010","White","2106-3","Male","M",10,127362,Unreliable,3.8,14.4
,"District of Columbia","11","2011","2011","Black or African American","2054-5","Male","M",74,146005,50.7,39.8,63.6
,"District of Columbia","11","2012","2012","Black or African American","2054-5","Male","M",57,147450,38.7,29.3,50.1
,"District of Columbia","11","2013","2013","Black or African American","2054-5","Male","M",61,149241,40.9,31.3,52.5
,"District of Columbia","11","2014","2014","Black or African American","2054-5","Male","M",64,151031,42.4,32.6,54.1
,"District of Columbia","11","2015","2015","Black or African American","2054-5","Male","M",99,151790,65.2,53.0,79.4
,"District of Columbia","11","2016","2016","Black or African American","2054-5","Male","M",93,152043,61.2,49.4,74.9
,"District of Columbia","11","2017","2017","Black or African American","2054-5","Male","M",80,152830,52.3,41.5,65.1
,"District of Columbia","11","2018","2018","Black or African American","2054-5","Female","F",11,183289,Unreliable,3.0,10.7
,"District of Columbia","11","2018","2018","Black or African American","2054-5","Male","M",106,152939,69.3,56.1,82.5
,"District of Columbia","11","2019","2019","Black or African American","2054-5","Male","M",127,152076,83.5,69.0,98.0
,"District of Columbia","11","2020","2020","Black or African American","2054-5","Female","F",22,183111,12.0,7.5,18.2
,"District of Columbia","11","2020","2020","Black or African American","2054-5","Male","M",134,152057,88.1,73.2,103.0
,"District of Columbia","11","2020","2020","White","2106-3","Male","M",10,167475,Unreliable,2.9,11.0
,"Florida","12","1999","1999","Black or African American","2054-5","Female","F",44,1255363,3.5,2.5,4.7
,"Florida","12","1999","1999","Black or African American","2054-5","Male","M",277,1163720,23.8,21.0,26.6
,"Florida","12","1999","1999","White","2106-3","Female","F",254,6629027,3.8,3.4,4.3
,"Florida","12","1999","1999","White","2106-3","Male","M",1120,6349696,17.6,16.6,18.7
,"Florida","12","2000","2000","Black or African American","2054-5","Female","F",30,1280913,2.3,1.6,3.3
,"Florida","12","2000","2000","Black or African American","2054-5","Male","M",294,1187565,24.8,21.9,27.6
,"Florida","12","2000","2000","White","2106-3","Female","F",237,6705029,3.5,3.1,4.0
,"Florida","12","2000","2000","White","2106-3","Male","M",1108,6427061,17.2,16.2,18.3
,"Florida","12","2001","2001","Black or African American","2054-5","Female","F",37,1324608,2.8,2.0,3.9
,"Florida","12","2001","2001","Black or African American","2054-5","Male","M",304,1228606,24.7,22.0,27.5
,"Florida","12","2001","2001","White","2106-3","Female","F",246,6833739,3.6,3.1,4.0
,"Florida","12","2001","2001","White","2106-3","Male","M",1212,6559116,18.5,17.4,19.5
,"Florida","12","2002","2002","Asian or Pacific Islander","A-PI","Male","M",14,170622,Unreliable,4.5,13.8
,"Florida","12","2002","2002","Black or African American","2054-5","Female","F",48,1363767,3.5,2.6,4.7
,"Florida","12","2002","2002","Black or African American","2054-5","Male","M",355,1263764,28.1,25.2,31.0
,"Florida","12","2002","2002","White","2106-3","Female","F",250,6948991,3.6,3.2,4.0
,"Florida","12","2002","2002","White","2106-3","Male","M",1201,6674585,18.0,17.0,19.0
,"Florida","12","2003","2003","Asian or Pacific Islander","A-PI","Male","M",15,181437,Unreliable,4.6,13.6
,"Florida","12","2003","2003","Black or African American","2054-5","Female","F",52,1400657,3.7,2.8,4.9
,"Florida","12","2003","2003","Black or African American","2054-5","Male","M",388,1299486,29.9,26.9,32.8
,"Florida","12","2003","2003","White","2106-3","Female","F",235,7053660,3.3,2.9,3.8
,"Florida","12","2003","2003","White","2106-3","Male","M",1239,6784942,18.3,17.2,19.3
,"Florida","12","2004","2004","Black or African American","2054-5","Female","F",52,1445760,3.6,2.7,4.7
,"Florida","12","2004","2004","Black or African American","2054-5","Male","M",380,1340686,28.3,25.5,31.2
,"Florida","12","2004","2004","White","2106-3","Female","F",268,7196797,3.7,3.3,4.2
,"Florida","12","2004","2004","White","2106-3","Male","M",1167,6935095,16.8,15.9,17.8
,"Florida","12","2005","2005","Asian or Pacific Islander","A-PI","Male","M",14,208505,Unreliable,3.7,11.3
,"Florida","12","2005","2005","Black or African American","2054-5","Female","F",47,1495414,3.1,2.3,4.2
,"Florida","12","2005","2005","Black or African American","2054-5","Male","M",381,1386372,27.5,24.7,30.2
,"Florida","12","2005","2005","White","2106-3","Female","F",238,7344055,3.2,2.8,3.7
,"Florida","12","2005","2005","White","2106-3","Male","M",1138,7084592,16.1,15.1,17.0
,"Florida","12","2006","2006","Asian or Pacific Islander","A-PI","Male","M",10,221345,Unreliable,2.2,8.3
,"Florida","12","2006","2006","Black or African American","2054-5","Female","F",55,1540166,3.6,2.7,4.6
,"Florida","12","2006","2006","Black or African American","2054-5","Male","M",427,1429084,29.9,27.0,32.7
,"Florida","12","2006","2006","White","2106-3","Female","F",273,7444486,3.7,3.2,4.1
,"Florida","12","2006","2006","White","2106-3","Male","M",1294,7189757,18.0,17.0,19.0
,"Florida","12","2007","2007","Asian or Pacific Islander","A-PI","Male","M",24,231241,10.4,6.6,15.4
,"Florida","12","2007","2007","Black or African American","2054-5","Female","F",55,1570043,3.5,2.6,4.6
,"Florida","12","2007","2007","Black or African American","2054-5","Male","M",522,1458981,35.8,32.7,38.8
,"Florida","12","2007","2007","White","2106-3","Female","F",280,7500333,3.7,3.3,4.2
,"Florida","12","2007","2007","White","2106-3","Male","M",1364,7250652,18.8,17.8,19.8
,"Florida","12","2008","2008","Asian or Pacific Islander","A-PI","Male","M",10,239070,Unreliable,2.0,7.7
,"Florida","12","2008","2008","Black or African American","2054-5","Female","F",49,1599833,3.1,2.3,4.0
,"Florida","12","2008","2008","Black or African American","2054-5","Male","M",521,1486562,35.0,32.0,38.1
,"Florida","12","2008","2008","White","2106-3","Female","F",300,7546154,4.0,3.5,4.4
,"Florida","12","2008","2008","White","2106-3","Male","M",1431,7286783,19.6,18.6,20.7
,"Florida","12","2009","2009","Asian or Pacific Islander","A-PI","Male","M",11,245806,Unreliable,2.2,8.0
,"Florida","12","2009","2009","Black or African American","2054-5","Female","F",62,1624390,3.8,2.9,4.9
,"Florida","12","2009","2009","Black or African American","2054-5","Male","M",484,1509098,32.1,29.2,34.9
,"Florida","12","2009","2009","White","2106-3","Female","F",322,7581370,4.2,3.8,4.7
,"Florida","12","2009","2009","White","2106-3","Male","M",1421,7312821,19.4,18.4,20.4
,"Florida","12","2010","2010","Asian or Pacific Islander","A-PI","Male","M",16,251552,Unreliable,3.6,10.3
,"Florida","12","2010","2010","Black or African American","2054-5","Female","F",61,1644914,3.7,2.8,4.8
,"Florida","12","2010","2010","Black or African American","2054-5","Male","M",412,1527806,27.0,24.4,29.6
,"Florida","12","2010","2010","White","2106-3","Female","F",313,7630888,4.1,3.6,4.6
,"Florida","12","2010","2010","White","2106-3","Male","M",1441,7358237,19.6,18.6,20.6
,"Florida","12","2011","2011","Asian or Pacific Islander","A-PI","Male","M",10,261764,Unreliable,1.8,7.0
,"Florida","12","2011","2011","Black or African American","2054-5","Female","F",63,1679593,3.8,2.9,4.8
,"Florida","12","2011","2011","Black or African American","2054-5","Male","M",468,1563053,29.9,27.2,32.7
,"Florida","12","2011","2011","White","2106-3","Female","F",297,7705823,3.9,3.4,4.3
,"Florida","12","2011","2011","White","2106-3","Male","M",1511,7442457,20.3,19.3,21.3
,"Florida","12","2012","2012","Asian or Pacific Islander","A-PI","Male","M",19,271064,Unreliable,4.2,10.9
,"Florida","12","2012","2012","Black or African American","2054-5","Female","F",69,1716026,4.0,3.1,5.1
,"Florida","12","2012","2012","Black or African American","2054-5","Male","M",531,1595570,33.3,30.4,36.1
,"Florida","12","2012","2012","White","2106-3","Female","F",349,7790575,4.5,4.0,4.9
,"Florida","12","2012","2012","White","2106-3","Male","M",1471,7526074,19.5,18.5,20.5
,"Florida","12","2013","2013","Asian or Pacific Islander","A-PI","Male","M",18,280352,Unreliable,3.8,10.1
,"Florida","12","2013","2013","Black or African American","2054-5","Female","F",66,1746627,3.8,2.9,4.8
,"Florida","12","2013","2013","Black or African American","2054-5","Male","M",498,1624625,30.7,28.0,33.3
,"Florida","12","2013","2013","White","2106-3","Female","F",343,7868991,4.4,3.9,4.8
,"Florida","12","2013","2013","White","2106-3","Male","M",1484,7601389,19.5,18.5,20.5
,"Florida","12","2014","2014","Asian or Pacific Islander","A-PI","Male","M",14,293734,Unreliable,2.6,8.0
,"Florida","12","2014","2014","Black or African American","2054-5","Female","F",44,1789105,2.5,1.8,3.3
,"Florida","12","2014","2014","Black or African American","2054-5","Male","M",529,1662801,31.8,29.1,34.5
,"Florida","12","2014","2014","White","2106-3","Female","F",309,7989956,3.9,3.4,4.3
,"Florida","12","2014","2014","White","2106-3","Male","M",1485,7709387,19.3,18.3,20.2
,"Florida","12","2015","2015","Asian or Pacific Islander","A-PI","Male","M",20,305656,6.5,4.0,10.1
,"Florida","12","2015","2015","Black or African American","2054-5","Female","F",65,1829903,3.6,2.7,4.5
,"Florida","12","2015","2015","Black or African American","2054-5","Male","M",569,1699081,33.5,30.7,36.2
,"Florida","12","2015","2015","White","2106-3","Female","F",305,8132197,3.8,3.3,4.2
,"Florida","12","2015","2015","White","2106-3","Male","M",1576,7839257,20.1,19.1,21.1
,"Florida","12","2016","2016","Asian or Pacific Islander","A-PI","Male","M",22,312179,7.0,4.4,10.7
,"Florida","12","2016","2016","Black or African American","2054-5","Female","F",85,1863070,4.6,3.6,5.6
,"Florida","12","2016","2016","Black or African American","2054-5","Male","M",591,1734669,34.1,31.3,36.8
,"Florida","12","2016","2016","White","2106-3","Female","F",367,8264777,4.4,4.0,4.9
,"Florida","12","2016","2016","White","2106-3","Male","M",1614,7963838,20.3,19.3,21.3
,"Florida","12","2017","2017","Asian or Pacific Islander","A-PI","Male","M",19,325789,Unreliable,3.5,9.1
,"Florida","12","2017","2017","Black or African American","2054-5","Female","F",67,1903989,3.5,2.7,4.5
,"Florida","12","2017","2017","Black or African American","2054-5","Male","M",587,1774456,33.1,30.4,35.8
,"Florida","12","2017","2017","White","2106-3","Female","F",354,8392374,4.2,3.8,4.7
,"Florida","12","2017","2017","White","2106-3","Male","M",1673,8096096,20.7,19.7,21.7
,"Florida","12","2018","2018","Asian or Pacific Islander","A-PI","Male","M",13,335456,Unreliable,2.1,6.6
,"Florida","12","2018","2018","Black or African American","2054-5","Female","F",81,1932601,4.2,3.3,5.2
,"Florida","12","2018","2018","Black or African American","2054-5","Male","M",605,1803842,33.5,30.9,36.2
,"Florida","12","2018","2018","White","2106-3","Female","F",339,8511168,4.0,3.6,4.4
,"Florida","12","2018","2018","White","2106-3","Male","M",1830,8210580,22.3,21.3,23.3
,"Florida","12","2019","2019","Asian or Pacific Islander","A-PI","Male","M",25,338159,7.4,4.8,10.9
,"Florida","12","2019","2019","Black or African American","2054-5","Female","F",71,1953170,3.6,2.8,4.6
,"Florida","12","2019","2019","Black or African American","2054-5","Male","M",654,1821276,35.9,33.2,38.7
,"Florida","12","2019","2019","White","2106-3","Female","F",365,8579910,4.3,3.8,4.7
,"Florida","12","2019","2019","White","2106-3","Male","M",1720,8274592,20.8,19.8,21.8
,"Florida","12","2020","2020","Asian or Pacific Islander","A-PI","Male","M",25,349466,7.2,4.6,10.6
,"Florida","12","2020","2020","Black or African American","2054-5","Female","F",107,1985663,5.4,4.4,6.4
,"Florida","12","2020","2020","Black or African American","2054-5","Male","M",790,1854522,42.6,39.6,45.6
,"Florida","12","2020","2020","White","2106-3","Female","F",361,8665471,4.2,3.7,4.6
,"Florida","12","2020","2020","White","2106-3","Male","M",1697,8350540,20.3,19.4,21.3
,"Georgia","13","1999","1999","Asian or Pacific Islander","A-PI","Male","M",14,86615,Unreliable,8.8,27.1
,"Georgia","13","1999","1999","Black or African American","2054-5","Female","F",49,1239075,4.0,2.9,5.2
,"Georgia","13","1999","1999","Black or African American","2054-5","Male","M",349,1104549,31.6,28.3,34.9
,"Georgia","13","1999","1999","White","2106-3","Female","F",135,2756311,4.9,4.1,5.7
,"Georgia","13","1999","1999","White","2106-3","Male","M",545,2747297,19.8,18.2,21.5
,"Georgia","13","2000","2000","Asian or Pacific Islander","A-PI","Male","M",12,94968,Unreliable,6.5,22.1
,"Georgia","13","2000","2000","Black or African American","2054-5","Female","F",53,1264801,4.2,3.1,5.5
,"Georgia","13","2000","2000","Black or African American","2054-5","Male","M",333,1130433,29.5,26.3,32.6
,"Georgia","13","2000","2000","White","2106-3","Female","F",132,2784676,4.7,3.9,5.5
,"Georgia","13","2000","2000","White","2106-3","Male","M",553,2787360,19.8,18.2,21.5
,"Georgia","13","2001","2001","Black or African American","2054-5","Female","F",45,1303258,3.5,2.5,4.6
,"Georgia","13","2001","2001","Black or African American","2054-5","Male","M",307,1164928,26.4,23.4,29.3
,"Georgia","13","2001","2001","White","2106-3","Female","F",136,2832055,4.8,4.0,5.6
,"Georgia","13","2001","2001","White","2106-3","Male","M",613,2836389,21.6,19.9,23.3
,"Georgia","13","2002","2002","Asian or Pacific Islander","A-PI","Male","M",10,111368,Unreliable,4.3,16.5
,"Georgia","13","2002","2002","Black or African American","2054-5","Female","F",49,1333660,3.7,2.7,4.9
,"Georgia","13","2002","2002","Black or African American","2054-5","Male","M",337,1188862,28.3,25.3,31.4
,"Georgia","13","2002","2002","White","2106-3","Female","F",124,2864104,4.3,3.6,5.1
,"Georgia","13","2002","2002","White","2106-3","Male","M",596,2863301,20.8,19.1,22.5
,"Georgia","13","2003","2003","Asian or Pacific Islander","A-PI","Male","M",10,118025,Unreliable,4.1,15.6
,"Georgia","13","2003","2003","Black or African American","2054-5","Female","F",55,1362086,4.0,3.0,5.3
,"Georgia","13","2003","2003","Black or African American","2054-5","Male","M",326,1209405,27.0,24.0,29.9
,"Georgia","13","2003","2003","White","2106-3","Female","F",134,2894047,4.6,3.8,5.4
,"Georgia","13","2003","2003","White","2106-3","Male","M",635,2882539,22.0,20.3,23.7
,"Georgia","13","2004","2004","Asian or Pacific Islander","A-PI","Male","M",10,125339,Unreliable,3.8,14.7
,"Georgia","13","2004","2004","Black or African American","2054-5","Female","F",40,1393717,2.9,2.1,3.9
,"Georgia","13","2004","2004","Black or African American","2054-5","Male","M",304,1241619,24.5,21.7,27.2
,"Georgia","13","2004","2004","White","2106-3","Female","F",137,2921848,4.7,3.9,5.5
,"Georgia","13","2004","2004","White","2106-3","Male","M",557,2919529,19.1,17.5,20.7
,"Georgia","13","2005","2005","Black or African American","2054-5","Female","F",48,1432882,3.3,2.5,4.4
,"Georgia","13","2005","2005","Black or African American","2054-5","Male","M",329,1269514,25.9,23.1,28.7
,"Georgia","13","2005","2005","White","2106-3","Female","F",123,2964185,4.1,3.4,4.9
,"Georgia","13","2005","2005","White","2106-3","Male","M",541,2947221,18.4,16.8,19.9
,"Georgia","13","2006","2006","Asian or Pacific Islander","A-PI","Male","M",21,143194,14.7,9.1,22.4
,"Georgia","13","2006","2006","Black or African American","2054-5","Female","F",43,1487254,2.9,2.1,3.9
,"Georgia","13","2006","2006","Black or African American","2054-5","Male","M",377,1318673,28.6,25.7,31.5
,"Georgia","13","2006","2006","White","2106-3","Female","F",135,3013099,4.5,3.7,5.2
,"Georgia","13","2006","2006","White","2106-3","Male","M",541,3001381,18.0,16.5,19.5
,"Georgia","13","2007","2007","Black or African American","2054-5","Female","F",55,1535492,3.6,2.7,4.7
,"Georgia","13","2007","2007","Black or African American","2054-5","Male","M",414,1356433,30.5,27.6,33.5
,"Georgia","13","2007","2007","White","2106-3","Female","F",125,3061219,4.1,3.4,4.8
,"Georgia","13","2007","2007","White","2106-3","Male","M",629,3040753,20.7,19.1,22.3
,"Georgia","13","2008","2008","Asian or Pacific Islander","A-PI","Male","M",14,159634,Unreliable,4.8,14.7
,"Georgia","13","2008","2008","Black or African American","2054-5","Female","F",70,1572192,4.5,3.5,5.6
,"Georgia","13","2008","2008","Black or African American","2054-5","Male","M",383,1390436,27.5,24.8,30.3
,"Georgia","13","2008","2008","White","2106-3","Female","F",147,3093581,4.8,4.0,5.5
,"Georgia","13","2008","2008","White","2106-3","Male","M",549,3072335,17.9,16.4,19.4
,"Georgia","13","2009","2009","Asian or Pacific Islander","A-PI","Male","M",16,166383,Unreliable,5.5,15.6
,"Georgia","13","2009","2009","Black or African American","2054-5","Female","F",60,1604312,3.7,2.9,4.8
,"Georgia","13","2009","2009","Black or African American","2054-5","Male","M",343,1418697,24.2,21.6,26.7
,"Georgia","13","2009","2009","White","2106-3","Female","F",158,3113298,5.1,4.3,5.9
,"Georgia","13","2009","2009","White","2106-3","Male","M",658,3090882,21.3,19.7,22.9
,"Georgia","13","2010","2010","Asian or Pacific Islander","A-PI","Male","M",13,171147,Unreliable,4.0,13.0
,"Georgia","13","2010","2010","Black or African American","2054-5","Female","F",53,1624351,3.3,2.4,4.3
,"Georgia","13","2010","2010","Black or African American","2054-5","Male","M",373,1433466,26.0,23.4,28.7
,"Georgia","13","2010","2010","White","2106-3","Female","F",144,3127489,4.6,3.9,5.4
,"Georgia","13","2010","2010","White","2106-3","Male","M",632,3096065,20.4,18.8,22.0
,"Georgia","13","2011","2011","Asian or Pacific Islander","A-PI","Male","M",13,177875,Unreliable,3.9,12.5
,"Georgia","13","2011","2011","Black or African American","2054-5","Female","F",48,1649060,2.9,2.1,3.9
,"Georgia","13","2011","2011","Black or African American","2054-5","Male","M",353,1464301,24.1,21.6,26.6
,"Georgia","13","2011","2011","White","2106-3","Female","F",163,3149278,5.2,4.4,6.0
,"Georgia","13","2011","2011","White","2106-3","Male","M",638,3131228,20.4,18.8,22.0
,"Georgia","13","2012","2012","Asian or Pacific Islander","A-PI","Male","M",19,185887,Unreliable,6.2,16.0
,"Georgia","13","2012","2012","Black or African American","2054-5","Female","F",66,1675503,3.9,3.0,5.0
,"Georgia","13","2012","2012","Black or African American","2054-5","Male","M",386,1487790,25.9,23.4,28.5
,"Georgia","13","2012","2012","White","2106-3","Female","F",170,3169589,5.4,4.6,6.2
,"Georgia","13","2012","2012","White","2106-3","Male","M",621,3147675,19.7,18.2,21.3
,"Georgia","13","2013","2013","Asian or Pacific Islander","A-PI","Male","M",16,193246,Unreliable,4.7,13.4
,"Georgia","13","2013","2013","Black or African American","2054-5","Female","F",58,1700679,3.4,2.6,4.4
,"Georgia","13","2013","2013","Black or African American","2054-5","Male","M",363,1505843,24.1,21.6,26.6
,"Georgia","13","2013","2013","White","2106-3","Female","F",150,3177386,4.7,4.0,5.5
,"Georgia","13","2013","2013","White","2106-3","Male","M",657,3152527,20.8,19.2,22.4
,"Georgia","13","2014","2014","Asian or Pacific Islander","A-PI","Male","M",13,204089,Unreliable,3.4,10.9
,"Georgia","13","2014","2014","Black or African American","2054-5","Female","F",53,1730861,3.1,2.3,4.0
,"Georgia","13","2014","2014","Black or African American","2054-5","Male","M",446,1529579,29.2,26.5,31.9
,"Georgia","13","2014","2014","White","2106-3","Female","F",176,3195323,5.5,4.7,6.3
,"Georgia","13","2014","2014","White","2106-3","Male","M",683,3163440,21.6,20.0,23.2
,"Georgia","13","2015","2015","Asian or Pacific Islander","A-PI","Male","M",19,215752,Unreliable,5.3,13.8
,"Georgia","13","2015","2015","Black or African American","2054-5","Female","F",72,1764305,4.1,3.2,5.1
,"Georgia","13","2015","2015","Black or African American","2054-5","Male","M",494,1556114,31.7,28.9,34.5
,"Georgia","13","2015","2015","White","2106-3","Female","F",178,3214465,5.5,4.7,6.4
,"Georgia","13","2015","2015","White","2106-3","Male","M",665,3177934,20.9,19.3,22.5
,"Georgia","13","2016","2016","Asian or Pacific Islander","A-PI","Male","M",19,221828,Unreliable,5.2,13.4
,"Georgia","13","2016","2016","Black or African American","2054-5","Female","F",77,1799566,4.3,3.4,5.3
,"Georgia","13","2016","2016","Black or African American","2054-5","Male","M",568,1585076,35.8,32.9,38.8
,"Georgia","13","2016","2016","White","2106-3","Female","F",161,3227721,5.0,4.2,5.8
,"Georgia","13","2016","2016","White","2106-3","Male","M",728,3183060,22.9,21.2,24.5
,"Georgia","13","2017","2017","Asian or Pacific Islander","A-PI","Male","M",18,231819,Unreliable,4.6,12.3
,"Georgia","13","2017","2017","Black or African American","2054-5","Female","F",84,1833248,4.6,3.7,5.7
,"Georgia","13","2017","2017","Black or African American","2054-5","Male","M",583,1614138,36.1,33.2,39.1
,"Georgia","13","2017","2017","White","2106-3","Female","F",176,3246238,5.4,4.6,6.2
,"Georgia","13","2017","2017","White","2106-3","Male","M",737,3198419,23.0,21.4,24.7
,"Georgia","13","2018","2018","Asian or Pacific Islander","A-PI","Male","M",22,238850,9.2,5.8,13.9
,"Georgia","13","2018","2018","Black or African American","2054-5","Female","F",90,1861485,4.8,3.9,5.9
,"Georgia","13","2018","2018","Black or African American","2054-5","Male","M",552,1638011,33.7,30.9,36.5
,"Georgia","13","2018","2018","White","2106-3","Female","F",192,3260043,5.9,5.1,6.7
,"Georgia","13","2018","2018","White","2106-3","Male","M",794,3206710,24.8,23.0,26.5
,"Georgia","13","2019","2019","Asian or Pacific Islander","A-PI","Male","M",24,243958,9.8,6.3,14.6
,"Georgia","13","2019","2019","Black or African American","2054-5","Female","F",84,1888712,4.4,3.5,5.5
,"Georgia","13","2019","2019","Black or African American","2054-5","Male","M",607,1661066,36.5,33.6,39.4
,"Georgia","13","2019","2019","White","2106-3","Female","F",187,3278419,5.7,4.9,6.5
,"Georgia","13","2019","2019","White","2106-3","Male","M",774,3223084,24.0,22.3,25.7
,"Georgia","13","2020","2020","Asian or Pacific Islander","A-PI","Male","M",27,254648,10.6,7.0,15.4
,"Georgia","13","2020","2020","Black or African American","2054-5","Female","F",110,1920197,5.7,4.7,6.8
,"Georgia","13","2020","2020","Black or African American","2054-5","Male","M",804,1686060,47.7,44.4,51.0
,"Georgia","13","2020","2020","White","2106-3","Female","F",171,3287002,5.2,4.4,6.0
,"Georgia","13","2020","2020","White","2106-3","Male","M",757,3227561,23.5,21.8,25.1
,"Hawaii","15","1999","1999","Asian or Pacific Islander","A-PI","Male","M",26,394282,6.6,4.3,9.7
,"Hawaii","15","1999","1999","White","2106-3","Male","M",13,193399,Unreliable,3.6,11.5
,"Hawaii","15","2000","2000","Asian or Pacific Islander","A-PI","Male","M",24,396255,6.1,3.9,9.0
,"Hawaii","15","2000","2000","White","2106-3","Male","M",19,191947,Unreliable,6.0,15.5
,"Hawaii","15","2001","2001","Asian or Pacific Islander","A-PI","Male","M",24,399214,6.0,3.9,8.9
,"Hawaii","15","2001","2001","White","2106-3","Male","M",10,195809,Unreliable,2.4,9.4
,"Hawaii","15","2002","2002","Asian or Pacific Islander","A-PI","Male","M",18,401380,Unreliable,2.7,7.1
,"Hawaii","15","2002","2002","White","2106-3","Male","M",12,199498,Unreliable,3.1,10.5
,"Hawaii","15","2003","2003","Asian or Pacific Islander","A-PI","Male","M",16,404955,Unreliable,2.3,6.4
,"Hawaii","15","2003","2003","White","2106-3","Male","M",13,200373,Unreliable,3.5,11.1
,"Hawaii","15","2004","2004","Asian or Pacific Islander","A-PI","Male","M",17,411795,Unreliable,2.4,6.6
,"Hawaii","15","2004","2004","White","2106-3","Male","M",18,203284,Unreliable,5.2,14.0
,"Hawaii","15","2005","2005","Asian or Pacific Islander","A-PI","Male","M",12,416408,Unreliable,1.5,5.0
,"Hawaii","15","2006","2006","Asian or Pacific Islander","A-PI","Male","M",15,420883,Unreliable,2.0,5.9
,"Hawaii","15","2006","2006","White","2106-3","Male","M",11,213623,Unreliable,2.6,9.2
,"Hawaii","15","2007","2007","Asian or Pacific Islander","A-PI","Male","M",14,424607,Unreliable,1.8,5.5
,"Hawaii","15","2007","2007","White","2106-3","Male","M",17,211761,Unreliable,4.7,12.9
,"Hawaii","15","2008","2008","Asian or Pacific Islander","A-PI","Male","M",17,429288,Unreliable,2.3,6.3
,"Hawaii","15","2008","2008","White","2106-3","Male","M",15,215178,Unreliable,3.9,11.5
,"Hawaii","15","2009","2009","Asian or Pacific Islander","A-PI","Male","M",19,434708,Unreliable,2.6,6.8
,"Hawaii","15","2009","2009","White","2106-3","Male","M",21,216237,9.7,6.0,14.8
,"Hawaii","15","2010","2010","Asian or Pacific Islander","A-PI","Male","M",18,439823,Unreliable,2.4,6.5
,"Hawaii","15","2010","2010","White","2106-3","Male","M",19,218625,Unreliable,5.2,13.6
,"Hawaii","15","2011","2011","Asian or Pacific Islander","A-PI","Male","M",15,439115,Unreliable,1.9,5.6
,"Hawaii","15","2011","2011","White","2106-3","Male","M",23,224515,10.2,6.5,15.4
,"Hawaii","15","2012","2012","Asian or Pacific Islander","A-PI","Male","M",21,443118,4.7,2.9,7.2
,"Hawaii","15","2012","2012","White","2106-3","Male","M",23,230713,10.0,6.3,15.0
,"Hawaii","15","2013","2013","Asian or Pacific Islander","A-PI","Male","M",10,441496,Unreliable,1.1,4.2
,"Hawaii","15","2013","2013","White","2106-3","Male","M",18,237827,Unreliable,4.5,12.0
,"Hawaii","15","2014","2014","White","2106-3","Male","M",27,241639,11.2,7.4,16.3
,"Hawaii","15","2015","2015","Asian or Pacific Islander","A-PI","Male","M",24,446910,5.4,3.4,8.0
,"Hawaii","15","2015","2015","White","2106-3","Male","M",23,244970,9.4,6.0,14.1
,"Hawaii","15","2016","2016","Asian or Pacific Islander","A-PI","Male","M",30,455403,6.6,4.4,9.4
,"Hawaii","15","2016","2016","White","2106-3","Male","M",14,233083,Unreliable,3.3,10.1
,"Hawaii","15","2017","2017","Asian or Pacific Islander","A-PI","Male","M",13,455632,Unreliable,1.5,4.9
,"Hawaii","15","2017","2017","White","2106-3","Male","M",18,231334,Unreliable,4.6,12.3
,"Hawaii","15","2018","2018","Asian or Pacific Islander","A-PI","Male","M",25,453243,5.5,3.6,8.1
,"Hawaii","15","2018","2018","White","2106-3","Male","M",18,228729,Unreliable,4.7,12.4
,"Hawaii","15","2019","2019","Asian or Pacific Islander","A-PI","Male","M",28,451852,6.2,4.1,9.0
,"Hawaii","15","2019","2019","White","2106-3","Male","M",22,227253,9.7,6.1,14.7
,"Hawaii","15","2020","2020","Asian or Pacific Islander","A-PI","Male","M",22,451149,4.9,3.1,7.4
,"Hawaii","15","2020","2020","White","2106-3","Male","M",23,224418,10.2,6.5,15.4
,"Idaho","16","1999","1999","White","2106-3","Female","F",22,616853,3.6,2.2,5.4
,"Idaho","16","1999","1999","White","2106-3","Male","M",122,619156,19.7,16.2,23.2
,"Idaho","16","2000","2000","White","2106-3","Female","F",15,623629,Unreliable,1.3,4.0
,"Idaho","16","2000","2000","White","2106-3","Male","M",104,626909,16.6,13.4,19.8
,"Idaho","16","2001","2001","White","2106-3","Female","F",31,634947,4.9,3.3,6.9
,"Idaho","16","2001","2001","White","2106-3","Male","M",134,638757,21.0,17.4,24.5
,"Idaho","16","2002","2002","White","2106-3","Female","F",14,644420,Unreliable,1.2,3.6
,"Idaho","16","2002","2002","White","2106-3","Male","M",143,647518,22.1,18.5,25.7
,"Idaho","16","2003","2003","White","2106-3","Female","F",19,654457,Unreliable,1.7,4.5
,"Idaho","16","2003","2003","White","2106-3","Male","M",139,658114,21.1,17.6,24.6
,"Idaho","16","2004","2004","White","2106-3","Female","F",20,666462,3.0,1.8,4.6
,"Idaho","16","2004","2004","White","2106-3","Male","M",151,671918,22.5,18.9,26.1
,"Idaho","16","2005","2005","White","2106-3","Female","F",23,683535,3.4,2.1,5.0
,"Idaho","16","2005","2005","White","2106-3","Male","M",165,687759,24.0,20.3,27.7
,"Idaho","16","2006","2006","White","2106-3","Female","F",23,702170,3.3,2.1,4.9
,"Idaho","16","2006","2006","White","2106-3","Male","M",149,706286,21.1,17.7,24.5
,"Idaho","16","2007","2007","White","2106-3","Female","F",17,718285,Unreliable,1.4,3.8
,"Idaho","16","2007","2007","White","2106-3","Male","M",159,722964,22.0,18.6,25.4
,"Idaho","16","2008","2008","White","2106-3","Female","F",22,731524,3.0,1.9,4.6
,"Idaho","16","2008","2008","White","2106-3","Male","M",142,736219,19.3,16.1,22.5
,"Idaho","16","2009","2009","White","2106-3","Female","F",29,740921,3.9,2.6,5.6
,"Idaho","16","2009","2009","White","2106-3","Male","M",156,744244,21.0,17.7,24.3
,"Idaho","16","2010","2010","White","2106-3","Female","F",22,746964,2.9,1.8,4.5
,"Idaho","16","2010","2010","White","2106-3","Male","M",171,749820,22.8,19.4,26.2
,"Idaho","16","2011","2011","White","2106-3","Female","F",26,754055,3.4,2.3,5.1
,"Idaho","16","2011","2011","White","2106-3","Male","M",158,756234,20.9,17.6,24.2
,"Idaho","16","2012","2012","White","2106-3","Female","F",28,759166,3.7,2.5,5.3
,"Idaho","16","2012","2012","White","2106-3","Male","M",173,760550,22.7,19.4,26.1
,"Idaho","16","2013","2013","White","2106-3","Female","F",33,765725,4.3,3.0,6.1
,"Idaho","16","2013","2013","White","2106-3","Male","M",188,767626,24.5,21.0,28.0
,"Idaho","16","2014","2014","White","2106-3","Female","F",36,775247,4.6,3.3,6.4
,"Idaho","16","2014","2014","White","2106-3","Male","M",170,777360,21.9,18.6,25.2
,"Idaho","16","2015","2015","White","2106-3","Female","F",35,783965,4.5,3.1,6.2
,"Idaho","16","2015","2015","White","2106-3","Male","M",203,786075,25.8,22.3,29.4
,"Idaho","16","2016","2016","White","2106-3","Female","F",37,796584,4.6,3.3,6.4
,"Idaho","16","2016","2016","White","2106-3","Male","M",190,799859,23.8,20.4,27.1
,"Idaho","16","2017","2017","White","2106-3","Female","F",36,811143,4.4,3.1,6.1
,"Idaho","16","2017","2017","White","2106-3","Male","M",235,815294,28.8,25.1,32.5
,"Idaho","16","2018","2018","White","2106-3","Female","F",50,827569,6.0,4.5,8.0
,"Idaho","16","2018","2018","White","2106-3","Male","M",227,832459,27.3,23.7,30.8
,"Idaho","16","2019","2019","White","2106-3","Female","F",39,842770,4.6,3.3,6.3
,"Idaho","16","2019","2019","White","2106-3","Male","M",197,848312,23.2,20.0,26.5
,"Idaho","16","2020","2020","White","2106-3","Female","F",43,860857,5.0,3.6,6.7
,"Idaho","16","2020","2020","White","2106-3","Male","M",262,866338,30.2,26.6,33.9
,"Illinois","17","1999","1999","Black or African American","2054-5","Female","F",47,1020831,4.6,3.4,6.1
,"Illinois","17","1999","1999","Black or African American","2054-5","Male","M",510,902429,56.5,51.6,61.4
,"Illinois","17","1999","1999","White","2106-3","Female","F",77,5045484,1.5,1.2,1.9
,"Illinois","17","1999","1999","White","2106-3","Male","M",566,4906281,11.5,10.6,12.5
,"Illinois","17","2000","2000","Black or African American","2054-5","Female","F",46,1026401,4.5,3.3,6.0
,"Illinois","17","2000","2000","Black or African American","2054-5","Male","M",463,907401,51.0,46.4,55.7
,"Illinois","17","2000","2000","White","2106-3","Female","F",63,5056749,1.2,1.0,1.6
,"Illinois","17","2000","2000","White","2106-3","Male","M",548,4924771,11.1,10.2,12.1
,"Illinois","17","2001","2001","Black or African American","2054-5","Female","F",47,1029945,4.6,3.4,6.1
,"Illinois","17","2001","2001","Black or African American","2054-5","Male","M",497,910304,54.6,49.8,59.4
,"Illinois","17","2001","2001","White","2106-3","Female","F",90,5069579,1.8,1.4,2.2
,"Illinois","17","2001","2001","White","2106-3","Male","M",639,4945920,12.9,11.9,13.9
,"Illinois","17","2002","2002","Black or African American","2054-5","Female","F",45,1030826,4.4,3.2,5.8
,"Illinois","17","2002","2002","Black or African American","2054-5","Male","M",523,911417,57.4,52.5,62.3
,"Illinois","17","2002","2002","White","2106-3","Female","F",70,5074378,1.4,1.1,1.7
,"Illinois","17","2002","2002","White","2106-3","Male","M",577,4953956,11.6,10.7,12.6
,"Illinois","17","2003","2003","Black or African American","2054-5","Female","F",37,1031418,3.6,2.5,4.9
,"Illinois","17","2003","2003","Black or African American","2054-5","Male","M",499,910922,54.8,50.0,59.6
,"Illinois","17","2003","2003","White","2106-3","Female","F",62,5077409,1.2,0.9,1.6
,"Illinois","17","2003","2003","White","2106-3","Male","M",535,4959900,10.8,9.9,11.7
,"Illinois","17","2004","2004","Black or African American","2054-5","Female","F",36,1031428,3.5,2.4,4.8
,"Illinois","17","2004","2004","Black or African American","2054-5","Male","M",393,913045,43.0,38.8,47.3
,"Illinois","17","2004","2004","White","2106-3","Female","F",76,5078001,1.5,1.2,1.9
,"Illinois","17","2004","2004","White","2106-3","Male","M",479,4969832,9.6,8.8,10.5
,"Illinois","17","2005","2005","Black or African American","2054-5","Female","F",33,1031313,3.2,2.2,4.5
,"Illinois","17","2005","2005","Black or African American","2054-5","Male","M",396,913540,43.3,39.1,47.6
,"Illinois","17","2005","2005","White","2106-3","Female","F",79,5076409,1.6,1.2,1.9
,"Illinois","17","2005","2005","White","2106-3","Male","M",503,4969968,10.1,9.2,11.0
,"Illinois","17","2006","2006","Black or African American","2054-5","Female","F",42,1032676,4.1,2.9,5.5
,"Illinois","17","2006","2006","Black or African American","2054-5","Male","M",475,915160,51.9,47.2,56.6
,"Illinois","17","2006","2006","White","2106-3","Female","F",57,5079323,1.1,0.8,1.5
,"Illinois","17","2006","2006","White","2106-3","Male","M",455,4975113,9.1,8.3,10.0
,"Illinois","17","2007","2007","Black or African American","2054-5","Female","F",46,1034950,4.4,3.3,5.9
,"Illinois","17","2007","2007","Black or African American","2054-5","Male","M",431,916207,47.0,42.6,51.5
,"Illinois","17","2007","2007","White","2106-3","Female","F",56,5091715,1.1,0.8,1.4
,"Illinois","17","2007","2007","White","2106-3","Male","M",484,4986628,9.7,8.8,10.6
,"Illinois","17","2008","2008","Black or African American","2054-5","Female","F",36,1037454,3.5,2.4,4.8
,"Illinois","17","2008","2008","Black or African American","2054-5","Male","M",447,917777,48.7,44.2,53.2
,"Illinois","17","2008","2008","White","2106-3","Female","F",58,5103088,1.1,0.9,1.5
,"Illinois","17","2008","2008","White","2106-3","Male","M",547,4999575,10.9,10.0,11.9
,"Illinois","17","2009","2009","Black or African American","2054-5","Female","F",39,1040782,3.7,2.7,5.1
,"Illinois","17","2009","2009","Black or African American","2054-5","Male","M",452,920044,49.1,44.6,53.7
,"Illinois","17","2009","2009","White","2106-3","Female","F",63,5114689,1.2,0.9,1.6
,"Illinois","17","2009","2009","White","2106-3","Male","M",485,5009049,9.7,8.8,10.5
,"Illinois","17","2010","2010","Black or African American","2054-5","Female","F",34,1043388,3.3,2.3,4.6
,"Illinois","17","2010","2010","Black or African American","2054-5","Male","M",442,922454,47.9,43.4,52.4
,"Illinois","17","2010","2010","White","2106-3","Female","F",63,5121488,1.2,0.9,1.6
,"Illinois","17","2010","2010","White","2106-3","Male","M",510,5015227,10.2,9.3,11.1
,"Illinois","17","2011","2011","Black or African American","2054-5","Female","F",29,1046101,2.8,1.9,4.0
,"Illinois","17","2011","2011","Black or African American","2054-5","Male","M",480,925704,51.9,47.2,56.5
,"Illinois","17","2011","2011","White","2106-3","Female","F",66,5126668,1.3,1.0,1.6
,"Illinois","17","2011","2011","White","2106-3","Male","M",515,5025610,10.2,9.4,11.1
,"Illinois","17","2012","2012","Black or African American","2054-5","Female","F",39,1043653,3.7,2.7,5.1
,"Illinois","17","2012","2012","Black or African American","2054-5","Male","M",504,924755,54.5,49.7,59.3
,"Illinois","17","2012","2012","White","2106-3","Female","F",79,5119173,1.5,1.2,1.9
,"Illinois","17","2012","2012","White","2106-3","Male","M",537,5021494,10.7,9.8,11.6
,"Illinois","17","2013","2013","Black or African American","2054-5","Female","F",33,1041334,3.2,2.2,4.5
,"Illinois","17","2013","2013","Black or African American","2054-5","Male","M",456,923844,49.4,44.8,53.9
,"Illinois","17","2013","2013","White","2106-3","Female","F",85,5109978,1.7,1.3,2.1
,"Illinois","17","2013","2013","White","2106-3","Male","M",517,5019504,10.3,9.4,11.2
,"Illinois","17","2014","2014","Asian or Pacific Islander","A-PI","Male","M",10,350487,Unreliable,1.4,5.2
,"Illinois","17","2014","2014","Black or African American","2054-5","Female","F",36,1040396,3.5,2.4,4.8
,"Illinois","17","2014","2014","Black or African American","2054-5","Male","M",500,923994,54.1,49.4,58.9
,"Illinois","17","2014","2014","White","2106-3","Female","F",71,5100151,1.4,1.1,1.8
,"Illinois","17","2014","2014","White","2106-3","Male","M",549,5001279,11.0,10.1,11.9
,"Illinois","17","2015","2015","Black or African American","2054-5","Female","F",33,1038136,3.2,2.2,4.5
,"Illinois","17","2015","2015","Black or African American","2054-5","Male","M",551,924442,59.6,54.6,64.6
,"Illinois","17","2015","2015","White","2106-3","Female","F",81,5075970,1.6,1.3,2.0
,"Illinois","17","2015","2015","White","2106-3","Male","M",537,4982802,10.8,9.9,11.7
,"Illinois","17","2016","2016","Black or African American","2054-5","Female","F",56,1032364,5.4,4.1,7.0
,"Illinois","17","2016","2016","Black or African American","2054-5","Male","M",731,921472,79.3,73.6,85.1
,"Illinois","17","2016","2016","White","2106-3","Female","F",80,5045781,1.6,1.3,2.0
,"Illinois","17","2016","2016","White","2106-3","Male","M",601,4960782,12.1,11.1,13.1
,"Illinois","17","2017","2017","Asian or Pacific Islander","A-PI","Male","M",10,374127,Unreliable,1.3,4.9
,"Illinois","17","2017","2017","Black or African American","2054-5","Female","F",56,1030322,5.4,4.1,7.1
,"Illinois","17","2017","2017","Black or African American","2054-5","Male","M",733,919949,79.7,73.9,85.4
,"Illinois","17","2017","2017","White","2106-3","Female","F",100,5035637,2.0,1.6,2.4
,"Illinois","17","2017","2017","White","2106-3","Male","M",634,4952763,12.8,11.8,13.8
,"Illinois","17","2018","2018","Black or African American","2054-5","Female","F",59,1025684,5.8,4.4,7.4
,"Illinois","17","2018","2018","Black or African American","2054-5","Male","M",615,914607,67.2,61.9,72.6
,"Illinois","17","2018","2018","White","2106-3","Female","F",101,5000543,2.0,1.6,2.4
,"Illinois","17","2018","2018","White","2106-3","Male","M",589,4917103,12.0,11.0,12.9
,"Illinois","17","2019","2019","Black or African American","2054-5","Female","F",63,1022273,6.2,4.7,7.9
,"Illinois","17","2019","2019","Black or African American","2054-5","Male","M",605,912126,66.3,61.0,71.6
,"Illinois","17","2019","2019","White","2106-3","Female","F",94,4968914,1.9,1.5,2.3
,"Illinois","17","2019","2019","White","2106-3","Male","M",590,4885645,12.1,11.1,13.1
,"Illinois","17","2020","2020","Asian or Pacific Islander","A-PI","Male","M",16,390947,Unreliable,2.3,6.6
,"Illinois","17","2020","2020","Black or African American","2054-5","Female","F",90,1023355,8.8,7.1,10.8
,"Illinois","17","2020","2020","Black or African American","2054-5","Male","M",916,914160,100.2,93.7,106.7
,"Illinois","17","2020","2020","White","2106-3","Female","F",78,4917551,1.6,1.3,2.0
,"Illinois","17","2020","2020","White","2106-3","Male","M",634,4833736,13.1,12.1,14.1
,"Indiana","18","1999","1999","Black or African American","2054-5","Female","F",30,273749,11.0,7.4,15.6
,"Indiana","18","1999","1999","Black or African American","2054-5","Male","M",165,251422,65.6,55.6,75.6
,"Indiana","18","1999","1999","White","2106-3","Female","F",63,2768991,2.3,1.7,2.9
,"Indiana","18","1999","1999","White","2106-3","Male","M",410,2670936,15.4,13.9,16.8
,"Indiana","18","2000","2000","Black or African American","2054-5","Female","F",16,277441,Unreliable,3.3,9.4
,"Indiana","18","2000","2000","Black or African American","2054-5","Male","M",152,255697,59.4,50.0,68.9
,"Indiana","18","2000","2000","White","2106-3","Female","F",71,2776738,2.6,2.0,3.2
,"Indiana","18","2000","2000","White","2106-3","Male","M",421,2683294,15.7,14.2,17.2
,"Indiana","18","2001","2001","Black or African American","2054-5","Female","F",23,283848,8.1,5.1,12.2
,"Indiana","18","2001","2001","Black or African American","2054-5","Male","M",178,262126,67.9,57.9,77.9
,"Indiana","18","2001","2001","White","2106-3","Female","F",106,2789280,3.8,3.1,4.5
,"Indiana","18","2001","2001","White","2106-3","Male","M",418,2698948,15.5,14.0,17.0
,"Indiana","18","2002","2002","Black or African American","2054-5","Female","F",27,288465,9.4,6.2,13.6
,"Indiana","18","2002","2002","Black or African American","2054-5","Male","M",150,266552,56.3,47.3,65.3
,"Indiana","18","2002","2002","White","2106-3","Female","F",83,2794992,3.0,2.4,3.7
,"Indiana","18","2002","2002","White","2106-3","Male","M",452,2706803,16.7,15.2,18.2
,"Indiana","18","2003","2003","Black or African American","2054-5","Female","F",21,293730,7.1,4.4,10.9
,"Indiana","18","2003","2003","Black or African American","2054-5","Male","M",158,271681,58.2,49.1,67.2
,"Indiana","18","2003","2003","White","2106-3","Female","F",80,2805787,2.9,2.3,3.5
,"Indiana","18","2003","2003","White","2106-3","Male","M",426,2720533,15.7,14.2,17.1
,"Indiana","18","2004","2004","Black or African American","2054-5","Female","F",14,298818,Unreliable,2.6,7.9
,"Indiana","18","2004","2004","Black or African American","2054-5","Male","M",147,276916,53.1,44.5,61.7
,"Indiana","18","2004","2004","White","2106-3","Female","F",73,2814221,2.6,2.0,3.3
,"Indiana","18","2004","2004","White","2106-3","Male","M",394,2732259,14.4,13.0,15.8
,"Indiana","18","2005","2005","Black or African American","2054-5","Female","F",18,304557,Unreliable,3.5,9.3
,"Indiana","18","2005","2005","Black or African American","2054-5","Male","M",160,282386,56.7,47.9,65.4
,"Indiana","18","2005","2005","White","2106-3","Female","F",68,2827616,2.4,1.9,3.0
,"Indiana","18","2005","2005","White","2106-3","Male","M",445,2746926,16.2,14.7,17.7
,"Indiana","18","2006","2006","Black or African American","2054-5","Female","F",24,311695,7.7,4.9,11.5
,"Indiana","18","2006","2006","Black or African American","2054-5","Male","M",167,288673,57.9,49.1,66.6
,"Indiana","18","2006","2006","White","2106-3","Female","F",68,2843846,2.4,1.9,3.0
,"Indiana","18","2006","2006","White","2106-3","Male","M",473,2764585,17.1,15.6,18.7
,"Indiana","18","2007","2007","Black or African American","2054-5","Female","F",24,317941,7.5,4.8,11.2
,"Indiana","18","2007","2007","Black or African American","2054-5","Male","M",151,294392,51.3,43.1,59.5
,"Indiana","18","2007","2007","White","2106-3","Female","F",86,2857687,3.0,2.4,3.7
,"Indiana","18","2007","2007","White","2106-3","Male","M",399,2779635,14.4,12.9,15.8
,"Indiana","18","2008","2008","Black or African American","2054-5","Female","F",24,323939,7.4,4.7,11.0
,"Indiana","18","2008","2008","Black or African American","2054-5","Male","M",151,300246,50.3,42.3,58.3
,"Indiana","18","2008","2008","White","2106-3","Female","F",90,2870969,3.1,2.5,3.9
,"Indiana","18","2008","2008","White","2106-3","Male","M",450,2793841,16.1,14.6,17.6
,"Indiana","18","2009","2009","Black or African American","2054-5","Female","F",10,329602,Unreliable,1.5,5.6
,"Indiana","18","2009","2009","Black or African American","2054-5","Male","M",148,305632,48.4,40.6,56.2
,"Indiana","18","2009","2009","White","2106-3","Female","F",76,2879571,2.6,2.1,3.3
,"Indiana","18","2009","2009","White","2106-3","Male","M",492,2802193,17.6,16.0,19.1
,"Indiana","18","2010","2010","Black or African American","2054-5","Female","F",19,334047,Unreliable,3.4,8.9
,"Indiana","18","2010","2010","Black or African American","2054-5","Male","M",143,309551,46.2,38.6,53.8
,"Indiana","18","2010","2010","White","2106-3","Female","F",85,2885143,2.9,2.4,3.6
,"Indiana","18","2010","2010","White","2106-3","Male","M",457,2808423,16.3,14.8,17.8
,"Indiana","18","2011","2011","Black or African American","2054-5","Female","F",14,338795,Unreliable,2.3,6.9
,"Indiana","18","2011","2011","Black or African American","2054-5","Male","M",123,313764,39.2,32.3,46.1
,"Indiana","18","2011","2011","White","2106-3","Female","F",78,2893550,2.7,2.1,3.4
,"Indiana","18","2011","2011","White","2106-3","Male","M",409,2818434,14.5,13.1,15.9
,"Indiana","18","2012","2012","Black or African American","2054-5","Female","F",17,342234,Unreliable,2.9,8.0
,"Indiana","18","2012","2012","Black or African American","2054-5","Male","M",159,317994,50.0,42.2,57.8
,"Indiana","18","2012","2012","White","2106-3","Female","F",101,2895610,3.5,2.8,4.2
,"Indiana","18","2012","2012","White","2106-3","Male","M",502,2822147,17.8,16.2,19.3
,"Indiana","18","2013","2013","Black or African American","2054-5","Female","F",20,346630,5.8,3.5,8.9
,"Indiana","18","2013","2013","Black or African American","2054-5","Male","M",206,322778,63.8,55.1,72.5
,"Indiana","18","2013","2013","White","2106-3","Female","F",100,2902218,3.4,2.8,4.1
,"Indiana","18","2013","2013","White","2106-3","Male","M",513,2830645,18.1,16.6,19.7
,"Indiana","18","2014","2014","Black or African American","2054-5","Female","F",13,350647,Unreliable,2.0,6.3
,"Indiana","18","2014","2014","Black or African American","2054-5","Male","M",173,327679,52.8,44.9,60.7
,"Indiana","18","2014","2014","White","2106-3","Female","F",86,2906846,3.0,2.4,3.7
,"Indiana","18","2014","2014","White","2106-3","Male","M",533,2833754,18.8,17.2,20.4
,"Indiana","18","2015","2015","Black or African American","2054-5","Female","F",32,354442,9.0,6.2,12.7
,"Indiana","18","2015","2015","Black or African American","2054-5","Male","M",187,331524,56.4,48.3,64.5
,"Indiana","18","2015","2015","White","2106-3","Female","F",89,2908850,3.1,2.5,3.8
,"Indiana","18","2015","2015","White","2106-3","Male","M",521,2836709,18.4,16.8,19.9
,"Indiana","18","2016","2016","Black or African American","2054-5","Female","F",32,357781,8.9,6.1,12.6
,"Indiana","18","2016","2016","Black or African American","2054-5","Male","M",247,334707,73.8,64.6,83.0
,"Indiana","18","2016","2016","White","2106-3","Female","F",111,2907077,3.8,3.1,4.5
,"Indiana","18","2016","2016","White","2106-3","Male","M",585,2837136,20.6,18.9,22.3
,"Indiana","18","2017","2017","Black or African American","2054-5","Female","F",34,362843,9.4,6.5,13.1
,"Indiana","18","2017","2017","Black or African American","2054-5","Male","M",231,339694,68.0,59.2,76.8
,"Indiana","18","2017","2017","White","2106-3","Female","F",107,2913664,3.7,3.0,4.4
,"Indiana","18","2017","2017","White","2106-3","Male","M",627,2844616,22.0,20.3,23.8
,"Indiana","18","2018","2018","Black or African American","2054-5","Female","F",34,367906,9.2,6.4,12.9
,"Indiana","18","2018","2018","Black or African American","2054-5","Male","M",233,345396,67.5,58.8,76.1
,"Indiana","18","2018","2018","White","2106-3","Female","F",136,2916338,4.7,3.9,5.4
,"Indiana","18","2018","2018","White","2106-3","Male","M",557,2847465,19.6,17.9,21.2
,"Indiana","18","2019","2019","Black or African American","2054-5","Female","F",31,374311,8.3,5.6,11.8
,"Indiana","18","2019","2019","Black or African American","2054-5","Male","M",243,351855,69.1,60.4,77.7
,"Indiana","18","2019","2019","White","2106-3","Female","F",94,2925321,3.2,2.6,3.9
,"Indiana","18","2019","2019","White","2106-3","Male","M",578,2855449,20.2,18.6,21.9
,"Indiana","18","2020","2020","Black or African American","2054-5","Female","F",50,381852,13.1,9.7,17.3
,"Indiana","18","2020","2020","Black or African American","2054-5","Male","M",317,359308,88.2,78.5,97.9
,"Indiana","18","2020","2020","White","2106-3","Female","F",116,2925727,4.0,3.2,4.7
,"Indiana","18","2020","2020","White","2106-3","Male","M",645,2856048,22.6,20.8,24.3
,"Iowa","19","1999","1999","White","2106-3","Female","F",24,1433552,1.7,1.1,2.5
,"Iowa","19","1999","1999","White","2106-3","Male","M",160,1372916,11.7,9.8,13.5
,"Iowa","19","2000","2000","White","2106-3","Female","F",17,1431494,Unreliable,0.7,1.9
,"Iowa","19","2000","2000","White","2106-3","Male","M",163,1373829,11.9,10.0,13.7
,"Iowa","19","2001","2001","White","2106-3","Female","F",14,1430441,Unreliable,0.5,1.6
,"Iowa","19","2001","2001","White","2106-3","Male","M",165,1375397,12.0,10.2,13.8
,"Iowa","19","2002","2002","White","2106-3","Female","F",25,1427561,1.8,1.1,2.6
,"Iowa","19","2002","2002","White","2106-3","Male","M",161,1375965,11.7,9.9,13.5
,"Iowa","19","2003","2003","White","2106-3","Female","F",22,1427556,1.5,1.0,2.3
,"Iowa","19","2003","2003","White","2106-3","Male","M",176,1378448,12.8,10.9,14.7
,"Iowa","19","2004","2004","White","2106-3","Female","F",12,1429900,Unreliable,0.4,1.5
,"Iowa","19","2004","2004","White","2106-3","Male","M",168,1382123,12.2,10.3,14.0
,"Iowa","19","2005","2005","White","2106-3","Female","F",23,1431007,1.6,1.0,2.4
,"Iowa","19","2005","2005","White","2106-3","Male","M",165,1385968,11.9,10.1,13.7
,"Iowa","19","2006","2006","White","2106-3","Female","F",29,1435786,2.0,1.4,2.9
,"Iowa","19","2006","2006","White","2106-3","Male","M",155,1392522,11.1,9.4,12.9
,"Iowa","19","2007","2007","White","2106-3","Female","F",11,1439268,Unreliable,0.4,1.4
,"Iowa","19","2007","2007","White","2106-3","Male","M",134,1398264,9.6,8.0,11.2
,"Iowa","19","2008","2008","White","2106-3","Female","F",23,1443448,1.6,1.0,2.4
,"Iowa","19","2008","2008","White","2106-3","Male","M",184,1404470,13.1,11.2,15.0
,"Iowa","19","2009","2009","White","2106-3","Female","F",17,1446818,Unreliable,0.7,1.9
,"Iowa","19","2009","2009","White","2106-3","Male","M",165,1409638,11.7,9.9,13.5
,"Iowa","19","2010","2010","White","2106-3","Female","F",31,1449558,2.1,1.5,3.0
,"Iowa","19","2010","2010","White","2106-3","Male","M",171,1414447,12.1,10.3,13.9
,"Iowa","19","2011","2011","Black or African American","2054-5","Male","M",10,58369,Unreliable,8.2,31.5
,"Iowa","19","2011","2011","White","2106-3","Female","F",26,1453068,1.8,1.2,2.6
,"Iowa","19","2011","2011","White","2106-3","Male","M",182,1419951,12.8,11.0,14.7
,"Iowa","19","2012","2012","Black or African American","2054-5","Male","M",11,60512,Unreliable,9.1,32.5
,"Iowa","19","2012","2012","White","2106-3","Female","F",34,1454601,2.3,1.6,3.3
,"Iowa","19","2012","2012","White","2106-3","Male","M",169,1423095,11.9,10.1,13.7
,"Iowa","19","2013","2013","White","2106-3","Female","F",31,1457397,2.1,1.4,3.0
,"Iowa","19","2013","2013","White","2106-3","Male","M",210,1427050,14.7,12.7,16.7
,"Iowa","19","2014","2014","White","2106-3","Female","F",31,1458733,2.1,1.4,3.0
,"Iowa","19","2014","2014","White","2106-3","Male","M",194,1430238,13.6,11.7,15.5
,"Iowa","19","2015","2015","Black or African American","2054-5","Male","M",18,68465,Unreliable,15.6,41.6
,"Iowa","19","2015","2015","White","2106-3","Female","F",37,1461534,2.5,1.8,3.5
,"Iowa","19","2015","2015","White","2106-3","Male","M",184,1434036,12.8,11.0,14.7
,"Iowa","19","2016","2016","Black or African American","2054-5","Male","M",26,71759,36.2,23.7,53.1
,"Iowa","19","2016","2016","White","2106-3","Female","F",25,1460102,1.7,1.1,2.5
,"Iowa","19","2016","2016","White","2106-3","Male","M",230,1434749,16.0,14.0,18.1
,"Iowa","19","2017","2017","Black or African American","2054-5","Male","M",30,74818,40.1,27.1,57.2
,"Iowa","19","2017","2017","White","2106-3","Female","F",20,1460456,1.4,0.8,2.1
,"Iowa","19","2017","2017","White","2106-3","Male","M",234,1435049,16.3,14.2,18.4
,"Iowa","19","2018","2018","Black or African American","2054-5","Male","M",14,77995,Unreliable,9.8,30.1
,"Iowa","19","2018","2018","White","2106-3","Female","F",26,1460331,1.8,1.2,2.6
,"Iowa","19","2018","2018","White","2106-3","Male","M",237,1435676,16.5,14.4,18.6
,"Iowa","19","2019","2019","Black or African American","2054-5","Male","M",23,79930,28.8,18.2,43.2
,"Iowa","19","2019","2019","White","2106-3","Female","F",32,1457415,2.2,1.5,3.1
,"Iowa","19","2019","2019","White","2106-3","Male","M",228,1434180,15.9,13.8,18.0
,"Iowa","19","2020","2020","Black or African American","2054-5","Female","F",11,73668,Unreliable,7.5,26.7
,"Iowa","19","2020","2020","Black or African American","2054-5","Male","M",45,82951,54.2,39.6,72.6
,"Iowa","19","2020","2020","White","2106-3","Female","F",32,1456094,2.2,1.5,3.1
,"Iowa","19","2020","2020","White","2106-3","Male","M",253,1433214,17.7,15.5,19.8
,"Kansas","20","1999","1999","Black or African American","2054-5","Male","M",39,82831,47.1,33.5,64.4
,"Kansas","20","1999","1999","White","2106-3","Female","F",33,1234248,2.7,1.8,3.8
,"Kansas","20","1999","1999","White","2106-3","Male","M",189,1200915,15.7,13.5,18.0
,"Kansas","20","2000","2000","Black or African American","2054-5","Male","M",47,84241,55.8,41.0,74.2
,"Kansas","20","2000","2000","White","2106-3","Female","F",32,1234708,2.6,1.8,3.7
,"Kansas","20","2000","2000","White","2106-3","Male","M",206,1202615,17.1,14.8,19.5
,"Kansas","20","2001","2001","Black or African American","2054-5","Female","F",11,84263,Unreliable,6.5,23.4
,"Kansas","20","2001","2001","Black or African American","2054-5","Male","M",46,85408,53.9,39.4,71.8
,"Kansas","20","2001","2001","White","2106-3","Female","F",33,1237363,2.7,1.8,3.7
,"Kansas","20","2001","2001","White","2106-3","Male","M",170,1207392,14.1,12.0,16.2
,"Kansas","20","2002","2002","Black or African American","2054-5","Male","M",38,86412,44.0,31.1,60.4
,"Kansas","20","2002","2002","White","2106-3","Female","F",33,1240111,2.7,1.8,3.7
,"Kansas","20","2002","2002","White","2106-3","Male","M",188,1210032,15.5,13.3,17.8
,"Kansas","20","2003","2003","Black or African American","2054-5","Male","M",33,87152,37.9,26.1,53.2
,"Kansas","20","2003","2003","White","2106-3","Female","F",37,1243290,3.0,2.1,4.1
,"Kansas","20","2003","2003","White","2106-3","Male","M",223,1211445,18.4,16.0,20.8
,"Kansas","20","2004","2004","Black or African American","2054-5","Female","F",10,86853,Unreliable,5.5,21.2
,"Kansas","20","2004","2004","Black or African American","2054-5","Male","M",44,88457,49.7,36.1,66.8
,"Kansas","20","2004","2004","White","2106-3","Female","F",38,1245793,3.1,2.2,4.2
,"Kansas","20","2004","2004","White","2106-3","Male","M",196,1215185,16.1,13.9,18.4
,"Kansas","20","2005","2005","Black or African American","2054-5","Male","M",39,89284,43.7,31.1,59.7
,"Kansas","20","2005","2005","White","2106-3","Female","F",21,1248977,1.7,1.0,2.6
,"Kansas","20","2005","2005","White","2106-3","Male","M",183,1218228,15.0,12.8,17.2
,"Kansas","20","2006","2006","Black or African American","2054-5","Male","M",39,91620,42.6,30.3,58.2
,"Kansas","20","2006","2006","White","2106-3","Female","F",31,1252316,2.5,1.7,3.5
,"Kansas","20","2006","2006","White","2106-3","Male","M",205,1226076,16.7,14.4,19.0
,"Kansas","20","2007","2007","Black or African American","2054-5","Male","M",27,93116,29.0,19.1,42.2
,"Kansas","20","2007","2007","White","2106-3","Female","F",29,1260320,2.3,1.5,3.3
,"Kansas","20","2007","2007","White","2106-3","Male","M",223,1232339,18.1,15.7,20.5
,"Kansas","20","2008","2008","Black or African American","2054-5","Male","M",43,96010,44.8,32.4,60.3
,"Kansas","20","2008","2008","White","2106-3","Female","F",27,1266406,2.1,1.4,3.1
,"Kansas","20","2008","2008","White","2106-3","Male","M",200,1241957,16.1,13.9,18.3
,"Kansas","20","2009","2009","Black or African American","2054-5","Male","M",31,97768,31.7,21.5,45.0
,"Kansas","20","2009","2009","White","2106-3","Female","F",35,1275042,2.7,1.9,3.8
,"Kansas","20","2009","2009","White","2106-3","Male","M",223,1250055,17.8,15.5,20.2
,"Kansas","20","2010","2010","Black or African American","2054-5","Male","M",36,99633,36.1,25.3,50.0
,"Kansas","20","2010","2010","White","2106-3","Female","F",35,1281280,2.7,1.9,3.8
,"Kansas","20","2010","2010","White","2106-3","Male","M",217,1257664,17.3,15.0,19.5
,"Kansas","20","2011","2011","Black or African American","2054-5","Male","M",29,101966,28.4,19.0,40.8
,"Kansas","20","2011","2011","White","2106-3","Female","F",48,1285285,3.7,2.8,5.0
,"Kansas","20","2011","2011","White","2106-3","Male","M",230,1263963,18.2,15.8,20.5
,"Kansas","20","2012","2012","Black or African American","2054-5","Male","M",37,103862,35.6,25.1,49.1
,"Kansas","20","2012","2012","White","2106-3","Female","F",43,1287257,3.3,2.4,4.5
,"Kansas","20","2012","2012","White","2106-3","Male","M",280,1270236,22.0,19.5,24.6
,"Kansas","20","2013","2013","Black or African American","2054-5","Male","M",40,105048,38.1,27.2,51.9
,"Kansas","20","2013","2013","White","2106-3","Female","F",38,1286487,3.0,2.1,4.1
,"Kansas","20","2013","2013","White","2106-3","Male","M",239,1273714,18.8,16.4,21.1
,"Kansas","20","2014","2014","Black or African American","2054-5","Male","M",29,106633,27.2,18.2,39.1
,"Kansas","20","2014","2014","White","2106-3","Female","F",34,1288214,2.6,1.8,3.7
,"Kansas","20","2014","2014","White","2106-3","Male","M",240,1275019,18.8,16.4,21.2
,"Kansas","20","2015","2015","Black or African American","2054-5","Male","M",37,108315,34.2,24.1,47.1
,"Kansas","20","2015","2015","White","2106-3","Female","F",40,1287529,3.1,2.2,4.2
,"Kansas","20","2015","2015","White","2106-3","Male","M",227,1277429,17.8,15.5,20.1
,"Kansas","20","2016","2016","Black or African American","2054-5","Male","M",51,106532,47.9,35.6,62.9
,"Kansas","20","2016","2016","White","2106-3","Female","F",41,1288535,3.2,2.3,4.3
,"Kansas","20","2016","2016","White","2106-3","Male","M",267,1272898,21.0,18.5,23.5
,"Kansas","20","2017","2017","Black or African American","2054-5","Male","M",58,107177,54.1,41.1,70.0
,"Kansas","20","2017","2017","White","2106-3","Female","F",60,1288359,4.7,3.6,6.0
,"Kansas","20","2017","2017","White","2106-3","Male","M",321,1274243,25.2,22.4,27.9
,"Kansas","20","2018","2018","Black or African American","2054-5","Male","M",54,106964,50.5,37.9,65.9
,"Kansas","20","2018","2018","White","2106-3","Female","F",53,1287634,4.1,3.1,5.4
,"Kansas","20","2018","2018","White","2106-3","Male","M",300,1271727,23.6,20.9,26.3
,"Kansas","20","2019","2019","Black or African American","2054-5","Male","M",45,107419,41.9,30.6,56.1
,"Kansas","20","2019","2019","White","2106-3","Female","F",43,1286977,3.3,2.4,4.5
,"Kansas","20","2019","2019","White","2106-3","Male","M",296,1271463,23.3,20.6,25.9
,"Kansas","20","2020","2020","Black or African American","2054-5","Female","F",10,101630,Unreliable,4.7,18.1
,"Kansas","20","2020","2020","Black or African American","2054-5","Male","M",80,108865,73.5,58.3,91.5
,"Kansas","20","2020","2020","White","2106-3","Female","F",58,1285294,4.5,3.4,5.8
,"Kansas","20","2020","2020","White","2106-3","Male","M",333,1269103,26.2,23.4,29.1
,"Kentucky","21","1999","1999","Black or African American","2054-5","Male","M",50,147415,33.9,25.2,44.7
,"Kentucky","21","1999","1999","White","2106-3","Female","F",77,1880797,4.1,3.2,5.1
,"Kentucky","21","1999","1999","White","2106-3","Male","M",387,1796038,21.5,19.4,23.7
,"Kentucky","21","2000","2000","Black or African American","2054-5","Male","M",56,150132,37.3,28.2,48.4
,"Kentucky","21","2000","2000","White","2106-3","Female","F",76,1886416,4.0,3.2,5.0
,"Kentucky","21","2000","2000","White","2106-3","Male","M",401,1803725,22.2,20.1,24.4
,"Kentucky","21","2001","2001","Black or African American","2054-5","Male","M",47,153774,30.6,22.5,40.6
,"Kentucky","21","2001","2001","White","2106-3","Female","F",68,1892815,3.6,2.8,4.6
,"Kentucky","21","2001","2001","White","2106-3","Male","M",400,1814544,22.0,19.9,24.2
,"Kentucky","21","2002","2002","Black or African American","2054-5","Male","M",54,155962,34.6,26.0,45.2
,"Kentucky","21","2002","2002","White","2106-3","Female","F",80,1899528,4.2,3.3,5.2
,"Kentucky","21","2002","2002","White","2106-3","Male","M",401,1822631,22.0,19.8,24.2
,"Kentucky","21","2003","2003","Black or African American","2054-5","Male","M",56,157518,35.6,26.9,46.2
,"Kentucky","21","2003","2003","White","2106-3","Female","F",73,1911217,3.8,3.0,4.8
,"Kentucky","21","2003","2003","White","2106-3","Male","M",419,1832126,22.9,20.7,25.1
,"Kentucky","21","2004","2004","Black or African American","2054-5","Male","M",51,161629,31.6,23.5,41.5
,"Kentucky","21","2004","2004","White","2106-3","Female","F",84,1917417,4.4,3.5,5.4
,"Kentucky","21","2004","2004","White","2106-3","Male","M",400,1845594,21.7,19.5,23.8
,"Kentucky","21","2005","2005","Black or African American","2054-5","Male","M",54,164667,32.8,24.6,42.8
,"Kentucky","21","2005","2005","White","2106-3","Female","F",89,1930529,4.6,3.7,5.7
,"Kentucky","21","2005","2005","White","2106-3","Male","M",393,1860223,21.1,19.0,23.2
,"Kentucky","21","2006","2006","Black or African American","2054-5","Male","M",43,167240,25.7,18.6,34.6
,"Kentucky","21","2006","2006","White","2106-3","Female","F",66,1945648,3.4,2.6,4.3
,"Kentucky","21","2006","2006","White","2106-3","Male","M",415,1873675,22.1,20.0,24.3
,"Kentucky","21","2007","2007","Black or African American","2054-5","Male","M",65,171611,37.9,29.2,48.3
,"Kentucky","21","2007","2007","White","2106-3","Female","F",90,1956423,4.6,3.7,5.7
,"Kentucky","21","2007","2007","White","2106-3","Male","M",446,1890200,23.6,21.4,25.8
,"Kentucky","21","2008","2008","Black or African American","2054-5","Male","M",62,173574,35.7,27.4,45.8
,"Kentucky","21","2008","2008","White","2106-3","Female","F",82,1971188,4.2,3.3,5.2
,"Kentucky","21","2008","2008","White","2106-3","Male","M",429,1901122,22.6,20.4,24.7
,"Kentucky","21","2009","2009","Black or African American","2054-5","Female","F",12,181162,Unreliable,3.4,11.6
,"Kentucky","21","2009","2009","Black or African American","2054-5","Male","M",53,178066,29.8,22.3,38.9
,"Kentucky","21","2009","2009","White","2106-3","Female","F",93,1976761,4.7,3.8,5.8
,"Kentucky","21","2009","2009","White","2106-3","Male","M",396,1912737,20.7,18.7,22.7
,"Kentucky","21","2010","2010","Black or African American","2054-5","Male","M",42,180502,23.3,16.8,31.5
,"Kentucky","21","2010","2010","White","2106-3","Female","F",73,1984510,3.7,2.9,4.6
,"Kentucky","21","2010","2010","White","2106-3","Male","M",427,1920378,22.2,20.1,24.3
,"Kentucky","21","2011","2011","Black or African American","2054-5","Male","M",57,184242,30.9,23.4,40.1
,"Kentucky","21","2011","2011","White","2106-3","Female","F",90,1994139,4.5,3.6,5.5
,"Kentucky","21","2011","2011","White","2106-3","Male","M",452,1930026,23.4,21.3,25.6
,"Kentucky","21","2012","2012","Black or African American","2054-5","Female","F",13,189974,Unreliable,3.6,11.7
,"Kentucky","21","2012","2012","Black or African American","2054-5","Male","M",73,187632,38.9,30.5,48.9
,"Kentucky","21","2012","2012","White","2106-3","Female","F",102,1993491,5.1,4.1,6.1
,"Kentucky","21","2012","2012","White","2106-3","Male","M",456,1932950,23.6,21.4,25.8
,"Kentucky","21","2013","2013","Black or African American","2054-5","Female","F",10,193150,Unreliable,2.5,9.5
,"Kentucky","21","2013","2013","Black or African American","2054-5","Male","M",52,189964,27.4,20.4,35.9
,"Kentucky","21","2013","2013","White","2106-3","Female","F",112,1997726,5.6,4.6,6.6
,"Kentucky","21","2013","2013","White","2106-3","Male","M",443,1935173,22.9,20.8,25.0
,"Kentucky","21","2014","2014","Black or African American","2054-5","Female","F",10,195277,Unreliable,2.5,9.4
,"Kentucky","21","2014","2014","Black or African American","2054-5","Male","M",61,193560,31.5,24.1,40.5
,"Kentucky","21","2014","2014","White","2106-3","Female","F",104,2002338,5.2,4.2,6.2
,"Kentucky","21","2014","2014","White","2106-3","Male","M",452,1939358,23.3,21.2,25.5
,"Kentucky","21","2015","2015","Black or African American","2054-5","Male","M",74,195763,37.8,29.7,47.5
,"Kentucky","21","2015","2015","White","2106-3","Female","F",107,2004536,5.3,4.3,6.3
,"Kentucky","21","2015","2015","White","2106-3","Male","M",498,1941180,25.7,23.4,27.9
,"Kentucky","21","2016","2016","Black or African American","2054-5","Female","F",20,197961,10.1,6.2,15.6
,"Kentucky","21","2016","2016","Black or African American","2054-5","Male","M",103,197122,52.3,42.2,62.3
,"Kentucky","21","2016","2016","White","2106-3","Female","F",117,2006909,5.8,4.8,6.9
,"Kentucky","21","2016","2016","White","2106-3","Male","M",514,1945755,26.4,24.1,28.7
,"Kentucky","21","2017","2017","Black or African American","2054-5","Female","F",12,201416,Unreliable,3.1,10.4
,"Kentucky","21","2017","2017","Black or African American","2054-5","Male","M",110,199918,55.0,44.7,65.3
,"Kentucky","21","2017","2017","White","2106-3","Female","F",101,2010900,5.0,4.0,6.0
,"Kentucky","21","2017","2017","White","2106-3","Male","M",490,1948868,25.1,22.9,27.4
,"Kentucky","21","2018","2018","Black or African American","2054-5","Female","F",10,203426,Unreliable,2.4,9.0
,"Kentucky","21","2018","2018","Black or African American","2054-5","Male","M",100,202059,49.5,39.8,59.2
,"Kentucky","21","2018","2018","White","2106-3","Female","F",104,2014135,5.2,4.2,6.2
,"Kentucky","21","2018","2018","White","2106-3","Male","M",536,1952029,27.5,25.1,29.8
,"Kentucky","21","2019","2019","Black or African American","2054-5","Female","F",11,204894,Unreliable,2.7,9.6
,"Kentucky","21","2019","2019","Black or African American","2054-5","Male","M",112,203781,55.0,44.8,65.1
,"Kentucky","21","2019","2019","White","2106-3","Female","F",96,2012997,4.8,3.9,5.8
,"Kentucky","21","2019","2019","White","2106-3","Male","M",450,1950279,23.1,20.9,25.2
,"Kentucky","21","2020","2020","Black or African American","2054-5","Female","F",35,207347,16.9,11.8,23.5
,"Kentucky","21","2020","2020","Black or African American","2054-5","Male","M",170,206629,82.3,69.9,94.6
,"Kentucky","21","2020","2020","White","2106-3","Female","F",104,2013572,5.2,4.2,6.2
,"Kentucky","21","2020","2020","White","2106-3","Male","M",579,1949441,29.7,27.3,32.1
,"Louisiana","22","1999","1999","Black or African American","2054-5","Female","F",44,773609,5.7,4.1,7.6
,"Louisiana","22","1999","1999","Black or African American","2054-5","Male","M",295,687824,42.9,38.0,47.8
,"Louisiana","22","1999","1999","White","2106-3","Female","F",80,1487157,5.4,4.3,6.7
,"Louisiana","22","1999","1999","White","2106-3","Male","M",351,1428404,24.6,22.0,27.1
,"Louisiana","22","2000","2000","Black or African American","2054-5","Female","F",41,776957,5.3,3.8,7.2
,"Louisiana","22","2000","2000","Black or African American","2054-5","Male","M",364,691360,52.6,47.2,58.1
,"Louisiana","22","2000","2000","White","2106-3","Female","F",68,1485054,4.6,3.6,5.8
,"Louisiana","22","2000","2000","White","2106-3","Male","M",308,1426957,21.6,19.2,24.0
,"Louisiana","22","2001","2001","Black or African American","2054-5","Female","F",36,780095,4.6,3.2,6.4
,"Louisiana","22","2001","2001","Black or African American","2054-5","Male","M",340,695880,48.9,43.7,54.1
,"Louisiana","22","2001","2001","White","2106-3","Female","F",84,1482470,5.7,4.5,7.0
,"Louisiana","22","2001","2001","White","2106-3","Male","M",315,1427940,22.1,19.6,24.5
,"Louisiana","22","2002","2002","Black or African American","2054-5","Female","F",47,784149,6.0,4.4,8.0
,"Louisiana","22","2002","2002","Black or African American","2054-5","Male","M",389,701426,55.5,49.9,61.0
,"Louisiana","22","2002","2002","White","2106-3","Female","F",77,1484245,5.2,4.1,6.5
,"Louisiana","22","2002","2002","White","2106-3","Male","M",348,1432723,24.3,21.7,26.8
,"Louisiana","22","2003","2003","Black or African American","2054-5","Female","F",45,789385,5.7,4.2,7.6
,"Louisiana","22","2003","2003","Black or African American","2054-5","Male","M",394,707224,55.7,50.2,61.2
,"Louisiana","22","2003","2003","White","2106-3","Female","F",72,1488962,4.8,3.8,6.1
,"Louisiana","22","2003","2003","White","2106-3","Male","M",321,1437559,22.3,19.9,24.8
,"Louisiana","22","2004","2004","Black or African American","2054-5","Female","F",43,795452,5.4,3.9,7.3
,"Louisiana","22","2004","2004","Black or African American","2054-5","Male","M",443,714370,62.0,56.2,67.8
,"Louisiana","22","2004","2004","White","2106-3","Female","F",77,1492737,5.2,4.1,6.4
,"Louisiana","22","2004","2004","White","2106-3","Male","M",331,1448163,22.9,20.4,25.3
,"Louisiana","22","2005","2005","Black or African American","2054-5","Female","F",42,800628,5.2,3.8,7.1
,"Louisiana","22","2005","2005","Black or African American","2054-5","Male","M",389,720403,54.0,48.6,59.4
,"Louisiana","22","2005","2005","White","2106-3","Female","F",87,1496591,5.8,4.7,7.2
,"Louisiana","22","2005","2005","White","2106-3","Male","M",321,1454432,22.1,19.7,24.5
,"Louisiana","22","2006","2006","Black or African American","2054-5","Female","F",40,717890,5.6,4.0,7.6
,"Louisiana","22","2006","2006","Black or African American","2054-5","Male","M",375,651577,57.6,51.7,63.4
,"Louisiana","22","2006","2006","White","2106-3","Female","F",84,1436492,5.8,4.7,7.2
,"Louisiana","22","2006","2006","White","2106-3","Male","M",325,1397595,23.3,20.7,25.8
,"Louisiana","22","2007","2007","Black or African American","2054-5","Female","F",49,739844,6.6,4.9,8.8
,"Louisiana","22","2007","2007","Black or African American","2054-5","Male","M",384,671552,57.2,51.5,62.9
,"Louisiana","22","2007","2007","White","2106-3","Female","F",75,1447623,5.2,4.1,6.5
,"Louisiana","22","2007","2007","White","2106-3","Male","M",344,1413477,24.3,21.8,26.9
,"Louisiana","22","2008","2008","Black or African American","2054-5","Female","F",56,757547,7.4,5.6,9.6
,"Louisiana","22","2008","2008","Black or African American","2054-5","Male","M",348,686929,50.7,45.3,56.0
,"Louisiana","22","2008","2008","White","2106-3","Female","F",68,1458073,4.7,3.6,5.9
,"Louisiana","22","2008","2008","White","2106-3","Male","M",345,1425574,24.2,21.6,26.8
,"Louisiana","22","2009","2009","Black or African American","2054-5","Female","F",36,769918,4.7,3.3,6.5
,"Louisiana","22","2009","2009","Black or African American","2054-5","Male","M",372,699070,53.2,47.8,58.6
,"Louisiana","22","2009","2009","White","2106-3","Female","F",79,1469123,5.4,4.3,6.7
,"Louisiana","22","2009","2009","White","2106-3","Male","M",315,1441386,21.9,19.4,24.3
,"Louisiana","22","2010","2010","Black or African American","2054-5","Female","F",38,778104,4.9,3.5,6.7
,"Louisiana","22","2010","2010","Black or African American","2054-5","Male","M",358,707271,50.6,45.4,55.9
,"Louisiana","22","2010","2010","White","2106-3","Female","F",85,1478162,5.8,4.6,7.1
,"Louisiana","22","2010","2010","White","2106-3","Male","M",378,1454306,26.0,23.4,28.6
,"Louisiana","22","2011","2011","Black or African American","2054-5","Female","F",56,788954,7.1,5.4,9.2
,"Louisiana","22","2011","2011","Black or African American","2054-5","Male","M",363,717382,50.6,45.4,55.8
,"Louisiana","22","2011","2011","White","2106-3","Female","F",86,1487505,5.8,4.6,7.1
,"Louisiana","22","2011","2011","White","2106-3","Male","M",351,1461628,24.0,21.5,26.5
,"Louisiana","22","2012","2012","Black or African American","2054-5","Female","F",42,794148,5.3,3.8,7.1
,"Louisiana","22","2012","2012","Black or African American","2054-5","Male","M",371,722568,51.3,46.1,56.6
,"Louisiana","22","2012","2012","White","2106-3","Female","F",93,1493739,6.2,5.0,7.6
,"Louisiana","22","2012","2012","White","2106-3","Male","M",333,1468432,22.7,20.2,25.1
,"Louisiana","22","2013","2013","Black or African American","2054-5","Female","F",35,799456,4.4,3.0,6.1
,"Louisiana","22","2013","2013","Black or African American","2054-5","Male","M",380,727280,52.2,47.0,57.5
,"Louisiana","22","2013","2013","White","2106-3","Female","F",85,1497947,5.7,4.5,7.0
,"Louisiana","22","2013","2013","White","2106-3","Male","M",371,1473748,25.2,22.6,27.7
,"Louisiana","22","2014","2014","Black or African American","2054-5","Female","F",50,805910,6.2,4.6,8.2
,"Louisiana","22","2014","2014","Black or African American","2054-5","Male","M",346,732258,47.3,42.3,52.2
,"Louisiana","22","2014","2014","White","2106-3","Female","F",111,1503659,7.4,6.0,8.8
,"Louisiana","22","2014","2014","White","2106-3","Male","M",379,1477040,25.7,23.1,28.2
,"Louisiana","22","2015","2015","Black or African American","2054-5","Female","F",43,810453,5.3,3.8,7.1
,"Louisiana","22","2015","2015","Black or African American","2054-5","Male","M",368,735723,50.0,44.9,55.1
,"Louisiana","22","2015","2015","White","2106-3","Female","F",96,1508405,6.4,5.2,7.8
,"Louisiana","22","2015","2015","White","2106-3","Male","M",433,1481793,29.2,26.5,32.0
,"Louisiana","22","2016","2016","Black or African American","2054-5","Female","F",44,814737,5.4,3.9,7.2
,"Louisiana","22","2016","2016","Black or African American","2054-5","Male","M",436,739430,59.0,53.4,64.5
,"Louisiana","22","2016","2016","White","2106-3","Female","F",114,1509689,7.6,6.2,8.9
,"Louisiana","22","2016","2016","White","2106-3","Male","M",384,1483731,25.9,23.3,28.5
,"Louisiana","22","2017","2017","Black or African American","2054-5","Female","F",68,817673,8.3,6.5,10.5
,"Louisiana","22","2017","2017","Black or African American","2054-5","Male","M",450,740825,60.7,55.1,66.4
,"Louisiana","22","2017","2017","White","2106-3","Female","F",87,1508262,5.8,4.6,7.1
,"Louisiana","22","2017","2017","White","2106-3","Male","M",386,1480539,26.1,23.5,28.7
,"Louisiana","22","2018","2018","Black or African American","2054-5","Female","F",60,817688,7.3,5.6,9.4
,"Louisiana","22","2018","2018","Black or African American","2054-5","Male","M",422,739485,57.1,51.6,62.5
,"Louisiana","22","2018","2018","White","2106-3","Female","F",84,1500013,5.6,4.5,6.9
,"Louisiana","22","2018","2018","White","2106-3","Male","M",409,1468706,27.8,25.1,30.5
,"Louisiana","22","2019","2019","Black or African American","2054-5","Female","F",61,818281,7.5,5.7,9.6
,"Louisiana","22","2019","2019","Black or African American","2054-5","Male","M",447,738233,60.5,54.9,66.2
,"Louisiana","22","2019","2019","White","2106-3","Female","F",88,1495760,5.9,4.7,7.2
,"Louisiana","22","2019","2019","White","2106-3","Male","M",395,1462278,27.0,24.3,29.7
,"Louisiana","22","2020","2020","Black or African American","2054-5","Female","F",78,821133,9.5,7.5,11.9
,"Louisiana","22","2020","2020","Black or African American","2054-5","Male","M",638,740012,86.2,79.5,92.9
,"Louisiana","22","2020","2020","White","2106-3","Female","F",84,1490217,5.6,4.5,7.0
,"Louisiana","22","2020","2020","White","2106-3","Male","M",365,1456076,25.1,22.5,27.6
,"Maine","23","1999","1999","White","2106-3","Female","F",18,638096,Unreliable,1.7,4.5
,"Maine","23","1999","1999","White","2106-3","Male","M",91,603880,15.1,12.1,18.5
,"Maine","23","2000","2000","White","2106-3","Female","F",14,641014,Unreliable,1.2,3.7
,"Maine","23","2000","2000","White","2106-3","Male","M",94,606698,15.5,12.5,19.0
,"Maine","23","2001","2001","White","2106-3","Female","F",14,644997,Unreliable,1.2,3.6
,"Maine","23","2001","2001","White","2106-3","Male","M",80,611400,13.1,10.4,16.3
,"Maine","23","2002","2002","White","2106-3","Female","F",11,648588,Unreliable,0.8,3.0
,"Maine","23","2002","2002","White","2106-3","Male","M",75,616029,12.2,9.6,15.3
,"Maine","23","2003","2003","White","2106-3","Female","F",11,651958,Unreliable,0.8,3.0
,"Maine","23","2003","2003","White","2106-3","Male","M",70,620869,11.3,8.8,14.2
,"Maine","23","2004","2004","White","2106-3","Female","F",12,654131,Unreliable,0.9,3.2
,"Maine","23","2004","2004","White","2106-3","Male","M",93,623951,14.9,12.0,18.3
,"Maine","23","2005","2005","White","2106-3","Female","F",11,655339,Unreliable,0.8,3.0
,"Maine","23","2005","2005","White","2106-3","Male","M",95,625752,15.2,12.3,18.6
,"Maine","23","2006","2006","White","2106-3","Female","F",17,656453,Unreliable,1.5,4.1
,"Maine","23","2006","2006","White","2106-3","Male","M",85,627671,13.5,10.8,16.7
,"Maine","23","2007","2007","White","2106-3","Female","F",12,657263,Unreliable,0.9,3.2
,"Maine","23","2007","2007","White","2106-3","Male","M",91,628565,14.5,11.7,17.8
,"Maine","23","2008","2008","White","2106-3","Female","F",15,657885,Unreliable,1.3,3.8
,"Maine","23","2008","2008","White","2106-3","Male","M",103,629432,16.4,13.2,19.5
,"Maine","23","2009","2009","White","2106-3","Female","F",17,656481,Unreliable,1.5,4.1
,"Maine","23","2009","2009","White","2106-3","Male","M",101,628363,16.1,12.9,19.2
,"Maine","23","2010","2010","White","2106-3","Female","F",11,655718,Unreliable,0.8,3.0
,"Maine","23","2010","2010","White","2106-3","Male","M",93,627276,14.8,12.0,18.2
,"Maine","23","2011","2011","White","2106-3","Female","F",21,654793,3.2,2.0,4.9
,"Maine","23","2011","2011","White","2106-3","Male","M",107,626568,17.1,13.8,20.3
,"Maine","23","2012","2012","White","2106-3","Female","F",15,654687,Unreliable,1.3,3.8
,"Maine","23","2012","2012","White","2106-3","Male","M",112,626081,17.9,14.6,21.2
,"Maine","23","2013","2013","White","2106-3","Female","F",21,653361,3.2,2.0,4.9
,"Maine","23","2013","2013","White","2106-3","Male","M",133,625572,21.3,17.6,24.9
,"Maine","23","2014","2014","White","2106-3","Female","F",16,653079,Unreliable,1.4,4.0
,"Maine","23","2014","2014","White","2106-3","Male","M",108,625351,17.3,14.0,20.5
,"Maine","23","2015","2015","White","2106-3","Female","F",19,652192,Unreliable,1.8,4.5
,"Maine","23","2015","2015","White","2106-3","Male","M",121,624444,19.4,15.9,22.8
,"Maine","23","2016","2016","White","2106-3","Female","F",11,652173,Unreliable,0.8,3.0
,"Maine","23","2016","2016","White","2106-3","Male","M",107,625307,17.1,13.9,20.4
,"Maine","23","2017","2017","White","2106-3","Female","F",22,653708,3.4,2.1,5.1
,"Maine","23","2017","2017","White","2106-3","Male","M",140,626661,22.3,18.6,26.0
,"Maine","23","2018","2018","White","2106-3","Female","F",17,654733,Unreliable,1.5,4.2
,"Maine","23","2018","2018","White","2106-3","Male","M",135,626954,21.5,17.9,25.2
,"Maine","23","2019","2019","White","2106-3","Female","F",16,656864,Unreliable,1.4,4.0
,"Maine","23","2019","2019","White","2106-3","Male","M",141,628760,22.4,18.7,26.1
,"Maine","23","2020","2020","White","2106-3","Female","F",19,658785,Unreliable,1.7,4.5
,"Maine","23","2020","2020","White","2106-3","Male","M",128,630827,20.3,16.8,23.8
,"Maryland","24","1999","1999","Black or African American","2054-5","Female","F",30,800328,3.7,2.5,5.4
,"Maryland","24","1999","1999","Black or African American","2054-5","Male","M",356,703204,50.6,45.4,55.9
,"Maryland","24","1999","1999","White","2106-3","Female","F",27,1792223,1.5,1.0,2.2
,"Maryland","24","1999","1999","White","2106-3","Male","M",216,1719420,12.6,10.9,14.2
,"Maryland","24","2000","2000","Black or African American","2054-5","Female","F",31,812133,3.8,2.6,5.4
,"Maryland","24","2000","2000","Black or African American","2054-5","Male","M",317,712650,44.5,39.6,49.4
,"Maryland","24","2000","2000","White","2106-3","Female","F",36,1797657,2.0,1.4,2.8
,"Maryland","24","2000","2000","White","2106-3","Male","M",209,1724758,12.1,10.5,13.8
,"Maryland","24","2001","2001","Black or African American","2054-5","Female","F",25,832609,3.0,1.9,4.4
,"Maryland","24","2001","2001","Black or African American","2054-5","Male","M",321,728882,44.0,39.2,48.9
,"Maryland","24","2001","2001","White","2106-3","Female","F",31,1809431,1.7,1.2,2.4
,"Maryland","24","2001","2001","White","2106-3","Male","M",214,1737451,12.3,10.7,14.0
,"Maryland","24","2002","2002","Black or African American","2054-5","Female","F",22,850537,2.6,1.6,3.9
,"Maryland","24","2002","2002","Black or African American","2054-5","Male","M",326,742296,43.9,39.2,48.7
,"Maryland","24","2002","2002","White","2106-3","Female","F",36,1819239,2.0,1.4,2.7
,"Maryland","24","2002","2002","White","2106-3","Male","M",213,1747605,12.2,10.6,13.8
,"Maryland","24","2003","2003","Black or African American","2054-5","Female","F",27,866164,3.1,2.1,4.5
,"Maryland","24","2003","2003","Black or African American","2054-5","Male","M",358,755692,47.4,42.5,52.3
,"Maryland","24","2003","2003","White","2106-3","Female","F",31,1824783,1.7,1.2,2.4
,"Maryland","24","2003","2003","White","2106-3","Male","M",215,1754736,12.3,10.6,13.9
,"Maryland","24","2004","2004","Black or African American","2054-5","Female","F",22,882405,2.5,1.6,3.8
,"Maryland","24","2004","2004","Black or African American","2054-5","Male","M",356,769611,46.3,41.5,51.1
,"Maryland","24","2004","2004","White","2106-3","Female","F",39,1827260,2.1,1.5,2.9
,"Maryland","24","2004","2004","White","2106-3","Male","M",227,1758529,12.9,11.2,14.6
,"Maryland","24","2005","2005","Black or African American","2054-5","Female","F",26,897085,2.9,1.9,4.2
,"Maryland","24","2005","2005","Black or African American","2054-5","Male","M",370,783622,47.2,42.4,52.0
,"Maryland","24","2005","2005","White","2106-3","Female","F",27,1826650,1.5,1.0,2.2
,"Maryland","24","2005","2005","White","2106-3","Male","M",214,1761336,12.1,10.5,13.8
,"Maryland","24","2006","2006","Black or African American","2054-5","Female","F",25,910116,2.7,1.8,4.1
,"Maryland","24","2006","2006","Black or African American","2054-5","Male","M",382,795182,48.0,43.2,52.9
,"Maryland","24","2006","2006","White","2106-3","Female","F",34,1822796,1.9,1.3,2.6
,"Maryland","24","2006","2006","White","2106-3","Male","M",212,1762089,12.0,10.4,13.7
,"Maryland","24","2007","2007","Black or African American","2054-5","Female","F",28,920237,3.0,2.0,4.4
,"Maryland","24","2007","2007","Black or African American","2054-5","Male","M",381,803967,47.4,42.6,52.1
,"Maryland","24","2007","2007","White","2106-3","Female","F",40,1818038,2.2,1.6,3.0
,"Maryland","24","2007","2007","White","2106-3","Male","M",209,1760853,11.9,10.3,13.5
,"Maryland","24","2008","2008","Black or African American","2054-5","Female","F",33,929283,3.6,2.4,5.0
,"Maryland","24","2008","2008","Black or African American","2054-5","Male","M",329,812484,40.5,36.1,44.9
,"Maryland","24","2008","2008","White","2106-3","Female","F",42,1817711,2.3,1.7,3.1
,"Maryland","24","2008","2008","White","2106-3","Male","M",232,1761956,13.2,11.5,14.9
,"Maryland","24","2009","2009","Black or African American","2054-5","Female","F",27,942234,2.9,1.9,4.2
,"Maryland","24","2009","2009","Black or African American","2054-5","Male","M",281,822410,34.2,30.2,38.2
,"Maryland","24","2009","2009","White","2106-3","Female","F",37,1821221,2.0,1.4,2.8
,"Maryland","24","2009","2009","White","2106-3","Male","M",218,1766600,12.3,10.7,14.0
,"Maryland","24","2010","2010","Black or African American","2054-5","Female","F",19,952299,Unreliable,1.2,3.1
,"Maryland","24","2010","2010","Black or African American","2054-5","Male","M",279,830884,33.6,29.6,37.5
,"Maryland","24","2010","2010","White","2106-3","Female","F",25,1826899,1.4,0.9,2.0
,"Maryland","24","2010","2010","White","2106-3","Male","M",200,1773965,11.3,9.7,12.8
,"Maryland","24","2011","2011","Black or African American","2054-5","Female","F",19,961743,Unreliable,1.2,3.1
,"Maryland","24","2011","2011","Black or African American","2054-5","Male","M",265,840751,31.5,27.7,35.3
,"Maryland","24","2011","2011","White","2106-3","Female","F",35,1836588,1.9,1.3,2.7
,"Maryland","24","2011","2011","White","2106-3","Male","M",193,1786875,10.8,9.3,12.3
,"Maryland","24","2012","2012","Black or African American","2054-5","Female","F",19,971472,Unreliable,1.2,3.1
,"Maryland","24","2012","2012","Black or African American","2054-5","Male","M",268,850625,31.5,27.7,35.3
,"Maryland","24","2012","2012","White","2106-3","Female","F",32,1844607,1.7,1.2,2.4
,"Maryland","24","2012","2012","White","2106-3","Male","M",246,1798963,13.7,12.0,15.4
,"Maryland","24","2013","2013","Black or African American","2054-5","Female","F",24,982295,2.4,1.6,3.6
,"Maryland","24","2013","2013","Black or African American","2054-5","Male","M",265,862042,30.7,27.0,34.4
,"Maryland","24","2013","2013","White","2106-3","Female","F",36,1846705,1.9,1.4,2.7
,"Maryland","24","2013","2013","White","2106-3","Male","M",234,1805140,13.0,11.3,14.6
,"Maryland","24","2014","2014","Black or African American","2054-5","Female","F",27,995513,2.7,1.8,3.9
,"Maryland","24","2014","2014","Black or African American","2054-5","Male","M",247,872489,28.3,24.8,31.8
,"Maryland","24","2014","2014","White","2106-3","Female","F",37,1850069,2.0,1.4,2.8
,"Maryland","24","2014","2014","White","2106-3","Male","M",207,1807985,11.4,9.9,13.0
,"Maryland","24","2015","2015","Black or African American","2054-5","Female","F",17,1007026,Unreliable,1.0,2.7
,"Maryland","24","2015","2015","Black or African American","2054-5","Male","M",412,883085,46.7,42.1,51.2
,"Maryland","24","2015","2015","White","2106-3","Female","F",36,1847038,1.9,1.4,2.7
,"Maryland","24","2015","2015","White","2106-3","Male","M",223,1805508,12.4,10.7,14.0
,"Maryland","24","2016","2016","Black or African American","2054-5","Female","F",29,1015426,2.9,1.9,4.1
,"Maryland","24","2016","2016","Black or African American","2054-5","Male","M",402,892263,45.1,40.6,49.5
,"Maryland","24","2016","2016","White","2106-3","Female","F",37,1842423,2.0,1.4,2.8
,"Maryland","24","2016","2016","White","2106-3","Male","M",212,1797457,11.8,10.2,13.4
,"Maryland","24","2017","2017","Black or African American","2054-5","Female","F",31,1025154,3.0,2.1,4.3
,"Maryland","24","2017","2017","Black or African American","2054-5","Male","M",411,901194,45.6,41.2,50.0
,"Maryland","24","2017","2017","White","2106-3","Female","F",31,1841863,1.7,1.1,2.4
,"Maryland","24","2017","2017","White","2106-3","Male","M",250,1801563,13.9,12.2,15.6
,"Maryland","24","2018","2018","Black or African American","2054-5","Female","F",34,1028325,3.3,2.3,4.6
,"Maryland","24","2018","2018","Black or African American","2054-5","Male","M",362,904067,40.0,35.9,44.2
,"Maryland","24","2018","2018","White","2106-3","Female","F",45,1834624,2.5,1.8,3.3
,"Maryland","24","2018","2018","White","2106-3","Male","M",243,1793563,13.5,11.8,15.3
,"Maryland","24","2019","2019","Black or African American","2054-5","Female","F",35,1035438,3.4,2.4,4.7
,"Maryland","24","2019","2019","Black or African American","2054-5","Male","M",437,909329,48.1,43.6,52.6
,"Maryland","24","2019","2019","White","2106-3","Female","F",28,1829329,1.5,1.0,2.2
,"Maryland","24","2019","2019","White","2106-3","Male","M",234,1787544,13.1,11.4,14.8
,"Maryland","24","2020","2020","Black or African American","2054-5","Female","F",50,1045120,4.8,3.6,6.3
,"Maryland","24","2020","2020","Black or African American","2054-5","Male","M",461,918240,50.2,45.6,54.8
,"Maryland","24","2020","2020","White","2106-3","Female","F",40,1819653,2.2,1.6,3.0
,"Maryland","24","2020","2020","White","2106-3","Male","M",237,1776115,13.3,11.6,15.0
,"Massachusetts","25","1999","1999","Black or African American","2054-5","Male","M",30,200746,14.9,10.1,21.3
,"Massachusetts","25","1999","1999","White","2106-3","Female","F",22,2921658,0.8,0.5,1.1
,"Massachusetts","25","1999","1999","White","2106-3","Male","M",139,2711096,5.1,4.3,6.0
,"Massachusetts","25","2000","2000","Black or African American","2054-5","Male","M",33,205270,16.1,11.1,22.6
,"Massachusetts","25","2000","2000","White","2106-3","Female","F",19,2926790,Unreliable,0.4,1.0
,"Massachusetts","25","2000","2000","White","2106-3","Male","M",117,2715757,4.3,3.5,5.1
,"Massachusetts","25","2001","2001","Black or African American","2054-5","Male","M",46,212412,21.7,15.9,28.9
,"Massachusetts","25","2001","2001","White","2106-3","Male","M",136,2724696,5.0,4.2,5.8
,"Massachusetts","25","2002","2002","Black or African American","2054-5","Male","M",57,218424,26.1,19.8,33.8
,"Massachusetts","25","2002","2002","White","2106-3","Male","M",122,2724774,4.5,3.7,5.3
,"Massachusetts","25","2003","2003","Black or African American","2054-5","Male","M",39,223633,17.4,12.4,23.8
,"Massachusetts","25","2003","2003","White","2106-3","Female","F",16,2912968,Unreliable,0.3,0.9
,"Massachusetts","25","2003","2003","White","2106-3","Male","M",137,2717886,5.0,4.2,5.9
,"Massachusetts","25","2004","2004","Black or African American","2054-5","Male","M",58,227669,25.5,19.3,32.9
,"Massachusetts","25","2004","2004","White","2106-3","Female","F",10,2895877,Unreliable,0.2,0.6
,"Massachusetts","25","2004","2004","White","2106-3","Male","M",130,2704225,4.8,4.0,5.6
,"Massachusetts","25","2005","2005","Black or African American","2054-5","Male","M",59,232253,25.4,19.3,32.8
,"Massachusetts","25","2005","2005","White","2106-3","Female","F",18,2879112,Unreliable,0.4,1.0
,"Massachusetts","25","2005","2005","White","2106-3","Male","M",139,2690930,5.2,4.3,6.0
,"Massachusetts","25","2006","2006","Black or African American","2054-5","Male","M",66,237408,27.8,21.5,35.4
,"Massachusetts","25","2006","2006","White","2106-3","Female","F",17,2868834,Unreliable,0.3,0.9
,"Massachusetts","25","2006","2006","White","2106-3","Male","M",115,2685024,4.3,3.5,5.1
,"Massachusetts","25","2007","2007","Black or African American","2054-5","Male","M",65,242919,26.8,20.7,34.1
,"Massachusetts","25","2007","2007","White","2106-3","Female","F",16,2866813,Unreliable,0.3,0.9
,"Massachusetts","25","2007","2007","White","2106-3","Male","M",139,2685216,5.2,4.3,6.0
,"Massachusetts","25","2008","2008","Black or African American","2054-5","Male","M",59,249169,23.7,18.0,30.5
,"Massachusetts","25","2008","2008","White","2106-3","Female","F",13,2871383,Unreliable,0.2,0.8
,"Massachusetts","25","2008","2008","White","2106-3","Male","M",140,2690834,5.2,4.3,6.1
,"Massachusetts","25","2009","2009","Black or African American","2054-5","Male","M",52,255454,20.4,15.2,26.7
,"Massachusetts","25","2009","2009","White","2106-3","Female","F",16,2880624,Unreliable,0.3,0.9
,"Massachusetts","25","2009","2009","White","2106-3","Male","M",125,2701062,4.6,3.8,5.4
,"Massachusetts","25","2010","2010","Black or African American","2054-5","Male","M",69,259700,26.6,20.7,33.6
,"Massachusetts","25","2010","2010","White","2106-3","Female","F",19,2885060,Unreliable,0.4,1.0
,"Massachusetts","25","2010","2010","White","2106-3","Male","M",172,2706738,6.4,5.4,7.3
,"Massachusetts","25","2011","2011","Black or African American","2054-5","Male","M",61,264639,23.1,17.6,29.6
,"Massachusetts","25","2011","2011","White","2106-3","Female","F",17,2890911,Unreliable,0.3,0.9
,"Massachusetts","25","2011","2011","White","2106-3","Male","M",161,2718102,5.9,5.0,6.8
,"Massachusetts","25","2012","2012","Black or African American","2054-5","Male","M",35,272839,12.8,8.9,17.8
,"Massachusetts","25","2012","2012","White","2106-3","Female","F",20,2901561,0.7,0.4,1.1
,"Massachusetts","25","2012","2012","White","2106-3","Male","M",162,2732112,5.9,5.0,6.8
,"Massachusetts","25","2013","2013","Black or African American","2054-5","Male","M",42,281101,14.9,10.8,20.2
,"Massachusetts","25","2013","2013","White","2106-3","Female","F",12,2907369,Unreliable,0.2,0.7
,"Massachusetts","25","2013","2013","White","2106-3","Male","M",138,2740251,5.0,4.2,5.9
,"Massachusetts","25","2014","2014","Black or African American","2054-5","Male","M",44,291431,15.1,11.0,20.3
,"Massachusetts","25","2014","2014","White","2106-3","Female","F",22,2910617,0.8,0.5,1.1
,"Massachusetts","25","2014","2014","White","2106-3","Male","M",150,2744165,5.5,4.6,6.3
,"Massachusetts","25","2015","2015","Black or African American","2054-5","Male","M",44,300866,14.6,10.6,19.6
,"Massachusetts","25","2015","2015","White","2106-3","Female","F",21,2914189,0.7,0.4,1.1
,"Massachusetts","25","2015","2015","White","2106-3","Male","M",134,2749786,4.9,4.0,5.7
,"Massachusetts","25","2016","2016","Black or African American","2054-5","Male","M",51,308981,16.5,12.3,21.7
,"Massachusetts","25","2016","2016","White","2106-3","Female","F",13,2910290,Unreliable,0.2,0.8
,"Massachusetts","25","2016","2016","White","2106-3","Male","M",165,2746520,6.0,5.1,6.9
,"Massachusetts","25","2017","2017","Black or African American","2054-5","Male","M",62,318445,19.5,14.9,25.0
,"Massachusetts","25","2017","2017","White","2106-3","Female","F",19,2914417,Unreliable,0.4,1.0
,"Massachusetts","25","2017","2017","White","2106-3","Male","M",168,2751913,6.1,5.2,7.0
,"Massachusetts","25","2018","2018","Black or African American","2054-5","Male","M",62,326210,19.0,14.6,24.4
,"Massachusetts","25","2018","2018","White","2106-3","Female","F",21,2916342,0.7,0.4,1.1
,"Massachusetts","25","2018","2018","White","2106-3","Male","M",167,2754257,6.1,5.1,7.0
,"Massachusetts","25","2019","2019","Black or African American","2054-5","Male","M",53,328629,16.1,12.1,21.1
,"Massachusetts","25","2019","2019","White","2106-3","Female","F",28,2905174,1.0,0.6,1.4
,"Massachusetts","25","2019","2019","White","2106-3","Male","M",155,2744079,5.6,4.8,6.5
,"Massachusetts","25","2020","2020","Black or African American","2054-5","Male","M",73,335855,21.7,17.0,27.3
,"Massachusetts","25","2020","2020","White","2106-3","Female","F",19,2890431,Unreliable,0.4,1.0
,"Massachusetts","25","2020","2020","White","2106-3","Male","M",165,2729173,6.0,5.1,7.0
,"Michigan","26","1999","1999","Black or African American","2054-5","Female","F",53,766679,6.9,5.2,9.0
,"Michigan","26","1999","1999","Black or African American","2054-5","Male","M",414,688403,60.1,54.3,65.9
,"Michigan","26","1999","1999","White","2106-3","Female","F",82,4152047,2.0,1.6,2.5
,"Michigan","26","1999","1999","White","2106-3","Male","M",518,4034851,12.8,11.7,13.9
,"Michigan","26","2000","2000","Black or African American","2054-5","Female","F",55,769873,7.1,5.4,9.3
,"Michigan","26","2000","2000","Black or African American","2054-5","Male","M",380,693627,54.8,49.3,60.3
,"Michigan","26","2000","2000","White","2106-3","Female","F",104,4160279,2.5,2.0,3.0
,"Michigan","26","2000","2000","White","2106-3","Male","M",503,4044989,12.4,11.3,13.5
,"Michigan","26","2001","2001","Black or African American","2054-5","Female","F",41,776564,5.3,3.8,7.2
,"Michigan","26","2001","2001","Black or African American","2054-5","Male","M",406,700925,57.9,52.3,63.6
,"Michigan","26","2001","2001","White","2106-3","Female","F",81,4170366,1.9,1.5,2.4
,"Michigan","26","2001","2001","White","2106-3","Male","M",530,4059807,13.1,11.9,14.2
,"Michigan","26","2002","2002","Black or African American","2054-5","Female","F",54,779093,6.9,5.2,9.0
,"Michigan","26","2002","2002","Black or African American","2054-5","Male","M",387,703958,55.0,49.5,60.5
,"Michigan","26","2002","2002","White","2106-3","Female","F",81,4172794,1.9,1.5,2.4
,"Michigan","26","2002","2002","White","2106-3","Male","M",551,4065028,13.6,12.4,14.7
,"Michigan","26","2003","2003","Black or African American","2054-5","Female","F",47,781441,6.0,4.4,8.0
,"Michigan","26","2003","2003","Black or African American","2054-5","Male","M",377,707149,53.3,47.9,58.7
,"Michigan","26","2003","2003","White","2106-3","Female","F",81,4174828,1.9,1.5,2.4
,"Michigan","26","2003","2003","White","2106-3","Male","M",504,4070964,12.4,11.3,13.5
,"Michigan","26","2004","2004","Black or African American","2054-5","Female","F",43,783958,5.5,4.0,7.4
,"Michigan","26","2004","2004","Black or African American","2054-5","Male","M",385,708926,54.3,48.9,59.7
,"Michigan","26","2004","2004","White","2106-3","Female","F",89,4174557,2.1,1.7,2.6
,"Michigan","26","2004","2004","White","2106-3","Male","M",511,4071731,12.5,11.5,13.6
,"Michigan","26","2005","2005","Black or African American","2054-5","Female","F",34,784032,4.3,3.0,6.1
,"Michigan","26","2005","2005","Black or African American","2054-5","Male","M",412,710230,58.0,52.4,63.6
,"Michigan","26","2005","2005","White","2106-3","Female","F",90,4166225,2.2,1.7,2.7
,"Michigan","26","2005","2005","White","2106-3","Male","M",519,4065685,12.8,11.7,13.9
,"Michigan","26","2006","2006","Black or African American","2054-5","Female","F",52,784005,6.6,5.0,8.7
,"Michigan","26","2006","2006","Black or African American","2054-5","Male","M",440,710906,61.9,56.1,67.7
,"Michigan","26","2006","2006","White","2106-3","Female","F",80,4154161,1.9,1.5,2.4
,"Michigan","26","2006","2006","White","2106-3","Male","M",564,4054345,13.9,12.8,15.1
,"Michigan","26","2007","2007","Black or African American","2054-5","Female","F",47,782666,6.0,4.4,8.0
,"Michigan","26","2007","2007","Black or African American","2054-5","Male","M",395,709762,55.7,50.2,61.1
,"Michigan","26","2007","2007","White","2106-3","Female","F",76,4136470,1.8,1.4,2.3
,"Michigan","26","2007","2007","White","2106-3","Male","M",555,4034274,13.8,12.6,14.9
,"Michigan","26","2008","2008","Black or African American","2054-5","Female","F",34,779124,4.4,3.0,6.1
,"Michigan","26","2008","2008","Black or African American","2054-5","Male","M",419,706557,59.3,53.6,65.0
,"Michigan","26","2008","2008","White","2106-3","Female","F",66,4112196,1.6,1.2,2.0
,"Michigan","26","2008","2008","White","2106-3","Male","M",548,4006453,13.7,12.5,14.8
,"Michigan","26","2009","2009","Black or African American","2054-5","Female","F",43,776764,5.5,4.0,7.5
,"Michigan","26","2009","2009","Black or African American","2054-5","Male","M",404,704337,57.4,51.8,63.0
,"Michigan","26","2009","2009","White","2106-3","Female","F",77,4089986,1.9,1.5,2.4
,"Michigan","26","2009","2009","White","2106-3","Male","M",556,3983357,14.0,12.8,15.1
,"Michigan","26","2010","2010","Black or African American","2054-5","Female","F",39,777552,5.0,3.6,6.9
,"Michigan","26","2010","2010","Black or African American","2054-5","Male","M",368,705709,52.1,46.8,57.5
,"Michigan","26","2010","2010","White","2106-3","Female","F",84,4077735,2.1,1.6,2.6
,"Michigan","26","2010","2010","White","2106-3","Male","M",563,3971084,14.2,13.0,15.3
,"Michigan","26","2011","2011","Black or African American","2054-5","Female","F",41,779998,5.3,3.8,7.1
,"Michigan","26","2011","2011","Black or African American","2054-5","Male","M",405,708256,57.2,51.6,62.8
,"Michigan","26","2011","2011","White","2106-3","Female","F",83,4065214,2.0,1.6,2.5
,"Michigan","26","2011","2011","White","2106-3","Male","M",601,3961577,15.2,14.0,16.4
,"Michigan","26","2012","2012","Black or African American","2054-5","Female","F",56,780122,7.2,5.4,9.3
,"Michigan","26","2012","2012","Black or African American","2054-5","Male","M",472,708153,66.7,60.6,72.7
,"Michigan","26","2012","2012","White","2106-3","Female","F",78,4062454,1.9,1.5,2.4
,"Michigan","26","2012","2012","White","2106-3","Male","M",596,3961222,15.0,13.8,16.3
,"Michigan","26","2013","2013","Black or African American","2054-5","Female","F",52,778916,6.7,5.0,8.8
,"Michigan","26","2013","2013","Black or African American","2054-5","Male","M",409,706705,57.9,52.3,63.5
,"Michigan","26","2013","2013","White","2106-3","Female","F",90,4061451,2.2,1.8,2.7
,"Michigan","26","2013","2013","White","2106-3","Male","M",617,3965612,15.6,14.3,16.8
,"Michigan","26","2014","2014","Black or African American","2054-5","Female","F",41,779486,5.3,3.8,7.1
,"Michigan","26","2014","2014","Black or African American","2054-5","Male","M",324,708137,45.8,40.8,50.7
,"Michigan","26","2014","2014","White","2106-3","Female","F",96,4057970,2.4,1.9,2.9
,"Michigan","26","2014","2014","White","2106-3","Male","M",618,3965457,15.6,14.4,16.8
,"Michigan","26","2015","2015","Black or African American","2054-5","Female","F",33,780206,4.2,2.9,5.9
,"Michigan","26","2015","2015","Black or African American","2054-5","Male","M",374,709512,52.7,47.4,58.1
,"Michigan","26","2015","2015","White","2106-3","Female","F",101,4052607,2.5,2.0,3.0
,"Michigan","26","2015","2015","White","2106-3","Male","M",632,3966251,15.9,14.7,17.2
,"Michigan","26","2016","2016","Black or African American","2054-5","Female","F",53,778781,6.8,5.1,8.9
,"Michigan","26","2016","2016","Black or African American","2054-5","Male","M",394,709863,55.5,50.0,61.0
,"Michigan","26","2016","2016","White","2106-3","Female","F",108,4048247,2.7,2.2,3.2
,"Michigan","26","2016","2016","White","2106-3","Male","M",658,3967060,16.6,15.3,17.9
,"Michigan","26","2017","2017","Black or African American","2054-5","Female","F",45,782037,5.8,4.2,7.7
,"Michigan","26","2017","2017","Black or African American","2054-5","Male","M",349,711462,49.1,43.9,54.2
,"Michigan","26","2017","2017","White","2106-3","Female","F",91,4052798,2.2,1.8,2.8
,"Michigan","26","2017","2017","White","2106-3","Male","M",636,3976258,16.0,14.8,17.2
,"Michigan","26","2018","2018","Asian or Pacific Islander","A-PI","Male","M",12,181007,Unreliable,3.4,11.6
,"Michigan","26","2018","2018","Black or African American","2054-5","Female","F",62,783314,7.9,6.1,10.1
,"Michigan","26","2018","2018","Black or African American","2054-5","Male","M",382,712715,53.6,48.2,59.0
,"Michigan","26","2018","2018","White","2106-3","Female","F",122,4057993,3.0,2.5,3.5
,"Michigan","26","2018","2018","White","2106-3","Male","M",711,3983205,17.8,16.5,19.2
,"Michigan","26","2019","2019","Black or African American","2054-5","Female","F",64,784606,8.2,6.3,10.4
,"Michigan","26","2019","2019","Black or African American","2054-5","Male","M",385,712871,54.0,48.6,59.4
,"Michigan","26","2019","2019","White","2106-3","Female","F",95,4051432,2.3,1.9,2.9
,"Michigan","26","2019","2019","White","2106-3","Male","M",657,3979018,16.5,15.2,17.8
,"Michigan","26","2020","2020","American Indian or Alaska Native","1002-5","Male","M",11,45446,Unreliable,12.1,43.3
,"Michigan","26","2020","2020","Black or African American","2054-5","Female","F",86,786697,10.9,8.7,13.5
,"Michigan","26","2020","2020","Black or African American","2054-5","Male","M",528,713285,74.0,67.7,80.3
,"Michigan","26","2020","2020","White","2106-3","Female","F",114,4038179,2.8,2.3,3.3
,"Michigan","26","2020","2020","White","2106-3","Male","M",700,3966210,17.6,16.3,19.0
,"Minnesota","27","1999","1999","Black or African American","2054-5","Male","M",21,94244,22.3,13.8,34.1
,"Minnesota","27","1999","1999","White","2106-3","Female","F",23,2269961,1.0,0.6,1.5
,"Minnesota","27","1999","1999","White","2106-3","Male","M",241,2214981,10.9,9.5,12.3
,"Minnesota","27","2000","2000","Black or African American","2054-5","Male","M",28,100720,27.8,18.5,40.2
,"Minnesota","27","2000","2000","White","2106-3","Female","F",33,2279325,1.4,1.0,2.0
,"Minnesota","27","2000","2000","White","2106-3","Male","M",231,2227249,10.4,9.0,11.7
,"Minnesota","27","2001","2001","Black or African American","2054-5","Male","M",30,107779,27.8,18.8,39.7
,"Minnesota","27","2001","2001","White","2106-3","Female","F",33,2297258,1.4,1.0,2.0
,"Minnesota","27","2001","2001","White","2106-3","Male","M",233,2247641,10.4,9.0,11.7
,"Minnesota","27","2002","2002","Black or African American","2054-5","Male","M",34,113272,30.0,20.8,41.9
,"Minnesota","27","2002","2002","White","2106-3","Female","F",24,2304262,1.0,0.7,1.5
,"Minnesota","27","2002","2002","White","2106-3","Male","M",230,2256858,10.2,8.9,11.5
,"Minnesota","27","2003","2003","Black or African American","2054-5","Male","M",31,119084,26.0,17.7,37.0
,"Minnesota","27","2003","2003","White","2106-3","Female","F",36,2310302,1.6,1.1,2.2
,"Minnesota","27","2003","2003","White","2106-3","Male","M",249,2266026,11.0,9.6,12.4
,"Minnesota","27","2004","2004","Black or African American","2054-5","Male","M",37,124871,29.6,20.9,40.8
,"Minnesota","27","2004","2004","White","2106-3","Female","F",32,2316714,1.4,0.9,1.9
,"Minnesota","27","2004","2004","White","2106-3","Male","M",264,2273220,11.6,10.2,13.0
,"Minnesota","27","2005","2005","American Indian or Alaska Native","1002-5","Male","M",17,34961,Unreliable,28.3,77.9
,"Minnesota","27","2005","2005","Asian or Pacific Islander","A-PI","Male","M",10,94994,Unreliable,5.0,19.4
,"Minnesota","27","2005","2005","Black or African American","2054-5","Male","M",42,130709,32.1,23.2,43.4
,"Minnesota","27","2005","2005","White","2106-3","Female","F",38,2321351,1.6,1.2,2.2
,"Minnesota","27","2005","2005","White","2106-3","Male","M",242,2279388,10.6,9.3,12.0
,"Minnesota","27","2006","2006","Black or African American","2054-5","Male","M",36,137704,26.1,18.3,36.2
,"Minnesota","27","2006","2006","White","2106-3","Female","F",27,2330621,1.2,0.8,1.7
,"Minnesota","27","2006","2006","White","2106-3","Male","M",242,2289870,10.6,9.2,11.9
,"Minnesota","27","2007","2007","Black or African American","2054-5","Male","M",40,144575,27.7,19.8,37.7
,"Minnesota","27","2007","2007","White","2106-3","Female","F",33,2339948,1.4,1.0,2.0
,"Minnesota","27","2007","2007","White","2106-3","Male","M",249,2300075,10.8,9.5,12.2
,"Minnesota","27","2008","2008","Black or African American","2054-5","Male","M",34,150196,22.6,15.7,31.6
,"Minnesota","27","2008","2008","White","2106-3","Female","F",36,2348402,1.5,1.1,2.1
,"Minnesota","27","2008","2008","White","2106-3","Male","M",286,2309173,12.4,10.9,13.8
,"Minnesota","27","2009","2009","Black or African American","2054-5","Male","M",23,155258,14.8,9.4,22.2
,"Minnesota","27","2009","2009","White","2106-3","Female","F",30,2355820,1.3,0.9,1.8
,"Minnesota","27","2009","2009","White","2106-3","Male","M",265,2317121,11.4,10.1,12.8
,"Minnesota","27","2010","2010","Black or African American","2054-5","Male","M",30,158471,18.9,12.8,27.0
,"Minnesota","27","2010","2010","White","2106-3","Female","F",40,2360462,1.7,1.2,2.3
,"Minnesota","27","2010","2010","White","2106-3","Male","M",267,2321664,11.5,10.1,12.9
,"Minnesota","27","2011","2011","Black or African American","2054-5","Male","M",25,162800,15.4,9.9,22.7
,"Minnesota","27","2011","2011","White","2106-3","Female","F",30,2370682,1.3,0.9,1.8
,"Minnesota","27","2011","2011","White","2106-3","Male","M",315,2335483,13.5,12.0,15.0
,"Minnesota","27","2012","2012","Black or African American","2054-5","Male","M",36,169297,21.3,14.9,29.4
,"Minnesota","27","2012","2012","White","2106-3","Female","F",32,2375696,1.3,0.9,1.9
,"Minnesota","27","2012","2012","White","2106-3","Male","M",290,2340844,12.4,11.0,13.8
,"Minnesota","27","2013","2013","Black or African American","2054-5","Male","M",37,175422,21.1,14.9,29.1
,"Minnesota","27","2013","2013","White","2106-3","Female","F",47,2384045,2.0,1.4,2.6
,"Minnesota","27","2013","2013","White","2106-3","Male","M",319,2350088,13.6,12.1,15.1
,"Minnesota","27","2014","2014","Black or African American","2054-5","Male","M",32,182006,17.6,12.0,24.8
,"Minnesota","27","2014","2014","White","2106-3","Female","F",42,2388595,1.8,1.3,2.4
,"Minnesota","27","2014","2014","White","2106-3","Male","M",286,2354853,12.1,10.7,13.6
,"Minnesota","27","2015","2015","American Indian or Alaska Native","1002-5","Male","M",10,42009,Unreliable,11.4,43.8
,"Minnesota","27","2015","2015","Asian or Pacific Islander","A-PI","Male","M",10,139670,Unreliable,3.4,13.2
,"Minnesota","27","2015","2015","Black or African American","2054-5","Male","M",49,187280,26.2,19.4,34.6
,"Minnesota","27","2015","2015","White","2106-3","Female","F",45,2392117,1.9,1.4,2.5
,"Minnesota","27","2015","2015","White","2106-3","Male","M",281,2360905,11.9,10.5,13.3
,"Minnesota","27","2016","2016","Black or African American","2054-5","Male","M",41,196381,20.9,15.0,28.3
,"Minnesota","27","2016","2016","White","2106-3","Female","F",48,2394246,2.0,1.5,2.7
,"Minnesota","27","2016","2016","White","2106-3","Male","M",313,2366384,13.2,11.8,14.7
,"Minnesota","27","2017","2017","Black or African American","2054-5","Male","M",43,207827,20.7,15.0,27.9
,"Minnesota","27","2017","2017","White","2106-3","Female","F",40,2402773,1.7,1.2,2.3
,"Minnesota","27","2017","2017","White","2106-3","Male","M",352,2376995,14.8,13.3,16.4
,"Minnesota","27","2018","2018","Asian or Pacific Islander","A-PI","Male","M",10,151142,Unreliable,3.2,12.2
,"Minnesota","27","2018","2018","Black or African American","2054-5","Male","M",40,216168,18.5,13.2,25.2
,"Minnesota","27","2018","2018","White","2106-3","Female","F",25,2407933,1.0,0.7,1.5
,"Minnesota","27","2018","2018","White","2106-3","Male","M",338,2383498,14.2,12.7,15.7
,"Minnesota","27","2019","2019","American Indian or Alaska Native","1002-5","Male","M",12,44484,Unreliable,13.9,47.1
,"Minnesota","27","2019","2019","Asian or Pacific Islander","A-PI","Male","M",12,153147,Unreliable,4.0,13.7
,"Minnesota","27","2019","2019","Black or African American","2054-5","Male","M",61,224350,27.2,20.8,34.9
,"Minnesota","27","2019","2019","White","2106-3","Female","F",45,2410733,1.9,1.4,2.5
,"Minnesota","27","2019","2019","White","2106-3","Male","M",314,2387830,13.2,11.7,14.6
,"Minnesota","27","2020","2020","American Indian or Alaska Native","1002-5","Male","M",15,44504,Unreliable,18.9,55.6
,"Minnesota","27","2020","2020","Black or African American","2054-5","Male","M",94,232876,40.4,32.6,49.4
,"Minnesota","27","2020","2020","White","2106-3","Female","F",45,2406507,1.9,1.4,2.5
,"Minnesota","27","2020","2020","White","2106-3","Male","M",335,2383141,14.1,12.6,15.6
,"Mississippi","28","1999","1999","Black or African American","2054-5","Female","F",37,552139,6.7,4.7,9.2
,"Mississippi","28","1999","1999","Black or African American","2054-5","Male","M",181,486114,37.2,31.8,42.7
,"Mississippi","28","1999","1999","White","2106-3","Female","F",43,897065,4.8,3.5,6.5
,"Mississippi","28","1999","1999","White","2106-3","Male","M",244,863770,28.2,24.7,31.8
,"Mississippi","28","2000","2000","Black or African American","2054-5","Female","F",37,553174,6.7,4.7,9.2
,"Mississippi","28","2000","2000","Black or African American","2054-5","Male","M",174,487895,35.7,30.4,41.0
,"Mississippi","28","2000","2000","White","2106-3","Female","F",43,900473,4.8,3.5,6.4
,"Mississippi","28","2000","2000","White","2106-3","Male","M",213,869653,24.5,21.2,27.8
,"Mississippi","28","2001","2001","Black or African American","2054-5","Female","F",21,555161,3.8,2.3,5.8
,"Mississippi","28","2001","2001","Black or African American","2054-5","Male","M",156,491214,31.8,26.8,36.7
,"Mississippi","28","2001","2001","White","2106-3","Female","F",55,900270,6.1,4.6,8.0
,"Mississippi","28","2001","2001","White","2106-3","Male","M",260,871566,29.8,26.2,33.5
,"Mississippi","28","2002","2002","Black or African American","2054-5","Female","F",29,556528,5.2,3.5,7.5
,"Mississippi","28","2002","2002","Black or African American","2054-5","Male","M",172,492666,34.9,29.7,40.1
,"Mississippi","28","2002","2002","White","2106-3","Female","F",53,900137,5.9,4.4,7.7
,"Mississippi","28","2002","2002","White","2106-3","Male","M",229,873159,26.2,22.8,29.6
,"Mississippi","28","2003","2003","Black or African American","2054-5","Female","F",33,558598,5.9,4.1,8.3
,"Mississippi","28","2003","2003","Black or African American","2054-5","Male","M",157,495205,31.7,26.7,36.7
,"Mississippi","28","2003","2003","White","2106-3","Female","F",57,901498,6.3,4.8,8.2
,"Mississippi","28","2003","2003","White","2106-3","Male","M",224,875336,25.6,22.2,28.9
,"Mississippi","28","2004","2004","Black or African American","2054-5","Female","F",24,563173,4.3,2.7,6.3
,"Mississippi","28","2004","2004","Black or African American","2054-5","Male","M",158,499464,31.6,26.7,36.6
,"Mississippi","28","2004","2004","White","2106-3","Female","F",37,906529,4.1,2.9,5.6
,"Mississippi","28","2004","2004","White","2106-3","Male","M",244,880423,27.7,24.2,31.2
,"Mississippi","28","2005","2005","Black or African American","2054-5","Female","F",33,567040,5.8,4.0,8.2
,"Mississippi","28","2005","2005","Black or African American","2054-5","Male","M",135,503329,26.8,22.3,31.3
,"Mississippi","28","2005","2005","White","2106-3","Female","F",51,909786,5.6,4.2,7.4
,"Mississippi","28","2005","2005","White","2106-3","Male","M",228,884714,25.8,22.4,29.1
,"Mississippi","28","2006","2006","Black or African American","2054-5","Female","F",33,571988,5.8,4.0,8.1
,"Mississippi","28","2006","2006","Black or African American","2054-5","Male","M",186,508411,36.6,31.3,41.8
,"Mississippi","28","2006","2006","White","2106-3","Female","F",48,902728,5.3,3.9,7.0
,"Mississippi","28","2006","2006","White","2106-3","Male","M",199,879931,22.6,19.5,25.8
,"Mississippi","28","2007","2007","Black or African American","2054-5","Female","F",26,577744,4.5,2.9,6.6
,"Mississippi","28","2007","2007","Black or African American","2054-5","Male","M",195,514752,37.9,32.6,43.2
,"Mississippi","28","2007","2007","White","2106-3","Female","F",58,906961,6.4,4.9,8.3
,"Mississippi","28","2007","2007","White","2106-3","Male","M",251,885326,28.4,24.8,31.9
,"Mississippi","28","2008","2008","Black or African American","2054-5","Female","F",27,583820,4.6,3.0,6.7
,"Mississippi","28","2008","2008","Black or African American","2054-5","Male","M",193,519396,37.2,31.9,42.4
,"Mississippi","28","2008","2008","White","2106-3","Female","F",62,909942,6.8,5.2,8.7
,"Mississippi","28","2008","2008","White","2106-3","Male","M",276,889457,31.0,27.4,34.7
,"Mississippi","28","2009","2009","Black or African American","2054-5","Female","F",23,586429,3.9,2.5,5.9
,"Mississippi","28","2009","2009","Black or African American","2054-5","Male","M",163,522292,31.2,26.4,36.0
,"Mississippi","28","2009","2009","White","2106-3","Female","F",49,911488,5.4,4.0,7.1
,"Mississippi","28","2009","2009","White","2106-3","Male","M",246,891778,27.6,24.1,31.0
,"Mississippi","28","2010","2010","Black or African American","2054-5","Female","F",25,589584,4.2,2.7,6.3
,"Mississippi","28","2010","2010","Black or African American","2054-5","Male","M",155,525739,29.5,24.8,34.1
,"Mississippi","28","2010","2010","White","2106-3","Female","F",67,911941,7.3,5.7,9.3
,"Mississippi","28","2010","2010","White","2106-3","Male","M",224,892298,25.1,21.8,28.4
,"Mississippi","28","2011","2011","Black or African American","2054-5","Female","F",23,594755,3.9,2.5,5.8
,"Mississippi","28","2011","2011","Black or African American","2054-5","Male","M",175,530359,33.0,28.1,37.9
,"Mississippi","28","2011","2011","White","2106-3","Female","F",73,911723,8.0,6.3,10.1
,"Mississippi","28","2011","2011","White","2106-3","Male","M",255,891815,28.6,25.1,32.1
,"Mississippi","28","2012","2012","Black or African American","2054-5","Female","F",18,597336,Unreliable,1.8,4.8
,"Mississippi","28","2012","2012","Black or African American","2054-5","Male","M",158,532546,29.7,25.0,34.3
,"Mississippi","28","2012","2012","White","2106-3","Female","F",80,912369,8.8,7.0,10.9
,"Mississippi","28","2012","2012","White","2106-3","Male","M",272,892165,30.5,26.9,34.1
,"Mississippi","28","2013","2013","Black or African American","2054-5","Female","F",36,599135,6.0,4.2,8.3
,"Mississippi","28","2013","2013","Black or African American","2054-5","Male","M",182,534563,34.0,29.1,39.0
,"Mississippi","28","2013","2013","White","2106-3","Female","F",61,910780,6.7,5.1,8.6
,"Mississippi","28","2013","2013","White","2106-3","Male","M",240,894700,26.8,23.4,30.2
,"Mississippi","28","2014","2014","Black or African American","2054-5","Female","F",25,601394,4.2,2.7,6.1
,"Mississippi","28","2014","2014","Black or African American","2054-5","Male","M",216,536435,40.3,34.9,45.6
,"Mississippi","28","2014","2014","White","2106-3","Female","F",53,910699,5.8,4.4,7.6
,"Mississippi","28","2014","2014","White","2106-3","Male","M",242,892416,27.1,23.7,30.5
,"Mississippi","28","2015","2015","Black or African American","2054-5","Female","F",29,603917,4.8,3.2,6.9
,"Mississippi","28","2015","2015","Black or African American","2054-5","Male","M",218,536393,40.6,35.2,46.0
,"Mississippi","28","2015","2015","White","2106-3","Female","F",70,908046,7.7,6.0,9.7
,"Mississippi","28","2015","2015","White","2106-3","Male","M",267,889240,30.0,26.4,33.6
,"Mississippi","28","2016","2016","Black or African American","2054-5","Female","F",33,605166,5.5,3.8,7.7
,"Mississippi","28","2016","2016","Black or African American","2054-5","Male","M",225,537515,41.9,36.4,47.3
,"Mississippi","28","2016","2016","White","2106-3","Female","F",70,905998,7.7,6.0,9.8
,"Mississippi","28","2016","2016","White","2106-3","Male","M",249,884822,28.1,24.6,31.6
,"Mississippi","28","2017","2017","Black or African American","2054-5","Female","F",36,605385,5.9,4.2,8.2
,"Mississippi","28","2017","2017","Black or African American","2054-5","Male","M",246,537265,45.8,40.1,51.5
,"Mississippi","28","2017","2017","White","2106-3","Female","F",58,903769,6.4,4.9,8.3
,"Mississippi","28","2017","2017","White","2106-3","Male","M",281,881609,31.9,28.1,35.6
,"Mississippi","28","2018","2018","Black or African American","2054-5","Female","F",45,606754,7.4,5.4,9.9
,"Mississippi","28","2018","2018","Black or African American","2054-5","Male","M",269,538644,49.9,44.0,55.9
,"Mississippi","28","2018","2018","White","2106-3","Female","F",74,903022,8.2,6.4,10.3
,"Mississippi","28","2018","2018","White","2106-3","Male","M",280,882055,31.7,28.0,35.5
,"Mississippi","28","2019","2019","Black or African American","2054-5","Female","F",47,604729,7.8,5.7,10.3
,"Mississippi","28","2019","2019","Black or African American","2054-5","Male","M",302,536764,56.3,49.9,62.6
,"Mississippi","28","2019","2019","White","2106-3","Female","F",67,899459,7.4,5.8,9.5
,"Mississippi","28","2019","2019","White","2106-3","Male","M",280,877851,31.9,28.2,35.6
,"Mississippi","28","2020","2020","Black or African American","2054-5","Female","F",57,605274,9.4,7.1,12.2
,"Mississippi","28","2020","2020","Black or African American","2054-5","Male","M",408,536009,76.1,68.7,83.5
,"Mississippi","28","2020","2020","White","2106-3","Female","F",67,895905,7.5,5.8,9.5
,"Mississippi","28","2020","2020","White","2106-3","Male","M",278,872097,31.9,28.1,35.6
,"Missouri","29","1999","1999","Black or African American","2054-5","Female","F",24,341114,7.0,4.5,10.5
,"Missouri","29","1999","1999","Black or African American","2054-5","Male","M",162,300905,53.8,45.5,62.1
,"Missouri","29","1999","1999","White","2106-3","Female","F",72,2470291,2.9,2.3,3.7
,"Missouri","29","1999","1999","White","2106-3","Male","M",442,2354682,18.8,17.0,20.5
,"Missouri","29","2000","2000","Black or African American","2054-5","Female","F",26,344830,7.5,4.9,11.0
,"Missouri","29","2000","2000","Black or African American","2054-5","Male","M",173,304698,56.8,48.3,65.2
,"Missouri","29","2000","2000","White","2106-3","Female","F",86,2477184,3.5,2.8,4.3
,"Missouri","29","2000","2000","White","2106-3","Male","M",450,2364754,19.0,17.3,20.8
,"Missouri","29","2001","2001","Black or African American","2054-5","Female","F",24,350141,6.9,4.4,10.2
,"Missouri","29","2001","2001","Black or African American","2054-5","Male","M",201,311082,64.6,55.7,73.5
,"Missouri","29","2001","2001","White","2106-3","Female","F",64,2489297,2.6,2.0,3.3
,"Missouri","29","2001","2001","White","2106-3","Male","M",451,2381086,18.9,17.2,20.7
,"Missouri","29","2002","2002","Black or African American","2054-5","Female","F",18,353816,Unreliable,3.0,8.0
,"Missouri","29","2002","2002","Black or African American","2054-5","Male","M",170,315344,53.9,45.8,62.0
,"Missouri","29","2002","2002","White","2106-3","Female","F",72,2498062,2.9,2.3,3.6
,"Missouri","29","2002","2002","White","2106-3","Male","M",428,2393176,17.9,16.2,19.6
,"Missouri","29","2003","2003","Black or African American","2054-5","Female","F",11,357425,Unreliable,1.5,5.5
,"Missouri","29","2003","2003","Black or African American","2054-5","Male","M",155,319419,48.5,40.9,56.2
,"Missouri","29","2003","2003","White","2106-3","Female","F",73,2507924,2.9,2.3,3.7
,"Missouri","29","2003","2003","White","2106-3","Male","M",412,2405412,17.1,15.5,18.8
,"Missouri","29","2004","2004","Black or African American","2054-5","Female","F",26,361658,7.2,4.7,10.5
,"Missouri","29","2004","2004","Black or African American","2054-5","Male","M",167,323810,51.6,43.8,59.4
,"Missouri","29","2004","2004","White","2106-3","Female","F",79,2517066,3.1,2.5,3.9
,"Missouri","29","2004","2004","White","2106-3","Male","M",386,2420524,15.9,14.4,17.5
,"Missouri","29","2005","2005","Black or African American","2054-5","Female","F",13,365929,Unreliable,1.9,6.1
,"Missouri","29","2005","2005","Black or African American","2054-5","Male","M",200,328302,60.9,52.5,69.4
,"Missouri","29","2005","2005","White","2106-3","Female","F",73,2529984,2.9,2.3,3.6
,"Missouri","29","2005","2005","White","2106-3","Male","M",460,2435916,18.9,17.2,20.6
,"Missouri","29","2006","2006","Black or African American","2054-5","Female","F",27,370848,7.3,4.8,10.6
,"Missouri","29","2006","2006","Black or African American","2054-5","Male","M",219,333616,65.6,57.0,74.3
,"Missouri","29","2006","2006","White","2106-3","Female","F",79,2546526,3.1,2.5,3.9
,"Missouri","29","2006","2006","White","2106-3","Male","M",434,2455662,17.7,16.0,19.3
,"Missouri","29","2007","2007","Black or African American","2054-5","Female","F",27,374301,7.2,4.8,10.5
,"Missouri","29","2007","2007","Black or African American","2054-5","Male","M",184,338153,54.4,46.6,62.3
,"Missouri","29","2007","2007","White","2106-3","Female","F",77,2560255,3.0,2.4,3.8
,"Missouri","29","2007","2007","White","2106-3","Male","M",459,2473434,18.6,16.9,20.3
,"Missouri","29","2008","2008","Black or African American","2054-5","Female","F",25,377868,6.6,4.3,9.8
,"Missouri","29","2008","2008","Black or African American","2054-5","Male","M",241,341855,70.5,61.6,79.4
,"Missouri","29","2008","2008","White","2106-3","Female","F",92,2571160,3.6,2.9,4.4
,"Missouri","29","2008","2008","White","2106-3","Male","M",451,2486376,18.1,16.5,19.8
,"Missouri","29","2009","2009","Black or African American","2054-5","Female","F",24,381805,6.3,4.0,9.4
,"Missouri","29","2009","2009","Black or African American","2054-5","Male","M",224,346382,64.7,56.2,73.1
,"Missouri","29","2009","2009","White","2106-3","Female","F",95,2581837,3.7,3.0,4.5
,"Missouri","29","2009","2009","White","2106-3","Male","M",470,2499550,18.8,17.1,20.5
,"Missouri","29","2010","2010","Black or African American","2054-5","Female","F",20,385016,5.2,3.2,8.0
,"Missouri","29","2010","2010","Black or African American","2054-5","Male","M",242,349641,69.2,60.5,77.9
,"Missouri","29","2010","2010","White","2106-3","Female","F",72,2589664,2.8,2.2,3.5
,"Missouri","29","2010","2010","White","2106-3","Male","M",497,2508724,19.8,18.1,21.6
,"Missouri","29","2011","2011","Black or African American","2054-5","Female","F",25,388037,6.4,4.2,9.5
,"Missouri","29","2011","2011","Black or African American","2054-5","Male","M",226,352488,64.1,55.8,72.5
,"Missouri","29","2011","2011","White","2106-3","Female","F",98,2595273,3.8,3.1,4.6
,"Missouri","29","2011","2011","White","2106-3","Male","M",492,2514763,19.6,17.8,21.3
,"Missouri","29","2012","2012","Black or African American","2054-5","Female","F",29,389578,7.4,5.0,10.7
,"Missouri","29","2012","2012","Black or African American","2054-5","Male","M",219,354346,61.8,53.6,70.0
,"Missouri","29","2012","2012","White","2106-3","Female","F",90,2596033,3.5,2.8,4.3
,"Missouri","29","2012","2012","White","2106-3","Male","M",537,2516697,21.3,19.5,23.1
,"Missouri","29","2013","2013","Black or African American","2054-5","Female","F",27,392302,6.9,4.5,10.0
,"Missouri","29","2013","2013","Black or African American","2054-5","Male","M",197,357488,55.1,47.4,62.8
,"Missouri","29","2013","2013","White","2106-3","Female","F",95,2600010,3.7,3.0,4.5
,"Missouri","29","2013","2013","White","2106-3","Male","M",545,2524158,21.6,19.8,23.4
,"Missouri","29","2014","2014","Black or African American","2054-5","Female","F",30,394896,7.6,5.1,10.8
,"Missouri","29","2014","2014","Black or African American","2054-5","Male","M",220,360872,61.0,52.9,69.0
,"Missouri","29","2014","2014","White","2106-3","Female","F",103,2602679,4.0,3.2,4.7
,"Missouri","29","2014","2014","White","2106-3","Male","M",572,2527470,22.6,20.8,24.5
,"Missouri","29","2015","2015","Black or African American","2054-5","Female","F",38,397512,9.6,6.8,13.1
,"Missouri","29","2015","2015","Black or African American","2054-5","Male","M",321,363809,88.2,78.6,97.9
,"Missouri","29","2015","2015","White","2106-3","Female","F",115,2605971,4.4,3.6,5.2
,"Missouri","29","2015","2015","White","2106-3","Male","M",603,2531827,23.8,21.9,25.7
,"Missouri","29","2016","2016","Black or African American","2054-5","Female","F",44,399432,11.0,8.0,14.8
,"Missouri","29","2016","2016","Black or African American","2054-5","Male","M",315,365722,86.1,76.6,95.6
,"Missouri","29","2016","2016","White","2106-3","Female","F",134,2605807,5.1,4.3,6.0
,"Missouri","29","2016","2016","White","2106-3","Male","M",629,2536091,24.8,22.9,26.7
,"Missouri","29","2017","2017","Black or African American","2054-5","Female","F",48,401638,12.0,8.8,15.8
,"Missouri","29","2017","2017","Black or African American","2054-5","Male","M",398,367288,108.4,97.7,119.0
,"Missouri","29","2017","2017","White","2106-3","Female","F",134,2611019,5.1,4.3,6.0
,"Missouri","29","2017","2017","White","2106-3","Male","M",712,2541560,28.0,26.0,30.1
,"Missouri","29","2018","2018","Black or African American","2054-5","Female","F",57,403371,14.1,10.7,18.3
,"Missouri","29","2018","2018","Black or African American","2054-5","Male","M",361,368653,97.9,87.8,108.0
,"Missouri","29","2018","2018","White","2106-3","Female","F",160,2613349,6.1,5.2,7.1
,"Missouri","29","2018","2018","White","2106-3","Male","M",713,2543066,28.0,26.0,30.1
,"Missouri","29","2019","2019","Black or African American","2054-5","Female","F",73,404113,18.1,14.2,22.7
,"Missouri","29","2019","2019","Black or African American","2054-5","Male","M",378,369956,102.2,91.9,112.5
,"Missouri","29","2019","2019","White","2106-3","Female","F",120,2616641,4.6,3.8,5.4
,"Missouri","29","2019","2019","White","2106-3","Male","M",665,2544739,26.1,24.1,28.1
,"Missouri","29","2020","2020","Black or African American","2054-5","Female","F",79,406240,19.4,15.4,24.2
,"Missouri","29","2020","2020","Black or African American","2054-5","Male","M",482,370530,130.1,118.5,141.7
,"Missouri","29","2020","2020","White","2106-3","Female","F",139,2620984,5.3,4.4,6.2
,"Missouri","29","2020","2020","White","2106-3","Male","M",701,2546303,27.5,25.5,29.6
,"Montana","30","1999","1999","American Indian or Alaska Native","1002-5","Male","M",12,29187,Unreliable,21.2,71.8
,"Montana","30","1999","1999","White","2106-3","Female","F",14,417059,Unreliable,1.8,5.6
,"Montana","30","1999","1999","White","2106-3","Male","M",96,413721,23.2,18.8,28.3
,"Montana","30","2000","2000","White","2106-3","Female","F",11,417669,Unreliable,1.3,4.7
,"Montana","30","2000","2000","White","2106-3","Male","M",114,414798,27.5,22.4,32.5
,"Montana","30","2001","2001","White","2106-3","Female","F",22,418783,5.3,3.3,8.0
,"Montana","30","2001","2001","White","2106-3","Male","M",127,416658,30.5,25.2,35.8
,"Montana","30","2002","2002","American Indian or Alaska Native","1002-5","Male","M",10,30557,Unreliable,15.7,60.2
,"Montana","30","2002","2002","White","2106-3","Female","F",16,420222,Unreliable,2.2,6.2
,"Montana","30","2002","2002","White","2106-3","Male","M",103,418751,24.6,19.8,29.3
,"Montana","30","2003","2003","White","2106-3","Female","F",19,422999,Unreliable,2.7,7.0
,"Montana","30","2003","2003","White","2106-3","Male","M",112,422587,26.5,21.6,31.4
,"Montana","30","2004","2004","American Indian or Alaska Native","1002-5","Male","M",11,31493,Unreliable,17.4,62.5
,"Montana","30","2004","2004","White","2106-3","Female","F",18,427174,Unreliable,2.5,6.7
,"Montana","30","2004","2004","White","2106-3","Male","M",92,427243,21.5,17.4,26.4
,"Montana","30","2005","2005","White","2106-3","Female","F",20,430916,4.6,2.8,7.2
,"Montana","30","2005","2005","White","2106-3","Male","M",128,432000,29.6,24.5,34.8
,"Montana","30","2006","2006","White","2106-3","Male","M",105,438157,24.0,19.4,28.5
,"Montana","30","2007","2007","White","2106-3","Female","F",17,440610,Unreliable,2.2,6.2
,"Montana","30","2007","2007","White","2106-3","Male","M",113,443829,25.5,20.8,30.2
,"Montana","30","2008","2008","White","2106-3","Female","F",27,445465,6.1,4.0,8.8
,"Montana","30","2008","2008","White","2106-3","Male","M",112,449334,24.9,20.3,29.5
,"Montana","30","2009","2009","White","2106-3","Female","F",19,448273,Unreliable,2.6,6.6
,"Montana","30","2009","2009","White","2106-3","Male","M",135,452347,29.8,24.8,34.9
,"Montana","30","2010","2010","White","2106-3","Female","F",25,450373,5.6,3.6,8.2
,"Montana","30","2010","2010","White","2106-3","Male","M",127,454745,27.9,23.1,32.8
,"Montana","30","2011","2011","White","2106-3","Female","F",25,453085,5.5,3.6,8.1
,"Montana","30","2011","2011","White","2106-3","Male","M",129,457959,28.2,23.3,33.0
,"Montana","30","2012","2012","White","2106-3","Female","F",22,455216,4.8,3.0,7.3
,"Montana","30","2012","2012","White","2106-3","Male","M",136,460641,29.5,24.6,34.5
,"Montana","30","2013","2013","White","2106-3","Female","F",28,459271,6.1,4.1,8.8
,"Montana","30","2013","2013","White","2106-3","Male","M",125,464485,26.9,22.2,31.6
,"Montana","30","2014","2014","American Indian or Alaska Native","1002-5","Male","M",10,36409,Unreliable,13.2,50.5
,"Montana","30","2014","2014","White","2106-3","Female","F",21,462529,4.5,2.8,6.9
,"Montana","30","2014","2014","White","2106-3","Male","M",133,467697,28.4,23.6,33.3
,"Montana","30","2015","2015","White","2106-3","Female","F",31,465929,6.7,4.5,9.4
,"Montana","30","2015","2015","White","2106-3","Male","M",155,471938,32.8,27.7,38.0
,"Montana","30","2016","2016","White","2106-3","Female","F",30,469520,6.4,4.3,9.1
,"Montana","30","2016","2016","White","2106-3","Male","M",152,476804,31.9,26.8,36.9
,"Montana","30","2017","2017","American Indian or Alaska Native","1002-5","Male","M",12,38078,Unreliable,16.3,55.0
,"Montana","30","2017","2017","White","2106-3","Female","F",39,472591,8.3,5.9,11.3
,"Montana","30","2017","2017","White","2106-3","Male","M",182,480111,37.9,32.4,43.4
,"Montana","30","2018","2018","American Indian or Alaska Native","1002-5","Male","M",12,38387,Unreliable,16.2,54.6
,"Montana","30","2018","2018","White","2106-3","Female","F",24,477414,5.0,3.2,7.5
,"Montana","30","2018","2018","White","2106-3","Male","M",140,485046,28.9,24.1,33.6
,"Montana","30","2019","2019","American Indian or Alaska Native","1002-5","Male","M",10,38570,Unreliable,12.4,47.7
,"Montana","30","2019","2019","White","2106-3","Female","F",35,479857,7.3,5.1,10.1
,"Montana","30","2019","2019","White","2106-3","Male","M",148,488072,30.3,25.4,35.2
,"Montana","30","2020","2020","American Indian or Alaska Native","1002-5","Male","M",22,38653,56.9,35.7,86.2
,"Montana","30","2020","2020","White","2106-3","Female","F",27,484782,5.6,3.7,8.1
,"Montana","30","2020","2020","White","2106-3","Male","M",173,493337,35.1,29.8,40.3
,"Nebraska","31","1999","1999","Black or African American","2054-5","Male","M",15,35543,Unreliable,23.6,69.6
,"Nebraska","31","1999","1999","White","2106-3","Female","F",16,809461,Unreliable,1.1,3.2
,"Nebraska","31","1999","1999","White","2106-3","Male","M",109,785277,13.9,11.3,16.5
,"Nebraska","31","2000","2000","Black or African American","2054-5","Male","M",14,36877,Unreliable,20.8,63.7
,"Nebraska","31","2000","2000","White","2106-3","Female","F",26,808849,3.2,2.1,4.7
,"Nebraska","31","2000","2000","White","2106-3","Male","M",122,786046,15.5,12.8,18.3
,"Nebraska","31","2001","2001","Black or African American","2054-5","Male","M",10,38100,Unreliable,12.6,48.3
,"Nebraska","31","2001","2001","White","2106-3","Female","F",13,809900,Unreliable,0.9,2.7
,"Nebraska","31","2001","2001","White","2106-3","Male","M",111,788926,14.1,11.5,16.7
,"Nebraska","31","2002","2002","Black or African American","2054-5","Male","M",13,38967,Unreliable,17.8,57.0
,"Nebraska","31","2002","2002","White","2106-3","Female","F",17,811826,Unreliable,1.2,3.4
,"Nebraska","31","2002","2002","White","2106-3","Male","M",104,791714,13.1,10.6,15.7
,"Nebraska","31","2003","2003","Black or African American","2054-5","Male","M",17,40201,Unreliable,24.6,67.7
,"Nebraska","31","2003","2003","White","2106-3","Female","F",11,814429,Unreliable,0.7,2.4
,"Nebraska","31","2003","2003","White","2106-3","Male","M",95,795290,11.9,9.7,14.6
,"Nebraska","31","2004","2004","Black or African American","2054-5","Male","M",11,41165,Unreliable,13.3,47.8
,"Nebraska","31","2004","2004","White","2106-3","Female","F",12,816909,Unreliable,0.8,2.6
,"Nebraska","31","2004","2004","White","2106-3","Male","M",94,799395,11.8,9.5,14.4
,"Nebraska","31","2005","2005","Black or African American","2054-5","Male","M",16,42372,Unreliable,21.6,61.3
,"Nebraska","31","2005","2005","White","2106-3","Female","F",11,820464,Unreliable,0.7,2.4
,"Nebraska","31","2005","2005","White","2106-3","Male","M",99,803765,12.3,10.0,15.0
,"Nebraska","31","2006","2006","Black or African American","2054-5","Male","M",14,43749,Unreliable,17.5,53.7
,"Nebraska","31","2006","2006","White","2106-3","Female","F",14,823459,Unreliable,0.9,2.9
,"Nebraska","31","2006","2006","White","2106-3","Male","M",111,807225,13.8,11.2,16.3
,"Nebraska","31","2007","2007","Black or African American","2054-5","Male","M",14,44767,Unreliable,17.1,52.5
,"Nebraska","31","2007","2007","White","2106-3","Female","F",19,826720,Unreliable,1.4,3.6
,"Nebraska","31","2007","2007","White","2106-3","Male","M",102,810476,12.6,10.1,15.0
,"Nebraska","31","2008","2008","Black or African American","2054-5","Male","M",24,46423,51.7,33.1,76.9
,"Nebraska","31","2008","2008","White","2106-3","Female","F",11,829811,Unreliable,0.7,2.4
,"Nebraska","31","2008","2008","White","2106-3","Male","M",108,814650,13.3,10.8,15.8
,"Nebraska","31","2009","2009","Black or African American","2054-5","Male","M",18,47873,Unreliable,22.3,59.4
,"Nebraska","31","2009","2009","White","2106-3","Female","F",12,835525,Unreliable,0.7,2.5
,"Nebraska","31","2009","2009","White","2106-3","Male","M",96,820790,11.7,9.5,14.3
,"Nebraska","31","2010","2010","Black or African American","2054-5","Male","M",27,48820,55.3,36.4,80.5
,"Nebraska","31","2010","2010","White","2106-3","Female","F",14,840120,Unreliable,0.9,2.8
,"Nebraska","31","2010","2010","White","2106-3","Male","M",106,826166,12.8,10.4,15.3
,"Nebraska","31","2011","2011","Black or African American","2054-5","Male","M",26,49900,52.1,34.0,76.3
,"Nebraska","31","2011","2011","White","2106-3","Female","F",16,845491,Unreliable,1.1,3.1
,"Nebraska","31","2011","2011","White","2106-3","Male","M",114,832991,13.7,11.2,16.2
,"Nebraska","31","2012","2012","Black or African American","2054-5","Male","M",22,51121,43.0,27.0,65.2
,"Nebraska","31","2012","2012","White","2106-3","Male","M",130,837678,15.5,12.9,18.2
,"Nebraska","31","2013","2013","Black or African American","2054-5","Male","M",24,52465,45.7,29.3,68.1
,"Nebraska","31","2013","2013","White","2106-3","Female","F",15,852283,Unreliable,1.0,2.9
,"Nebraska","31","2013","2013","White","2106-3","Male","M",124,842328,14.7,12.1,17.3
,"Nebraska","31","2014","2014","Black or African American","2054-5","Male","M",22,53756,40.9,25.6,62.0
,"Nebraska","31","2014","2014","White","2106-3","Female","F",12,855504,Unreliable,0.7,2.5
,"Nebraska","31","2014","2014","White","2106-3","Male","M",140,846234,16.5,13.8,19.3
,"Nebraska","31","2015","2015","Black or African American","2054-5","Male","M",25,54898,45.5,29.5,67.2
,"Nebraska","31","2015","2015","White","2106-3","Female","F",14,858802,Unreliable,0.9,2.7
,"Nebraska","31","2015","2015","White","2106-3","Male","M",122,851098,14.3,11.8,16.9
,"Nebraska","31","2016","2016","Black or African American","2054-5","Male","M",28,55371,50.6,33.6,73.1
,"Nebraska","31","2016","2016","White","2106-3","Female","F",14,861558,Unreliable,0.9,2.7
,"Nebraska","31","2016","2016","White","2106-3","Male","M",116,854248,13.6,11.1,16.1
,"Nebraska","31","2017","2017","Black or African American","2054-5","Male","M",13,57068,Unreliable,12.1,39.0
,"Nebraska","31","2017","2017","White","2106-3","Female","F",11,864112,Unreliable,0.6,2.3
,"Nebraska","31","2017","2017","White","2106-3","Male","M",128,858282,14.9,12.3,17.5
,"Nebraska","31","2018","2018","Black or African American","2054-5","Male","M",10,58428,Unreliable,8.2,31.5
,"Nebraska","31","2018","2018","White","2106-3","Female","F",17,865438,Unreliable,1.1,3.1
,"Nebraska","31","2018","2018","White","2106-3","Male","M",148,860399,17.2,14.4,20.0
,"Nebraska","31","2019","2019","Black or African American","2054-5","Male","M",20,59604,33.6,20.5,51.8
,"Nebraska","31","2019","2019","White","2106-3","Female","F",18,865595,Unreliable,1.2,3.3
,"Nebraska","31","2019","2019","White","2106-3","Male","M",155,861360,18.0,15.2,20.8
,"Nebraska","31","2020","2020","Black or African American","2054-5","Male","M",24,60836,39.5,25.3,58.7
,"Nebraska","31","2020","2020","White","2106-3","Female","F",12,864929,Unreliable,0.7,2.4
,"Nebraska","31","2020","2020","White","2106-3","Male","M",152,860463,17.7,14.9,20.5
,"Nevada","32","1999","1999","Black or African American","2054-5","Male","M",31,73172,42.4,28.8,60.1
,"Nevada","32","1999","1999","White","2106-3","Female","F",45,808081,5.6,4.1,7.5
,"Nevada","32","1999","1999","White","2106-3","Male","M",271,849671,31.9,28.1,35.7
,"Nevada","32","2000","2000","Black or African American","2054-5","Male","M",33,75861,43.5,29.9,61.1
,"Nevada","32","2000","2000","White","2106-3","Female","F",36,830606,4.3,3.0,6.0
,"Nevada","32","2000","2000","White","2106-3","Male","M",257,874689,29.4,25.8,33.0
,"Nevada","32","2001","2001","Black or African American","2054-5","Male","M",37,81849,45.2,31.8,62.3
,"Nevada","32","2001","2001","White","2106-3","Female","F",42,866465,4.8,3.5,6.6
,"Nevada","32","2001","2001","White","2106-3","Male","M",226,910795,24.8,21.6,28.0
,"Nevada","32","2002","2002","Black or African American","2054-5","Male","M",49,86755,56.5,41.8,74.7
,"Nevada","32","2002","2002","White","2106-3","Female","F",45,892798,5.0,3.7,6.7
,"Nevada","32","2002","2002","White","2106-3","Male","M",253,935901,27.0,23.7,30.4
,"Nevada","32","2003","2003","Black or African American","2054-5","Male","M",52,91777,56.7,42.3,74.3
,"Nevada","32","2003","2003","White","2106-3","Female","F",50,918829,5.4,4.0,7.2
,"Nevada","32","2003","2003","White","2106-3","Male","M",253,961273,26.3,23.1,29.6
,"Nevada","32","2004","2004","Black or African American","2054-5","Male","M",39,98189,39.7,28.2,54.3
,"Nevada","32","2004","2004","White","2106-3","Female","F",51,951947,5.4,4.0,7.0
,"Nevada","32","2004","2004","White","2106-3","Male","M",283,995967,28.4,25.1,31.7
,"Nevada","32","2005","2005","Black or African American","2054-5","Male","M",36,104735,34.4,24.1,47.6
,"Nevada","32","2005","2005","White","2106-3","Female","F",45,978056,4.6,3.4,6.2
,"Nevada","32","2005","2005","White","2106-3","Male","M",288,1024797,28.1,24.9,31.3
,"Nevada","32","2006","2006","Black or African American","2054-5","Female","F",10,109693,Unreliable,4.4,16.8
,"Nevada","32","2006","2006","Black or African American","2054-5","Male","M",51,111811,45.6,34.0,60.0
,"Nevada","32","2006","2006","White","2106-3","Female","F",45,1005835,4.5,3.3,6.0
,"Nevada","32","2006","2006","White","2106-3","Male","M",278,1054175,26.4,23.3,29.5
,"Nevada","32","2007","2007","Black or African American","2054-5","Male","M",50,118094,42.3,31.4,55.8
,"Nevada","32","2007","2007","White","2106-3","Female","F",63,1029970,6.1,4.7,7.8
,"Nevada","32","2007","2007","White","2106-3","Male","M",280,1077717,26.0,22.9,29.0
,"Nevada","32","2008","2008","Black or African American","2054-5","Male","M",35,123314,28.4,19.8,39.5
,"Nevada","32","2008","2008","White","2106-3","Female","F",55,1043749,5.3,4.0,6.9
,"Nevada","32","2008","2008","White","2106-3","Male","M",294,1091495,26.9,23.9,30.0
,"Nevada","32","2009","2009","Black or African American","2054-5","Male","M",35,126941,27.6,19.2,38.3
,"Nevada","32","2009","2009","White","2106-3","Female","F",49,1051713,4.7,3.4,6.2
,"Nevada","32","2009","2009","White","2106-3","Male","M",300,1096995,27.3,24.3,30.4
,"Nevada","32","2010","2010","Black or African American","2054-5","Male","M",28,129046,21.7,14.4,31.4
,"Nevada","32","2010","2010","White","2106-3","Female","F",53,1054520,5.0,3.8,6.6
,"Nevada","32","2010","2010","White","2106-3","Male","M",286,1098157,26.0,23.0,29.1
,"Nevada","32","2011","2011","Black or African American","2054-5","Male","M",31,130862,23.7,16.1,33.6
,"Nevada","32","2011","2011","White","2106-3","Female","F",48,1059922,4.5,3.3,6.0
,"Nevada","32","2011","2011","White","2106-3","Male","M",266,1104048,24.1,21.2,27.0
,"Nevada","32","2012","2012","Asian or Pacific Islander","A-PI","Male","M",12,118502,Unreliable,5.2,17.7
,"Nevada","32","2012","2012","Black or African American","2054-5","Male","M",37,136287,27.1,19.1,37.4
,"Nevada","32","2012","2012","White","2106-3","Female","F",61,1067009,5.7,4.4,7.3
,"Nevada","32","2012","2012","White","2106-3","Male","M",229,1110651,20.6,17.9,23.3
,"Nevada","32","2013","2013","Black or African American","2054-5","Male","M",37,139442,26.5,18.7,36.6
,"Nevada","32","2013","2013","White","2106-3","Female","F",61,1073997,5.7,4.3,7.3
,"Nevada","32","2013","2013","White","2106-3","Male","M",278,1117060,24.9,22.0,27.8
,"Nevada","32","2014","2014","Black or African American","2054-5","Male","M",52,143899,36.1,27.0,47.4
,"Nevada","32","2014","2014","White","2106-3","Female","F",64,1089225,5.9,4.5,7.5
,"Nevada","32","2014","2014","White","2106-3","Male","M",288,1127789,25.5,22.6,28.5
,"Nevada","32","2015","2015","Asian or Pacific Islander","A-PI","Male","M",11,134277,Unreliable,4.1,14.7
,"Nevada","32","2015","2015","Black or African American","2054-5","Female","F",12,149947,Unreliable,4.1,14.0
,"Nevada","32","2015","2015","Black or African American","2054-5","Male","M",43,148780,28.9,20.9,38.9
,"Nevada","32","2015","2015","White","2106-3","Female","F",74,1103611,6.7,5.3,8.4
,"Nevada","32","2015","2015","White","2106-3","Male","M",283,1140167,24.8,21.9,27.7
,"Nevada","32","2016","2016","Asian or Pacific Islander","A-PI","Male","M",18,138131,Unreliable,7.7,20.6
,"Nevada","32","2016","2016","Black or African American","2054-5","Female","F",13,157379,Unreliable,4.4,14.1
,"Nevada","32","2016","2016","Black or African American","2054-5","Male","M",73,156236,46.7,36.6,58.7
,"Nevada","32","2016","2016","White","2106-3","Female","F",59,1116110,5.3,4.0,6.8
,"Nevada","32","2016","2016","White","2106-3","Male","M",313,1151712,27.2,24.2,30.2
,"Nevada","32","2017","2017","Asian or Pacific Islander","A-PI","Female","F",10,170662,Unreliable,2.8,10.8
,"Nevada","32","2017","2017","Asian or Pacific Islander","A-PI","Male","M",13,143600,Unreliable,4.8,15.5
,"Nevada","32","2017","2017","Black or African American","2054-5","Female","F",13,165461,Unreliable,4.2,13.4
,"Nevada","32","2017","2017","Black or African American","2054-5","Male","M",65,163211,39.8,30.7,50.8
,"Nevada","32","2017","2017","White","2106-3","Female","F",71,1128859,6.3,4.9,7.9
,"Nevada","32","2017","2017","White","2106-3","Male","M",317,1168165,27.1,24.1,30.1
,"Nevada","32","2018","2018","Asian or Pacific Islander","A-PI","Male","M",21,144608,14.5,9.0,22.2
,"Nevada","32","2018","2018","Black or African American","2054-5","Female","F",12,172352,Unreliable,3.6,12.2
,"Nevada","32","2018","2018","Black or African American","2054-5","Male","M",66,169042,39.0,30.2,49.7
,"Nevada","32","2018","2018","White","2106-3","Female","F",80,1139222,7.0,5.6,8.7
,"Nevada","32","2018","2018","White","2106-3","Male","M",343,1178353,29.1,26.0,32.2
,"Nevada","32","2019","2019","Asian or Pacific Islander","A-PI","Male","M",19,147616,Unreliable,7.7,20.1
,"Nevada","32","2019","2019","Black or African American","2054-5","Male","M",48,174842,27.5,20.2,36.4
,"Nevada","32","2019","2019","White","2106-3","Female","F",61,1152056,5.3,4.1,6.8
,"Nevada","32","2019","2019","White","2106-3","Male","M",331,1192049,27.8,24.8,30.8
,"Nevada","32","2020","2020","Asian or Pacific Islander","A-PI","Male","M",16,155639,Unreliable,5.9,16.7
,"Nevada","32","2020","2020","Black or African American","2054-5","Female","F",15,186327,Unreliable,4.5,13.3
,"Nevada","32","2020","2020","Black or African American","2054-5","Male","M",79,182485,43.3,34.3,54.0
,"Nevada","32","2020","2020","White","2106-3","Female","F",54,1164189,4.6,3.5,6.1
,"Nevada","32","2020","2020","White","2106-3","Male","M",355,1203517,29.5,26.4,32.6
,"New Hampshire","33","1999","1999","White","2106-3","Male","M",63,585238,10.8,8.3,13.8
,"New Hampshire","33","2000","2000","White","2106-3","Male","M",69,590751,11.7,9.1,14.8
,"New Hampshire","33","2001","2001","White","2106-3","Female","F",12,619500,Unreliable,1.0,3.4
,"New Hampshire","33","2001","2001","White","2106-3","Male","M",78,599248,13.0,10.3,16.2
,"New Hampshire","33","2002","2002","White","2106-3","Male","M",64,605148,10.6,8.1,13.5
,"New Hampshire","33","2003","2003","White","2106-3","Male","M",77,609703,12.6,10.0,15.8
,"New Hampshire","33","2004","2004","White","2106-3","Male","M",59,613564,9.6,7.3,12.4
,"New Hampshire","33","2005","2005","White","2106-3","Female","F",10,634790,Unreliable,0.8,2.9
,"New Hampshire","33","2005","2005","White","2106-3","Male","M",78,616548,12.7,10.0,15.8
,"New Hampshire","33","2006","2006","White","2106-3","Female","F",10,638380,Unreliable,0.8,2.9
,"New Hampshire","33","2006","2006","White","2106-3","Male","M",72,620415,11.6,9.1,14.6
,"New Hampshire","33","2007","2007","White","2106-3","Male","M",68,621509,10.9,8.5,13.9
,"New Hampshire","33","2008","2008","White","2106-3","Female","F",14,640059,Unreliable,1.2,3.7
,"New Hampshire","33","2008","2008","White","2106-3","Male","M",79,622292,12.7,10.1,15.8
,"New Hampshire","33","2009","2009","White","2106-3","Female","F",15,639555,Unreliable,1.3,3.9
,"New Hampshire","33","2009","2009","White","2106-3","Male","M",72,621429,11.6,9.1,14.6
,"New Hampshire","33","2010","2010","White","2106-3","Female","F",20,639476,3.1,1.9,4.8
,"New Hampshire","33","2010","2010","White","2106-3","Male","M",95,621178,15.3,12.4,18.7
,"New Hampshire","33","2011","2011","White","2106-3","Female","F",12,638618,Unreliable,1.0,3.3
,"New Hampshire","33","2011","2011","White","2106-3","Male","M",74,621425,11.9,9.4,14.9
,"New Hampshire","33","2012","2012","White","2106-3","Female","F",17,638658,Unreliable,1.6,4.3
,"New Hampshire","33","2012","2012","White","2106-3","Male","M",97,621368,15.6,12.7,19.0
,"New Hampshire","33","2013","2013","White","2106-3","Male","M",83,621560,13.4,10.6,16.6
,"New Hampshire","33","2014","2014","White","2106-3","Female","F",11,639145,Unreliable,0.9,3.1
,"New Hampshire","33","2014","2014","White","2106-3","Male","M",107,622267,17.2,13.9,20.5
,"New Hampshire","33","2015","2015","White","2106-3","Female","F",21,639920,3.3,2.0,5.0
,"New Hampshire","33","2015","2015","White","2106-3","Male","M",97,623760,15.6,12.6,19.0
,"New Hampshire","33","2016","2016","White","2106-3","Female","F",16,640054,Unreliable,1.4,4.1
,"New Hampshire","33","2016","2016","White","2106-3","Male","M",113,626113,18.0,14.7,21.4
,"New Hampshire","33","2017","2017","White","2106-3","Female","F",18,642808,Unreliable,1.7,4.4
,"New Hampshire","33","2017","2017","White","2106-3","Male","M",123,628691,19.6,16.1,23.0
,"New Hampshire","33","2018","2018","White","2106-3","Female","F",21,646643,3.2,2.0,5.0
,"New Hampshire","33","2018","2018","White","2106-3","Male","M",128,632712,20.2,16.7,23.7
,"New Hampshire","33","2019","2019","White","2106-3","Female","F",20,647908,3.1,1.9,4.8
,"New Hampshire","33","2019","2019","White","2106-3","Male","M",129,633580,20.4,16.8,23.9
,"New Hampshire","33","2020","2020","White","2106-3","Female","F",27,649581,4.2,2.7,6.0
,"New Hampshire","33","2020","2020","White","2106-3","Male","M",94,635439,14.8,12.0,18.1
,"New Jersey","34","1999","1999","Black or African American","2054-5","Female","F",11,649064,Unreliable,0.8,3.0
,"New Jersey","34","1999","1999","Black or African American","2054-5","Male","M",111,582178,19.1,15.5,22.6
,"New Jersey","34","1999","1999","White","2106-3","Female","F",34,3391812,1.0,0.7,1.4
,"New Jersey","34","1999","1999","White","2106-3","Male","M",199,3217379,6.2,5.3,7.0
,"New Jersey","34","2000","2000","Black or African American","2054-5","Male","M",131,586760,22.3,18.5,26.1
,"New Jersey","34","2000","2000","White","2106-3","Female","F",24,3403279,0.7,0.5,1.0
,"New Jersey","34","2000","2000","White","2106-3","Male","M",177,3226551,5.5,4.7,6.3
,"New Jersey","34","2001","2001","Black or African American","2054-5","Male","M",145,593651,24.4,20.4,28.4
,"New Jersey","34","2001","2001","White","2106-3","Female","F",27,3412078,0.8,0.5,1.2
,"New Jersey","34","2001","2001","White","2106-3","Male","M",185,3240039,5.7,4.9,6.5
,"New Jersey","34","2002","2002","Black or African American","2054-5","Female","F",16,670015,Unreliable,1.4,3.9
,"New Jersey","34","2002","2002","Black or African American","2054-5","Male","M",147,598808,24.5,20.6,28.5
,"New Jersey","34","2002","2002","White","2106-3","Female","F",22,3416825,0.6,0.4,1.0
,"New Jersey","34","2002","2002","White","2106-3","Male","M",223,3250253,6.9,6.0,7.8
,"New Jersey","34","2003","2003","Black or African American","2054-5","Female","F",22,676211,3.3,2.0,4.9
,"New Jersey","34","2003","2003","Black or African American","2054-5","Male","M",181,603390,30.0,25.6,34.4
,"New Jersey","34","2003","2003","White","2106-3","Female","F",32,3417868,0.9,0.6,1.3
,"New Jersey","34","2003","2003","White","2106-3","Male","M",211,3256829,6.5,5.6,7.4
,"New Jersey","34","2004","2004","Black or African American","2054-5","Female","F",15,680660,Unreliable,1.2,3.6
,"New Jersey","34","2004","2004","Black or African American","2054-5","Male","M",189,607578,31.1,26.7,35.5
,"New Jersey","34","2004","2004","White","2106-3","Female","F",24,3413631,0.7,0.5,1.0
,"New Jersey","34","2004","2004","White","2106-3","Male","M",215,3257072,6.6,5.7,7.5
,"New Jersey","34","2005","2005","Black or African American","2054-5","Female","F",16,683251,Unreliable,1.3,3.8
,"New Jersey","34","2005","2005","Black or African American","2054-5","Male","M",214,610356,35.1,30.4,39.8
,"New Jersey","34","2005","2005","White","2106-3","Female","F",21,3402425,0.6,0.4,0.9
,"New Jersey","34","2005","2005","White","2106-3","Male","M",168,3251660,5.2,4.4,5.9
,"New Jersey","34","2006","2006","Black or African American","2054-5","Female","F",17,686105,Unreliable,1.4,4.0
,"New Jersey","34","2006","2006","Black or African American","2054-5","Male","M",237,612548,38.7,33.8,43.6
,"New Jersey","34","2006","2006","White","2106-3","Female","F",26,3390120,0.8,0.5,1.1
,"New Jersey","34","2006","2006","White","2106-3","Male","M",210,3242856,6.5,5.6,7.4
,"New Jersey","34","2007","2007","Black or African American","2054-5","Female","F",15,689167,Unreliable,1.2,3.6
,"New Jersey","34","2007","2007","Black or African American","2054-5","Male","M",205,615167,33.3,28.8,37.9
,"New Jersey","34","2007","2007","White","2106-3","Female","F",26,3379495,0.8,0.5,1.1
,"New Jersey","34","2007","2007","White","2106-3","Male","M",192,3235757,5.9,5.1,6.8
,"New Jersey","34","2008","2008","Black or African American","2054-5","Female","F",18,692632,Unreliable,1.5,4.1
,"New Jersey","34","2008","2008","Black or African American","2054-5","Male","M",184,619064,29.7,25.4,34.0
,"New Jersey","34","2008","2008","White","2106-3","Female","F",28,3375728,0.8,0.6,1.2
,"New Jersey","34","2008","2008","White","2106-3","Male","M",189,3235980,5.8,5.0,6.7
,"New Jersey","34","2009","2009","Black or African American","2054-5","Female","F",18,699687,Unreliable,1.5,4.1
,"New Jersey","34","2009","2009","Black or African American","2054-5","Male","M",161,623845,25.8,21.8,29.8
,"New Jersey","34","2009","2009","White","2106-3","Female","F",19,3377252,Unreliable,0.3,0.9
,"New Jersey","34","2009","2009","White","2106-3","Male","M",202,3238736,6.2,5.4,7.1
,"New Jersey","34","2010","2010","Black or African American","2054-5","Female","F",14,705064,Unreliable,1.1,3.3
,"New Jersey","34","2010","2010","Black or African American","2054-5","Male","M",211,628463,33.6,29.0,38.1
,"New Jersey","34","2010","2010","White","2106-3","Female","F",28,3380028,0.8,0.6,1.2
,"New Jersey","34","2010","2010","White","2106-3","Male","M",196,3241957,6.0,5.2,6.9
,"New Jersey","34","2011","2011","Black or African American","2054-5","Female","F",12,708966,Unreliable,0.9,3.0
,"New Jersey","34","2011","2011","Black or African American","2054-5","Male","M",229,634521,36.1,31.4,40.8
,"New Jersey","34","2011","2011","White","2106-3","Female","F",24,3373722,0.7,0.5,1.1
,"New Jersey","34","2011","2011","White","2106-3","Male","M",202,3244681,6.2,5.4,7.1
,"New Jersey","34","2012","2012","Black or African American","2054-5","Female","F",16,714611,Unreliable,1.3,3.6
,"New Jersey","34","2012","2012","Black or African American","2054-5","Male","M",195,640351,30.5,26.2,34.7
,"New Jersey","34","2012","2012","White","2106-3","Female","F",22,3372124,0.7,0.4,1.0
,"New Jersey","34","2012","2012","White","2106-3","Male","M",201,3247347,6.2,5.3,7.0
,"New Jersey","34","2013","2013","Black or African American","2054-5","Female","F",18,720054,Unreliable,1.5,4.0
,"New Jersey","34","2013","2013","Black or African American","2054-5","Male","M",221,646106,34.2,29.7,38.7
,"New Jersey","34","2013","2013","White","2106-3","Female","F",27,3368787,0.8,0.5,1.2
,"New Jersey","34","2013","2013","White","2106-3","Male","M",225,3249972,6.9,6.0,7.8
,"New Jersey","34","2014","2014","Black or African American","2054-5","Female","F",16,727400,Unreliable,1.3,3.6
,"New Jersey","34","2014","2014","Black or African American","2054-5","Male","M",192,654039,29.4,25.2,33.5
,"New Jersey","34","2014","2014","White","2106-3","Female","F",29,3366114,0.9,0.6,1.2
,"New Jersey","34","2014","2014","White","2106-3","Male","M",218,3247167,6.7,5.8,7.6
,"New Jersey","34","2015","2015","Black or African American","2054-5","Male","M",220,660048,33.3,28.9,37.7
,"New Jersey","34","2015","2015","White","2106-3","Female","F",25,3357157,0.7,0.5,1.1
,"New Jersey","34","2015","2015","White","2106-3","Male","M",200,3239127,6.2,5.3,7.0
,"New Jersey","34","2016","2016","Black or African American","2054-5","Female","F",22,734895,3.0,1.9,4.5
,"New Jersey","34","2016","2016","Black or African American","2054-5","Male","M",228,666395,34.2,29.8,38.7
,"New Jersey","34","2016","2016","White","2106-3","Female","F",23,3340231,0.7,0.4,1.0
,"New Jersey","34","2016","2016","White","2106-3","Male","M",202,3224364,6.3,5.4,7.1
,"New Jersey","34","2017","2017","Black or African American","2054-5","Female","F",21,740534,2.8,1.8,4.3
,"New Jersey","34","2017","2017","Black or African American","2054-5","Male","M",197,671853,29.3,25.2,33.4
,"New Jersey","34","2017","2017","White","2106-3","Female","F",45,3350314,1.3,1.0,1.8
,"New Jersey","34","2017","2017","White","2106-3","Male","M",197,3232816,6.1,5.2,6.9
,"New Jersey","34","2018","2018","Black or African American","2054-5","Female","F",15,735134,Unreliable,1.1,3.4
,"New Jersey","34","2018","2018","Black or African American","2054-5","Male","M",164,668991,24.5,20.8,28.3
,"New Jersey","34","2018","2018","White","2106-3","Female","F",23,3313024,0.7,0.4,1.0
,"New Jersey","34","2018","2018","White","2106-3","Male","M",209,3197983,6.5,5.6,7.4
,"New Jersey","34","2019","2019","Black or African American","2054-5","Female","F",10,735309,Unreliable,0.7,2.5
,"New Jersey","34","2019","2019","Black or African American","2054-5","Male","M",159,669681,23.7,20.1,27.4
,"New Jersey","34","2019","2019","White","2106-3","Female","F",26,3298956,0.8,0.5,1.2
,"New Jersey","34","2019","2019","White","2106-3","Male","M",170,3185874,5.3,4.5,6.1
,"New Jersey","34","2020","2020","Black or African American","2054-5","Female","F",19,743333,Unreliable,1.5,4.0
,"New Jersey","34","2020","2020","Black or African American","2054-5","Male","M",192,678583,28.3,24.3,32.3
,"New Jersey","34","2020","2020","White","2106-3","Female","F",26,3275631,0.8,0.5,1.2
,"New Jersey","34","2020","2020","White","2106-3","Male","M",195,3164788,6.2,5.3,7.0
,"New Mexico","35","1999","1999","American Indian or Alaska Native","1002-5","Male","M",20,86685,23.1,14.1,35.6
,"New Mexico","35","1999","1999","White","2106-3","Female","F",33,793585,4.2,2.9,5.8
,"New Mexico","35","1999","1999","White","2106-3","Male","M",221,769836,28.7,24.9,32.5
,"New Mexico","35","2000","2000","American Indian or Alaska Native","1002-5","Male","M",16,89816,Unreliable,10.2,28.9
,"New Mexico","35","2000","2000","White","2106-3","Female","F",37,795258,4.7,3.3,6.4
,"New Mexico","35","2000","2000","White","2106-3","Male","M",223,770522,28.9,25.1,32.7
,"New Mexico","35","2001","2001","American Indian or Alaska Native","1002-5","Male","M",14,91857,Unreliable,8.3,25.6
,"New Mexico","35","2001","2001","White","2106-3","Female","F",40,798090,5.0,3.6,6.8
,"New Mexico","35","2001","2001","White","2106-3","Male","M",197,774363,25.4,21.9,29.0
,"New Mexico","35","2002","2002","American Indian or Alaska Native","1002-5","Male","M",17,93577,Unreliable,10.6,29.1
,"New Mexico","35","2002","2002","White","2106-3","Female","F",35,806325,4.3,3.0,6.0
,"New Mexico","35","2002","2002","White","2106-3","Male","M",235,783117,30.0,26.2,33.8
,"New Mexico","35","2003","2003","American Indian or Alaska Native","1002-5","Male","M",28,95443,29.3,19.5,42.4
,"New Mexico","35","2003","2003","White","2106-3","Female","F",34,813869,4.2,2.9,5.8
,"New Mexico","35","2003","2003","White","2106-3","Male","M",239,791756,30.2,26.4,34.0
,"New Mexico","35","2004","2004","American Indian or Alaska Native","1002-5","Male","M",16,97065,Unreliable,9.4,26.8
,"New Mexico","35","2004","2004","White","2106-3","Female","F",41,823152,5.0,3.6,6.8
,"New Mexico","35","2004","2004","White","2106-3","Male","M",217,802358,27.0,23.4,30.6
,"New Mexico","35","2005","2005","American Indian or Alaska Native","1002-5","Male","M",11,98635,Unreliable,5.6,20.0
,"New Mexico","35","2005","2005","White","2106-3","Female","F",30,834177,3.6,2.4,5.1
,"New Mexico","35","2005","2005","White","2106-3","Male","M",215,813955,26.4,22.9,29.9
,"New Mexico","35","2006","2006","American Indian or Alaska Native","1002-5","Male","M",12,99932,Unreliable,6.2,21.0
,"New Mexico","35","2006","2006","White","2106-3","Female","F",29,846731,3.4,2.3,4.9
,"New Mexico","35","2006","2006","White","2106-3","Male","M",222,825308,26.9,23.4,30.4
,"New Mexico","35","2007","2007","American Indian or Alaska Native","1002-5","Male","M",15,101655,Unreliable,8.3,24.3
,"New Mexico","35","2007","2007","White","2106-3","Female","F",39,857191,4.5,3.2,6.2
,"New Mexico","35","2007","2007","White","2106-3","Male","M",223,836285,26.7,23.2,30.2
,"New Mexico","35","2008","2008","American Indian or Alaska Native","1002-5","Male","M",17,103747,Unreliable,9.5,26.2
,"New Mexico","35","2008","2008","White","2106-3","Female","F",37,864490,4.3,3.0,5.9
,"New Mexico","35","2008","2008","White","2106-3","Male","M",219,842967,26.0,22.5,29.4
,"New Mexico","35","2009","2009","American Indian or Alaska Native","1002-5","Male","M",19,106018,Unreliable,10.8,28.0
,"New Mexico","35","2009","2009","White","2106-3","Female","F",35,873481,4.0,2.8,5.6
,"New Mexico","35","2009","2009","White","2106-3","Male","M",227,852318,26.6,23.2,30.1
,"New Mexico","35","2010","2010","American Indian or Alaska Native","1002-5","Male","M",18,107372,Unreliable,9.9,26.5
,"New Mexico","35","2010","2010","White","2106-3","Female","F",30,881384,3.4,2.3,4.9
,"New Mexico","35","2010","2010","White","2106-3","Male","M",228,861406,26.5,23.0,29.9
,"New Mexico","35","2011","2011","American Indian or Alaska Native","1002-5","Male","M",19,108316,Unreliable,10.6,27.4
,"New Mexico","35","2011","2011","White","2106-3","Female","F",41,888140,4.6,3.3,6.3
,"New Mexico","35","2011","2011","White","2106-3","Male","M",227,870518,26.1,22.7,29.5
,"New Mexico","35","2012","2012","American Indian or Alaska Native","1002-5","Male","M",21,109479,19.2,11.9,29.3
,"New Mexico","35","2012","2012","Black or African American","2054-5","Male","M",10,32729,Unreliable,14.7,56.2
,"New Mexico","35","2012","2012","White","2106-3","Female","F",37,887007,4.2,2.9,5.7
,"New Mexico","35","2012","2012","White","2106-3","Male","M",244,871578,28.0,24.5,31.5
,"New Mexico","35","2013","2013","American Indian or Alaska Native","1002-5","Male","M",11,111080,Unreliable,4.9,17.7
,"New Mexico","35","2013","2013","White","2106-3","Female","F",47,883743,5.3,3.9,7.1
,"New Mexico","35","2013","2013","White","2106-3","Male","M",244,869736,28.1,24.5,31.6
,"New Mexico","35","2014","2014","American Indian or Alaska Native","1002-5","Male","M",15,111508,Unreliable,7.5,22.2
,"New Mexico","35","2014","2014","Black or African American","2054-5","Male","M",14,34086,Unreliable,22.5,68.9
,"New Mexico","35","2014","2014","White","2106-3","Female","F",42,882774,4.8,3.4,6.4
,"New Mexico","35","2014","2014","White","2106-3","Male","M",251,867571,28.9,25.4,32.5
,"New Mexico","35","2015","2015","American Indian or Alaska Native","1002-5","Male","M",14,112713,Unreliable,6.8,20.8
,"New Mexico","35","2015","2015","White","2106-3","Female","F",53,879863,6.0,4.5,7.9
,"New Mexico","35","2015","2015","White","2106-3","Male","M",288,865771,33.3,29.4,37.1
,"New Mexico","35","2016","2016","American Indian or Alaska Native","1002-5","Male","M",20,113151,17.7,10.8,27.3
,"New Mexico","35","2016","2016","White","2106-3","Female","F",66,879311,7.5,5.8,9.5
,"New Mexico","35","2016","2016","White","2106-3","Male","M",263,863645,30.5,26.8,34.1
,"New Mexico","35","2017","2017","American Indian or Alaska Native","1002-5","Male","M",22,116785,18.8,11.8,28.5
,"New Mexico","35","2017","2017","Black or African American","2054-5","Male","M",14,34466,Unreliable,22.2,68.2
,"New Mexico","35","2017","2017","White","2106-3","Female","F",54,878107,6.1,4.6,8.0
,"New Mexico","35","2017","2017","White","2106-3","Male","M",286,862596,33.2,29.3,37.0
,"New Mexico","35","2018","2018","American Indian or Alaska Native","1002-5","Male","M",30,117395,25.6,17.2,36.5
,"New Mexico","35","2018","2018","Black or African American","2054-5","Male","M",19,35221,Unreliable,32.5,84.2
,"New Mexico","35","2018","2018","White","2106-3","Female","F",58,880462,6.6,5.0,8.5
,"New Mexico","35","2018","2018","White","2106-3","Male","M",306,863867,35.4,31.5,39.4
,"New Mexico","35","2019","2019","American Indian or Alaska Native","1002-5","Male","M",24,117841,20.4,13.0,30.3
,"New Mexico","35","2019","2019","Black or African American","2054-5","Male","M",20,36052,55.5,33.9,85.7
,"New Mexico","35","2019","2019","White","2106-3","Female","F",65,879799,7.4,5.7,9.4
,"New Mexico","35","2019","2019","White","2106-3","Male","M",335,862719,38.8,34.7,43.0
,"New Mexico","35","2020","2020","American Indian or Alaska Native","1002-5","Male","M",29,119538,24.3,16.2,34.8
,"New Mexico","35","2020","2020","Black or African American","2054-5","Male","M",22,37295,59.0,37.0,89.3
,"New Mexico","35","2020","2020","White","2106-3","Female","F",65,880149,7.4,5.7,9.4
,"New Mexico","35","2020","2020","White","2106-3","Male","M",344,863411,39.8,35.6,44.1
,"New York","36","1999","1999","Asian or Pacific Islander","A-PI","Male","M",11,556675,Unreliable,1.0,3.5
,"New York","36","1999","1999","Black or African American","2054-5","Female","F",30,1835692,1.6,1.1,2.3
,"New York","36","1999","1999","Black or African American","2054-5","Male","M",339,1575076,21.5,19.2,23.8
,"New York","36","1999","1999","White","2106-3","Female","F",73,7318698,1.0,0.8,1.3
,"New York","36","1999","1999","White","2106-3","Male","M",549,6917065,7.9,7.3,8.6
,"New York","36","2000","2000","Asian or Pacific Islander","A-PI","Male","M",20,575111,3.5,2.1,5.4
,"New York","36","2000","2000","Black or African American","2054-5","Female","F",25,1849457,1.4,0.9,2.0
,"New York","36","2000","2000","Black or African American","2054-5","Male","M",385,1585127,24.3,21.9,26.7
,"New York","36","2000","2000","White","2106-3","Female","F",76,7336494,1.0,0.8,1.3
,"New York","36","2000","2000","White","2106-3","Male","M",572,6927047,8.3,7.6,8.9
,"New York","36","2001","2001","Asian or Pacific Islander","A-PI","Male","M",11,599739,Unreliable,0.9,3.3
,"New York","36","2001","2001","Black or African American","2054-5","Female","F",40,1860551,2.1,1.5,2.9
,"New York","36","2001","2001","Black or African American","2054-5","Male","M",370,1597107,23.2,20.8,25.5
,"New York","36","2001","2001","White","2106-3","Female","F",51,7338431,0.7,0.5,0.9
,"New York","36","2001","2001","White","2106-3","Male","M",582,6942969,8.4,7.7,9.1
,"New York","36","2002","2002","Asian or Pacific Islander","A-PI","Male","M",11,618307,Unreliable,0.9,3.2
,"New York","36","2002","2002","Black or African American","2054-5","Female","F",39,1865067,2.1,1.5,2.9
,"New York","36","2002","2002","Black or African American","2054-5","Male","M",351,1602183,21.9,19.6,24.2
,"New York","36","2002","2002","White","2106-3","Female","F",51,7330648,0.7,0.5,0.9
,"New York","36","2002","2002","White","2106-3","Male","M",523,6945612,7.5,6.9,8.2
,"New York","36","2003","2003","Asian or Pacific Islander","A-PI","Male","M",14,635330,Unreliable,1.2,3.7
,"New York","36","2003","2003","Black or African American","2054-5","Female","F",29,1866404,1.6,1.0,2.2
,"New York","36","2003","2003","Black or African American","2054-5","Male","M",392,1604603,24.4,22.0,26.8
,"New York","36","2003","2003","White","2106-3","Female","F",56,7318315,0.8,0.6,1.0
,"New York","36","2003","2003","White","2106-3","Male","M",528,6945157,7.6,7.0,8.3
,"New York","36","2004","2004","Asian or Pacific Islander","A-PI","Male","M",11,650188,Unreliable,0.8,3.0
,"New York","36","2004","2004","Black or African American","2054-5","Female","F",22,1863418,1.2,0.7,1.8
,"New York","36","2004","2004","Black or African American","2054-5","Male","M",338,1600828,21.1,18.9,23.4
,"New York","36","2004","2004","White","2106-3","Female","F",43,7293173,0.6,0.4,0.8
,"New York","36","2004","2004","White","2106-3","Male","M",525,6929618,7.6,6.9,8.2
,"New York","36","2005","2005","Asian or Pacific Islander","A-PI","Male","M",12,664929,Unreliable,0.9,3.2
,"New York","36","2005","2005","Black or African American","2054-5","Female","F",32,1857880,1.7,1.2,2.4
,"New York","36","2005","2005","Black or African American","2054-5","Male","M",358,1599801,22.4,20.1,24.7
,"New York","36","2005","2005","White","2106-3","Female","F",64,7248164,0.9,0.7,1.1
,"New York","36","2005","2005","White","2106-3","Male","M",541,6898559,7.8,7.2,8.5
,"New York","36","2006","2006","Asian or Pacific Islander","A-PI","Male","M",12,680220,Unreliable,0.9,3.1
,"New York","36","2006","2006","Black or African American","2054-5","Female","F",25,1855455,1.3,0.9,2.0
,"New York","36","2006","2006","Black or African American","2054-5","Male","M",380,1598437,23.8,21.4,26.2
,"New York","36","2006","2006","White","2106-3","Female","F",62,7209320,0.9,0.7,1.1
,"New York","36","2006","2006","White","2106-3","Male","M",513,6868066,7.5,6.8,8.1
,"New York","36","2007","2007","Black or African American","2054-5","Female","F",28,1855300,1.5,1.0,2.2
,"New York","36","2007","2007","Black or African American","2054-5","Male","M",363,1601502,22.7,20.3,25.0
,"New York","36","2007","2007","White","2106-3","Female","F",60,7191923,0.8,0.6,1.1
,"New York","36","2007","2007","White","2106-3","Male","M",511,6859701,7.4,6.8,8.1
,"New York","36","2008","2008","Black or African American","2054-5","Female","F",19,1863557,Unreliable,0.6,1.6
,"New York","36","2008","2008","Black or African American","2054-5","Male","M",349,1610310,21.7,19.4,23.9
,"New York","36","2008","2008","White","2106-3","Female","F",60,7190126,0.8,0.6,1.1
,"New York","36","2008","2008","White","2106-3","Male","M",516,6867660,7.5,6.9,8.2
,"New York","36","2009","2009","Asian or Pacific Islander","A-PI","Female","F",10,791820,Unreliable,0.6,2.3
,"New York","36","2009","2009","Black or African American","2054-5","Female","F",22,1877321,1.2,0.7,1.8
,"New York","36","2009","2009","Black or African American","2054-5","Male","M",346,1621430,21.3,19.1,23.6
,"New York","36","2009","2009","White","2106-3","Female","F",62,7193960,0.9,0.7,1.1
,"New York","36","2009","2009","White","2106-3","Male","M",492,6878278,7.2,6.5,7.8
,"New York","36","2010","2010","Black or African American","2054-5","Female","F",31,1890362,1.6,1.1,2.3
,"New York","36","2010","2010","Black or African American","2054-5","Male","M",383,1632834,23.5,21.1,25.8
,"New York","36","2010","2010","White","2106-3","Female","F",50,7193156,0.7,0.5,0.9
,"New York","36","2010","2010","White","2106-3","Male","M",533,6885161,7.7,7.1,8.4
,"New York","36","2011","2011","Black or African American","2054-5","Female","F",26,1903696,1.4,0.9,2.0
,"New York","36","2011","2011","Black or African American","2054-5","Male","M",298,1652478,18.0,16.0,20.1
,"New York","36","2011","2011","White","2106-3","Female","F",73,7191764,1.0,0.8,1.3
,"New York","36","2011","2011","White","2106-3","Male","M",574,6900665,8.3,7.6,9.0
,"New York","36","2012","2012","Black or African American","2054-5","Female","F",18,1916272,Unreliable,0.6,1.5
,"New York","36","2012","2012","Black or African American","2054-5","Male","M",321,1667203,19.3,17.1,21.4
,"New York","36","2012","2012","White","2106-3","Female","F",50,7198917,0.7,0.5,0.9
,"New York","36","2012","2012","White","2106-3","Male","M",558,6919048,8.1,7.4,8.7
,"New York","36","2013","2013","Asian or Pacific Islander","A-PI","Male","M",19,816354,Unreliable,1.4,3.6
,"New York","36","2013","2013","Black or African American","2054-5","Female","F",26,1925401,1.4,0.9,2.0
,"New York","36","2013","2013","Black or African American","2054-5","Male","M",270,1681523,16.1,14.1,18.0
,"New York","36","2013","2013","White","2106-3","Female","F",51,7197688,0.7,0.5,0.9
,"New York","36","2013","2013","White","2106-3","Male","M",479,6928263,6.9,6.3,7.5
,"New York","36","2014","2014","Black or African American","2054-5","Female","F",19,1946391,Unreliable,0.6,1.5
,"New York","36","2014","2014","Black or African American","2054-5","Male","M",263,1701776,15.5,13.6,17.3
,"New York","36","2014","2014","White","2106-3","Female","F",58,7187393,0.8,0.6,1.0
,"New York","36","2014","2014","White","2106-3","Male","M",510,6919976,7.4,6.7,8.0
,"New York","36","2015","2015","Asian or Pacific Islander","A-PI","Male","M",13,874938,Unreliable,0.8,2.5
,"New York","36","2015","2015","Black or African American","2054-5","Female","F",19,1952616,Unreliable,0.6,1.5
,"New York","36","2015","2015","Black or African American","2054-5","Male","M",297,1712668,17.3,15.4,19.3
,"New York","36","2015","2015","White","2106-3","Female","F",51,7168405,0.7,0.5,0.9
,"New York","36","2015","2015","White","2106-3","Male","M",457,6911668,6.6,6.0,7.2
,"New York","36","2016","2016","Black or African American","2054-5","Female","F",22,1951638,1.1,0.7,1.7
,"New York","36","2016","2016","Black or African American","2054-5","Male","M",274,1715678,16.0,14.1,17.9
,"New York","36","2016","2016","White","2106-3","Female","F",64,7129870,0.9,0.7,1.1
,"New York","36","2016","2016","White","2106-3","Male","M",514,6878098,7.5,6.8,8.1
,"New York","36","2017","2017","Black or African American","2054-5","Female","F",14,1966207,Unreliable,0.4,1.2
,"New York","36","2017","2017","Black or African American","2054-5","Male","M",231,1729635,13.4,11.6,15.1
,"New York","36","2017","2017","White","2106-3","Female","F",50,7136061,0.7,0.5,0.9
,"New York","36","2017","2017","White","2106-3","Male","M",450,6887160,6.5,5.9,7.1
,"New York","36","2018","2018","Black or African American","2054-5","Female","F",23,1931486,1.2,0.8,1.8
,"New York","36","2018","2018","Black or African American","2054-5","Male","M",231,1702819,13.6,11.8,15.3
,"New York","36","2018","2018","White","2106-3","Female","F",65,7044442,0.9,0.7,1.2
,"New York","36","2018","2018","White","2106-3","Male","M",485,6792905,7.1,6.5,7.8
,"New York","36","2019","2019","Asian or Pacific Islander","A-PI","Male","M",17,883600,Unreliable,1.1,3.1
,"New York","36","2019","2019","Black or African American","2054-5","Female","F",18,1917916,Unreliable,0.6,1.5
,"New York","36","2019","2019","Black or African American","2054-5","Male","M",234,1693504,13.8,12.0,15.6
,"New York","36","2019","2019","White","2106-3","Female","F",53,7008331,0.8,0.6,1.0
,"New York","36","2019","2019","White","2106-3","Male","M",466,6759339,6.9,6.3,7.5
,"New York","36","2020","2020","Black or African American","2054-5","Female","F",36,1911603,1.9,1.3,2.6
,"New York","36","2020","2020","Black or African American","2054-5","Male","M",403,1692994,23.8,21.5,26.1
,"New York","36","2020","2020","White","2106-3","Female","F",49,6936101,0.7,0.5,0.9
,"New York","36","2020","2020","White","2106-3","Male","M",536,6683868,8.0,7.3,8.7
,"North Carolina","37","1999","1999","American Indian or Alaska Native","1002-5","Male","M",23,50246,45.8,29.0,68.7
,"North Carolina","37","1999","1999","Black or African American","2054-5","Female","F",55,931896,5.9,4.4,7.7
,"North Carolina","37","1999","1999","Black or African American","2054-5","Male","M",259,826729,31.3,27.5,35.1
,"North Carolina","37","1999","1999","White","2106-3","Female","F",125,3018281,4.1,3.4,4.9
,"North Carolina","37","1999","1999","White","2106-3","Male","M",584,2952586,19.8,18.2,21.4
,"North Carolina","37","2000","2000","American Indian or Alaska Native","1002-5","Male","M",22,52826,41.6,26.1,63.1
,"North Carolina","37","2000","2000","Black or African American","2054-5","Female","F",43,940117,4.6,3.3,6.2
,"North Carolina","37","2000","2000","Black or African American","2054-5","Male","M",289,835517,34.6,30.6,38.6
,"North Carolina","37","2000","2000","White","2106-3","Female","F",142,3046424,4.7,3.9,5.4
,"North Carolina","37","2000","2000","White","2106-3","Male","M",600,2991085,20.1,18.5,21.7
,"North Carolina","37","2001","2001","American Indian or Alaska Native","1002-5","Male","M",16,55507,Unreliable,16.5,46.8
,"North Carolina","37","2001","2001","Black or African American","2054-5","Female","F",28,960729,2.9,1.9,4.2
,"North Carolina","37","2001","2001","Black or African American","2054-5","Male","M",245,854256,28.7,25.1,32.3
,"North Carolina","37","2001","2001","White","2106-3","Female","F",117,3097635,3.8,3.1,4.5
,"North Carolina","37","2001","2001","White","2106-3","Male","M",674,3043955,22.1,20.5,23.8
,"North Carolina","37","2002","2002","American Indian or Alaska Native","1002-5","Male","M",12,57744,Unreliable,10.7,36.3
,"North Carolina","37","2002","2002","Black or African American","2054-5","Female","F",30,976462,3.1,2.1,4.4
,"North Carolina","37","2002","2002","Black or African American","2054-5","Male","M",285,867829,32.8,29.0,36.7
,"North Carolina","37","2002","2002","White","2106-3","Female","F",143,3137665,4.6,3.8,5.3
,"North Carolina","37","2002","2002","White","2106-3","Male","M",648,3077106,21.1,19.4,22.7
,"North Carolina","37","2003","2003","American Indian or Alaska Native","1002-5","Male","M",13,59984,Unreliable,11.5,37.1
,"North Carolina","37","2003","2003","Black or African American","2054-5","Female","F",33,992567,3.3,2.3,4.7
,"North Carolina","37","2003","2003","Black or African American","2054-5","Male","M",232,876767,26.5,23.1,29.9
,"North Carolina","37","2003","2003","White","2106-3","Female","F",118,3177557,3.7,3.0,4.4
,"North Carolina","37","2003","2003","White","2106-3","Male","M",644,3094293,20.8,19.2,22.4
,"North Carolina","37","2004","2004","American Indian or Alaska Native","1002-5","Male","M",21,62395,33.7,20.8,51.4
,"North Carolina","37","2004","2004","Black or African American","2054-5","Female","F",27,1008449,2.7,1.8,3.9
,"North Carolina","37","2004","2004","Black or African American","2054-5","Male","M",266,892894,29.8,26.2,33.4
,"North Carolina","37","2004","2004","White","2106-3","Female","F",135,3216579,4.2,3.5,4.9
,"North Carolina","37","2004","2004","White","2106-3","Male","M",596,3139327,19.0,17.5,20.5
,"North Carolina","37","2005","2005","American Indian or Alaska Native","1002-5","Male","M",25,64817,38.6,25.0,56.9
,"North Carolina","37","2005","2005","Black or African American","2054-5","Female","F",33,1027976,3.2,2.2,4.5
,"North Carolina","37","2005","2005","Black or African American","2054-5","Male","M",280,908816,30.8,27.2,34.4
,"North Carolina","37","2005","2005","White","2106-3","Female","F",127,3269740,3.9,3.2,4.6
,"North Carolina","37","2005","2005","White","2106-3","Male","M",637,3186910,20.0,18.4,21.5
,"North Carolina","37","2006","2006","American Indian or Alaska Native","1002-5","Male","M",19,67645,Unreliable,16.9,43.9
,"North Carolina","37","2006","2006","Black or African American","2054-5","Female","F",42,1053762,4.0,2.9,5.4
,"North Carolina","37","2006","2006","Black or African American","2054-5","Male","M",282,933035,30.2,26.7,33.8
,"North Carolina","37","2006","2006","White","2106-3","Female","F",131,3340655,3.9,3.2,4.6
,"North Carolina","37","2006","2006","White","2106-3","Male","M",640,3259482,19.6,18.1,21.2
,"North Carolina","37","2007","2007","American Indian or Alaska Native","1002-5","Male","M",21,70372,29.8,18.5,45.6
,"North Carolina","37","2007","2007","Black or African American","2054-5","Female","F",36,1081545,3.3,2.3,4.6
,"North Carolina","37","2007","2007","Black or African American","2054-5","Male","M",293,954115,30.7,27.2,34.2
,"North Carolina","37","2007","2007","White","2106-3","Female","F",138,3416913,4.0,3.4,4.7
,"North Carolina","37","2007","2007","White","2106-3","Male","M",613,3316216,18.5,17.0,19.9
,"North Carolina","37","2008","2008","American Indian or Alaska Native","1002-5","Male","M",18,73322,Unreliable,14.5,38.8
,"North Carolina","37","2008","2008","Black or African American","2054-5","Female","F",40,1106615,3.6,2.6,4.9
,"North Carolina","37","2008","2008","Black or African American","2054-5","Male","M",264,978286,27.0,23.7,30.2
,"North Carolina","37","2008","2008","White","2106-3","Female","F",155,3476487,4.5,3.8,5.2
,"North Carolina","37","2008","2008","White","2106-3","Male","M",669,3379746,19.8,18.3,21.3
,"North Carolina","37","2009","2009","American Indian or Alaska Native","1002-5","Male","M",14,76277,Unreliable,10.0,30.8
,"North Carolina","37","2009","2009","Black or African American","2054-5","Female","F",32,1127986,2.8,1.9,4.0
,"North Carolina","37","2009","2009","Black or African American","2054-5","Male","M",257,997072,25.8,22.6,28.9
,"North Carolina","37","2009","2009","White","2106-3","Female","F",142,3521533,4.0,3.4,4.7
,"North Carolina","37","2009","2009","White","2106-3","Male","M",653,3417985,19.1,17.6,20.6
,"North Carolina","37","2010","2010","American Indian or Alaska Native","1002-5","Male","M",19,78529,Unreliable,14.6,37.8
,"North Carolina","37","2010","2010","Black or African American","2054-5","Female","F",32,1141818,2.8,1.9,4.0
,"North Carolina","37","2010","2010","Black or African American","2054-5","Male","M",212,1010160,21.0,18.2,23.8
,"North Carolina","37","2010","2010","White","2106-3","Female","F",144,3544607,4.1,3.4,4.7
,"North Carolina","37","2010","2010","White","2106-3","Male","M",706,3440751,20.5,19.0,22.0
,"North Carolina","37","2011","2011","American Indian or Alaska Native","1002-5","Male","M",17,79364,Unreliable,12.5,34.3
,"North Carolina","37","2011","2011","Black or African American","2054-5","Female","F",27,1160968,2.3,1.5,3.4
,"North Carolina","37","2011","2011","Black or African American","2054-5","Male","M",250,1027366,24.3,21.3,27.4
,"North Carolina","37","2011","2011","White","2106-3","Female","F",149,3581579,4.2,3.5,4.8
,"North Carolina","37","2011","2011","White","2106-3","Male","M",695,3475774,20.0,18.5,21.5
,"North Carolina","37","2012","2012","American Indian or Alaska Native","1002-5","Male","M",15,80040,Unreliable,10.5,30.9
,"North Carolina","37","2012","2012","Black or African American","2054-5","Female","F",29,1175477,2.5,1.7,3.5
,"North Carolina","37","2012","2012","Black or African American","2054-5","Male","M",253,1042334,24.3,21.3,27.3
,"North Carolina","37","2012","2012","White","2106-3","Female","F",160,3605178,4.4,3.8,5.1
,"North Carolina","37","2012","2012","White","2106-3","Male","M",697,3502455,19.9,18.4,21.4
,"North Carolina","37","2013","2013","American Indian or Alaska Native","1002-5","Male","M",13,81191,Unreliable,8.5,27.4
,"North Carolina","37","2013","2013","Black or African American","2054-5","Female","F",40,1190020,3.4,2.4,4.6
,"North Carolina","37","2013","2013","Black or African American","2054-5","Male","M",293,1054153,27.8,24.6,31.0
,"North Carolina","37","2013","2013","White","2106-3","Female","F",141,3630960,3.9,3.2,4.5
,"North Carolina","37","2013","2013","White","2106-3","Male","M",714,3529817,20.2,18.7,21.7
,"North Carolina","37","2014","2014","American Indian or Alaska Native","1002-5","Male","M",18,81873,Unreliable,13.0,34.7
,"North Carolina","37","2014","2014","Black or African American","2054-5","Female","F",37,1204877,3.1,2.2,4.2
,"North Carolina","37","2014","2014","Black or African American","2054-5","Male","M",284,1067175,26.6,23.5,29.7
,"North Carolina","37","2014","2014","White","2106-3","Female","F",172,3658199,4.7,4.0,5.4
,"North Carolina","37","2014","2014","White","2106-3","Male","M",672,3551811,18.9,17.5,20.4
,"North Carolina","37","2015","2015","American Indian or Alaska Native","1002-5","Male","M",29,82489,35.2,23.5,50.5
,"North Carolina","37","2015","2015","Black or African American","2054-5","Female","F",38,1220457,3.1,2.2,4.3
,"North Carolina","37","2015","2015","Black or African American","2054-5","Male","M",314,1080856,29.1,25.8,32.3
,"North Carolina","37","2015","2015","White","2106-3","Female","F",153,3683964,4.2,3.5,4.8
,"North Carolina","37","2015","2015","White","2106-3","Male","M",728,3575940,20.4,18.9,21.8
,"North Carolina","37","2016","2016","American Indian or Alaska Native","1002-5","Male","M",25,83536,29.9,19.4,44.2
,"North Carolina","37","2016","2016","Asian or Pacific Islander","A-PI","Male","M",12,158694,Unreliable,3.9,13.2
,"North Carolina","37","2016","2016","Black or African American","2054-5","Female","F",49,1239104,4.0,2.9,5.2
,"North Carolina","37","2016","2016","Black or African American","2054-5","Male","M",374,1094825,34.2,30.7,37.6
,"North Carolina","37","2016","2016","White","2106-3","Female","F",198,3719324,5.3,4.6,6.1
,"North Carolina","37","2016","2016","White","2106-3","Male","M",719,3595897,20.0,18.5,21.5
,"North Carolina","37","2017","2017","American Indian or Alaska Native","1002-5","Male","M",17,85086,Unreliable,11.6,32.0
,"North Carolina","37","2017","2017","Asian or Pacific Islander","A-PI","Male","M",10,168422,Unreliable,2.8,10.9
,"North Carolina","37","2017","2017","Black or African American","2054-5","Female","F",44,1254685,3.5,2.5,4.7
,"North Carolina","37","2017","2017","Black or African American","2054-5","Male","M",400,1109766,36.0,32.5,39.6
,"North Carolina","37","2017","2017","White","2106-3","Female","F",158,3752037,4.2,3.6,4.9
,"North Carolina","37","2017","2017","White","2106-3","Male","M",781,3638164,21.5,20.0,23.0
,"North Carolina","37","2018","2018","American Indian or Alaska Native","1002-5","Male","M",24,86112,27.9,17.9,41.5
,"North Carolina","37","2018","2018","Asian or Pacific Islander","A-PI","Male","M",10,176268,Unreliable,2.7,10.4
,"North Carolina","37","2018","2018","Black or African American","2054-5","Female","F",53,1270907,4.2,3.1,5.5
,"North Carolina","37","2018","2018","Black or African American","2054-5","Male","M",360,1123641,32.0,28.7,35.3
,"North Carolina","37","2018","2018","White","2106-3","Female","F",165,3786739,4.4,3.7,5.0
,"North Carolina","37","2018","2018","White","2106-3","Male","M",780,3664840,21.3,19.8,22.8
,"North Carolina","37","2019","2019","American Indian or Alaska Native","1002-5","Male","M",17,87378,Unreliable,11.3,31.2
,"North Carolina","37","2019","2019","Black or African American","2054-5","Female","F",55,1285616,4.3,3.2,5.6
,"North Carolina","37","2019","2019","Black or African American","2054-5","Male","M",432,1135823,38.0,34.4,41.6
,"North Carolina","37","2019","2019","White","2106-3","Female","F",139,3822838,3.6,3.0,4.2
,"North Carolina","37","2019","2019","White","2106-3","Male","M",718,3697504,19.4,18.0,20.8
,"North Carolina","37","2020","2020","American Indian or Alaska Native","1002-5","Male","M",25,88808,28.2,18.2,41.6
,"North Carolina","37","2020","2020","Asian or Pacific Islander","A-PI","Male","M",19,190859,Unreliable,6.0,15.5
,"North Carolina","37","2020","2020","Black or African American","2054-5","Female","F",71,1303256,5.4,4.3,6.9
,"North Carolina","37","2020","2020","Black or African American","2054-5","Male","M",541,1150605,47.0,43.1,51.0
,"North Carolina","37","2020","2020","White","2106-3","Female","F",175,3853251,4.5,3.9,5.2
,"North Carolina","37","2020","2020","White","2106-3","Male","M",838,3722310,22.5,21.0,24.0
,"North Dakota","38","1999","1999","White","2106-3","Male","M",37,302033,12.3,8.6,16.9
,"North Dakota","38","2000","2000","White","2106-3","Male","M",36,299470,12.0,8.4,16.6
,"North Dakota","38","2001","2001","White","2106-3","Male","M",39,297536,13.1,9.3,17.9
,"North Dakota","38","2002","2002","White","2106-3","Male","M",52,296667,17.5,13.1,23.0
,"North Dakota","38","2003","2003","White","2106-3","Male","M",44,296718,14.8,10.8,19.9
,"North Dakota","38","2004","2004","White","2106-3","Male","M",44,299474,14.7,10.7,19.7
,"North Dakota","38","2005","2005","White","2106-3","Male","M",54,299533,18.0,13.5,23.5
,"North Dakota","38","2006","2006","White","2106-3","Male","M",39,300895,13.0,9.2,17.7
,"North Dakota","38","2007","2007","White","2106-3","Male","M",50,302090,16.6,12.3,21.8
,"North Dakota","38","2008","2008","White","2106-3","Male","M",51,303954,16.8,12.5,22.1
,"North Dakota","38","2009","2009","White","2106-3","Male","M",44,306958,14.3,10.4,19.2
,"North Dakota","38","2010","2010","White","2106-3","Male","M",56,310715,18.0,13.6,23.4
,"North Dakota","38","2011","2011","White","2106-3","Male","M",48,316073,15.2,11.2,20.1
,"North Dakota","38","2012","2012","White","2106-3","Female","F",11,313272,Unreliable,1.8,6.3
,"North Dakota","38","2012","2012","White","2106-3","Male","M",57,323711,17.6,13.3,22.8
,"North Dakota","38","2013","2013","White","2106-3","Male","M",71,334833,21.2,16.6,26.7
,"North Dakota","38","2014","2014","White","2106-3","Male","M",85,341305,24.9,19.9,30.8
,"North Dakota","38","2015","2015","White","2106-3","Female","F",11,331024,Unreliable,1.7,5.9
,"North Dakota","38","2015","2015","White","2106-3","Male","M",73,347912,21.0,16.4,26.4
,"North Dakota","38","2016","2016","White","2106-3","Female","F",12,329393,Unreliable,1.9,6.4
,"North Dakota","38","2016","2016","White","2106-3","Male","M",68,345237,19.7,15.3,25.0
,"North Dakota","38","2017","2017","White","2106-3","Female","F",10,327528,Unreliable,1.5,5.6
,"North Dakota","38","2017","2017","White","2106-3","Male","M",79,342476,23.1,18.3,28.7
,"North Dakota","38","2018","2018","White","2106-3","Female","F",12,328005,Unreliable,1.9,6.4
,"North Dakota","38","2018","2018","White","2106-3","Male","M",66,342692,19.3,14.9,24.5
,"North Dakota","38","2019","2019","White","2106-3","Female","F",13,328647,Unreliable,2.1,6.8
,"North Dakota","38","2019","2019","White","2106-3","Male","M",75,343383,21.8,17.2,27.4
,"North Dakota","38","2020","2020","American Indian or Alaska Native","1002-5","Male","M",11,22894,Unreliable,24.0,86.0
,"North Dakota","38","2020","2020","White","2106-3","Female","F",10,329413,Unreliable,1.5,5.6
,"North Dakota","38","2020","2020","White","2106-3","Male","M",67,344211,19.5,15.1,24.7
,"Ohio","39","1999","1999","Black or African American","2054-5","Female","F",33,709739,4.6,3.2,6.5
,"Ohio","39","1999","1999","Black or African American","2054-5","Male","M",179,638003,28.1,23.9,32.2
,"Ohio","39","1999","1999","White","2106-3","Female","F",95,5037428,1.9,1.5,2.3
,"Ohio","39","1999","1999","White","2106-3","Male","M",611,4779030,12.8,11.8,13.8
,"Ohio","39","2000","2000","Black or African American","2054-5","Female","F",27,715121,3.8,2.5,5.5
,"Ohio","39","2000","2000","Black or African American","2054-5","Male","M",173,644596,26.8,22.8,30.8
,"Ohio","39","2000","2000","White","2106-3","Female","F",98,5033343,1.9,1.6,2.4
,"Ohio","39","2000","2000","White","2106-3","Male","M",582,4779059,12.2,11.2,13.2
,"Ohio","39","2001","2001","Black or African American","2054-5","Female","F",21,725716,2.9,1.8,4.4
,"Ohio","39","2001","2001","Black or African American","2054-5","Male","M",235,655743,35.8,31.3,40.4
,"Ohio","39","2001","2001","White","2106-3","Female","F",110,5030727,2.2,1.8,2.6
,"Ohio","39","2001","2001","White","2106-3","Male","M",648,4785330,13.5,12.5,14.6
,"Ohio","39","2002","2002","Black or African American","2054-5","Female","F",26,733394,3.5,2.3,5.2
,"Ohio","39","2002","2002","Black or African American","2054-5","Male","M",234,664166,35.2,30.7,39.7
,"Ohio","39","2002","2002","White","2106-3","Female","F",106,5024745,2.1,1.7,2.5
,"Ohio","39","2002","2002","White","2106-3","Male","M",687,4787768,14.3,13.3,15.4
,"Ohio","39","2003","2003","Black or African American","2054-5","Female","F",25,740843,3.4,2.2,5.0
,"Ohio","39","2003","2003","Black or African American","2054-5","Male","M",233,672327,34.7,30.2,39.1
,"Ohio","39","2003","2003","White","2106-3","Female","F",78,5021877,1.6,1.2,1.9
,"Ohio","39","2003","2003","White","2106-3","Male","M",581,4793087,12.1,11.1,13.1
,"Ohio","39","2004","2004","Black or African American","2054-5","Female","F",23,747680,3.1,2.0,4.6
,"Ohio","39","2004","2004","Black or African American","2054-5","Male","M",240,679343,35.3,30.9,39.8
,"Ohio","39","2004","2004","White","2106-3","Female","F",125,5016719,2.5,2.1,2.9
,"Ohio","39","2004","2004","White","2106-3","Male","M",637,4793961,13.3,12.3,14.3
,"Ohio","39","2005","2005","Black or African American","2054-5","Female","F",35,754908,4.6,3.2,6.4
,"Ohio","39","2005","2005","Black or African American","2054-5","Male","M",286,686793,41.6,36.8,46.5
,"Ohio","39","2005","2005","White","2106-3","Female","F",100,5007329,2.0,1.6,2.4
,"Ohio","39","2005","2005","White","2106-3","Male","M",682,4791322,14.2,13.2,15.3
,"Ohio","39","2006","2006","Black or African American","2054-5","Female","F",37,762371,4.9,3.4,6.7
,"Ohio","39","2006","2006","Black or African American","2054-5","Male","M",311,695025,44.7,39.8,49.7
,"Ohio","39","2006","2006","White","2106-3","Female","F",112,5002238,2.2,1.8,2.7
,"Ohio","39","2006","2006","White","2106-3","Male","M",642,4791171,13.4,12.4,14.4
,"Ohio","39","2007","2007","Black or African American","2054-5","Female","F",27,770506,3.5,2.3,5.1
,"Ohio","39","2007","2007","Black or African American","2054-5","Male","M",305,702876,43.4,38.5,48.3
,"Ohio","39","2007","2007","White","2106-3","Female","F",100,4997863,2.0,1.6,2.4
,"Ohio","39","2007","2007","White","2106-3","Male","M",656,4791316,13.7,12.6,14.7
,"Ohio","39","2008","2008","Black or African American","2054-5","Female","F",28,778042,3.6,2.4,5.2
,"Ohio","39","2008","2008","Black or African American","2054-5","Male","M",305,709960,43.0,38.1,47.8
,"Ohio","39","2008","2008","White","2106-3","Female","F",94,4991788,1.9,1.5,2.3
,"Ohio","39","2008","2008","White","2106-3","Male","M",673,4790184,14.0,13.0,15.1
,"Ohio","39","2009","2009","Black or African American","2054-5","Female","F",31,784888,3.9,2.7,5.6
,"Ohio","39","2009","2009","Black or African American","2054-5","Male","M",249,716518,34.8,30.4,39.1
,"Ohio","39","2009","2009","White","2106-3","Female","F",111,4987072,2.2,1.8,2.6
,"Ohio","39","2009","2009","White","2106-3","Male","M",589,4788666,12.3,11.3,13.3
,"Ohio","39","2010","2010","Black or African American","2054-5","Female","F",29,789581,3.7,2.5,5.3
,"Ohio","39","2010","2010","Black or African American","2054-5","Male","M",293,721404,40.6,36.0,45.3
,"Ohio","39","2010","2010","White","2106-3","Female","F",120,4981462,2.4,2.0,2.8
,"Ohio","39","2010","2010","White","2106-3","Male","M",688,4786358,14.4,13.3,15.4
,"Ohio","39","2011","2011","Black or African American","2054-5","Female","F",37,794227,4.7,3.3,6.4
,"Ohio","39","2011","2011","Black or African American","2054-5","Male","M",330,726862,45.4,40.5,50.3
,"Ohio","39","2011","2011","White","2106-3","Female","F",131,4974857,2.6,2.2,3.1
,"Ohio","39","2011","2011","White","2106-3","Male","M",700,4784800,14.6,13.5,15.7
,"Ohio","39","2012","2012","Black or African American","2054-5","Female","F",43,798587,5.4,3.9,7.3
,"Ohio","39","2012","2012","Black or African American","2054-5","Male","M",305,732216,41.7,37.0,46.3
,"Ohio","39","2012","2012","White","2106-3","Female","F",145,4961828,2.9,2.4,3.4
,"Ohio","39","2012","2012","White","2106-3","Male","M",750,4777426,15.7,14.6,16.8
,"Ohio","39","2013","2013","Asian or Pacific Islander","A-PI","Male","M",11,117408,Unreliable,4.7,16.8
,"Ohio","39","2013","2013","Black or African American","2054-5","Female","F",35,805179,4.3,3.0,6.0
,"Ohio","39","2013","2013","Black or African American","2054-5","Male","M",341,739464,46.1,41.2,51.0
,"Ohio","39","2013","2013","White","2106-3","Female","F",137,4958863,2.8,2.3,3.2
,"Ohio","39","2013","2013","White","2106-3","Male","M",750,4782479,15.7,14.6,16.8
,"Ohio","39","2014","2014","Asian or Pacific Islander","A-PI","Male","M",11,124699,Unreliable,4.4,15.8
,"Ohio","39","2014","2014","Black or African American","2054-5","Female","F",32,813200,3.9,2.7,5.6
,"Ohio","39","2014","2014","Black or African American","2054-5","Male","M",320,748277,42.8,38.1,47.5
,"Ohio","39","2014","2014","White","2106-3","Female","F",124,4951782,2.5,2.1,2.9
,"Ohio","39","2014","2014","White","2106-3","Male","M",706,4781229,14.8,13.7,15.9
,"Ohio","39","2015","2015","Black or African American","2054-5","Female","F",38,821484,4.6,3.3,6.3
,"Ohio","39","2015","2015","Black or African American","2054-5","Male","M",371,757065,49.0,44.0,54.0
,"Ohio","39","2015","2015","White","2106-3","Female","F",160,4943998,3.2,2.7,3.7
,"Ohio","39","2015","2015","White","2106-3","Male","M",801,4778461,16.8,15.6,17.9
,"Ohio","39","2016","2016","Asian or Pacific Islander","A-PI","Male","M",10,136743,Unreliable,3.5,13.4
,"Ohio","39","2016","2016","Black or African American","2054-5","Female","F",57,827232,6.9,5.2,8.9
,"Ohio","39","2016","2016","Black or African American","2054-5","Male","M",404,765004,52.8,47.7,58.0
,"Ohio","39","2016","2016","White","2106-3","Female","F",162,4928308,3.3,2.8,3.8
,"Ohio","39","2016","2016","White","2106-3","Male","M",874,4768798,18.3,17.1,19.5
,"Ohio","39","2017","2017","Black or African American","2054-5","Female","F",46,838077,5.5,4.0,7.3
,"Ohio","39","2017","2017","Black or African American","2054-5","Male","M",481,775046,62.1,56.5,67.6
,"Ohio","39","2017","2017","White","2106-3","Female","F",164,4930739,3.3,2.8,3.8
,"Ohio","39","2017","2017","White","2106-3","Male","M",864,4772256,18.1,16.9,19.3
,"Ohio","39","2018","2018","Black or African American","2054-5","Female","F",57,846123,6.7,5.1,8.7
,"Ohio","39","2018","2018","Black or African American","2054-5","Male","M",391,784418,49.8,44.9,54.8
,"Ohio","39","2018","2018","White","2106-3","Female","F",169,4927587,3.4,2.9,3.9
,"Ohio","39","2018","2018","White","2106-3","Male","M",916,4771122,19.2,18.0,20.4
,"Ohio","39","2019","2019","Asian or Pacific Islander","A-PI","Male","M",15,155995,Unreliable,5.4,15.9
,"Ohio","39","2019","2019","Black or African American","2054-5","Female","F",46,851776,5.4,4.0,7.2
,"Ohio","39","2019","2019","Black or African American","2054-5","Male","M",431,789187,54.6,49.5,59.8
,"Ohio","39","2019","2019","White","2106-3","Female","F",164,4919194,3.3,2.8,3.8
,"Ohio","39","2019","2019","White","2106-3","Male","M",906,4763211,19.0,17.8,20.3
,"Ohio","39","2020","2020","Black or African American","2054-5","Female","F",96,860456,11.2,9.0,13.6
,"Ohio","39","2020","2020","Black or African American","2054-5","Male","M",625,797862,78.3,72.2,84.5
,"Ohio","39","2020","2020","White","2106-3","Female","F",145,4904537,3.0,2.5,3.4
,"Ohio","39","2020","2020","White","2106-3","Male","M",882,4748644,18.6,17.3,19.8
,"Oklahoma","40","1999","1999","American Indian or Alaska Native","1002-5","Male","M",14,151146,Unreliable,5.1,15.5
,"Oklahoma","40","1999","1999","Black or African American","2054-5","Female","F",11,140624,Unreliable,3.9,14.0
,"Oklahoma","40","1999","1999","Black or African American","2054-5","Male","M",68,136433,49.8,38.7,63.2
,"Oklahoma","40","1999","1999","White","2106-3","Female","F",71,1424430,5.0,3.9,6.3
,"Oklahoma","40","1999","1999","White","2106-3","Male","M",331,1375751,24.1,21.5,26.7
,"Oklahoma","40","2000","2000","American Indian or Alaska Native","1002-5","Male","M",20,153454,13.0,8.0,20.1
,"Oklahoma","40","2000","2000","Black or African American","2054-5","Male","M",29,138087,21.0,14.1,30.2
,"Oklahoma","40","2000","2000","White","2106-3","Female","F",67,1425721,4.7,3.6,6.0
,"Oklahoma","40","2000","2000","White","2106-3","Male","M",313,1377836,22.7,20.2,25.2
,"Oklahoma","40","2001","2001","American Indian or Alaska Native","1002-5","Male","M",23,156755,14.7,9.3,22.0
,"Oklahoma","40","2001","2001","Black or African American","2054-5","Male","M",50,140079,35.7,26.5,47.1
,"Oklahoma","40","2001","2001","White","2106-3","Female","F",53,1425337,3.7,2.8,4.9
,"Oklahoma","40","2001","2001","White","2106-3","Male","M",334,1382374,24.2,21.6,26.8
,"Oklahoma","40","2002","2002","American Indian or Alaska Native","1002-5","Male","M",28,159917,17.5,11.6,25.3
,"Oklahoma","40","2002","2002","Black or African American","2054-5","Male","M",33,141773,23.3,16.0,32.7
,"Oklahoma","40","2002","2002","White","2106-3","Female","F",69,1429083,4.8,3.8,6.1
,"Oklahoma","40","2002","2002","White","2106-3","Male","M",301,1389175,21.7,19.2,24.1
,"Oklahoma","40","2003","2003","American Indian or Alaska Native","1002-5","Male","M",18,163075,Unreliable,6.5,17.4
,"Oklahoma","40","2003","2003","Black or African American","2054-5","Male","M",59,142004,41.5,31.6,53.6
,"Oklahoma","40","2003","2003","White","2106-3","Female","F",51,1431991,3.6,2.7,4.7
,"Oklahoma","40","2003","2003","White","2106-3","Male","M",298,1392137,21.4,19.0,23.8
,"Oklahoma","40","2004","2004","American Indian or Alaska Native","1002-5","Male","M",27,166353,16.2,10.7,23.6
,"Oklahoma","40","2004","2004","Black or African American","2054-5","Male","M",49,144179,34.0,25.1,44.9
,"Oklahoma","40","2004","2004","White","2106-3","Female","F",60,1434257,4.2,3.2,5.4
,"Oklahoma","40","2004","2004","White","2106-3","Male","M",298,1399126,21.3,18.9,23.7
,"Oklahoma","40","2005","2005","American Indian or Alaska Native","1002-5","Male","M",29,169940,17.1,11.4,24.5
,"Oklahoma","40","2005","2005","Black or African American","2054-5","Male","M",55,145415,37.8,28.5,49.2
,"Oklahoma","40","2005","2005","White","2106-3","Female","F",65,1439960,4.5,3.5,5.8
,"Oklahoma","40","2005","2005","White","2106-3","Male","M",293,1405261,20.9,18.5,23.2
,"Oklahoma","40","2006","2006","American Indian or Alaska Native","1002-5","Male","M",30,174502,17.2,11.6,24.5
,"Oklahoma","40","2006","2006","Black or African American","2054-5","Male","M",56,148377,37.7,28.5,49.0
,"Oklahoma","40","2006","2006","White","2106-3","Female","F",62,1453796,4.3,3.3,5.5
,"Oklahoma","40","2006","2006","White","2106-3","Male","M",312,1419773,22.0,19.5,24.4
,"Oklahoma","40","2007","2007","American Indian or Alaska Native","1002-5","Male","M",29,178744,16.2,10.9,23.3
,"Oklahoma","40","2007","2007","Black or African American","2054-5","Male","M",65,151340,42.9,33.1,54.7
,"Oklahoma","40","2007","2007","White","2106-3","Female","F",71,1464671,4.8,3.8,6.1
,"Oklahoma","40","2007","2007","White","2106-3","Male","M",295,1433028,20.6,18.2,22.9
,"Oklahoma","40","2008","2008","American Indian or Alaska Native","1002-5","Male","M",33,183327,18.0,12.4,25.3
,"Oklahoma","40","2008","2008","Black or African American","2054-5","Female","F",10,154692,Unreliable,3.1,11.9
,"Oklahoma","40","2008","2008","Black or African American","2054-5","Male","M",58,152578,38.0,28.9,49.1
,"Oklahoma","40","2008","2008","White","2106-3","Female","F",63,1474557,4.3,3.3,5.5
,"Oklahoma","40","2008","2008","White","2106-3","Male","M",335,1442849,23.2,20.7,25.7
,"Oklahoma","40","2009","2009","American Indian or Alaska Native","1002-5","Male","M",36,188106,19.1,13.4,26.5
,"Oklahoma","40","2009","2009","Black or African American","2054-5","Male","M",67,156105,42.9,33.3,54.5
,"Oklahoma","40","2009","2009","White","2106-3","Female","F",73,1488209,4.9,3.8,6.2
,"Oklahoma","40","2009","2009","White","2106-3","Male","M",340,1458569,23.3,20.8,25.8
,"Oklahoma","40","2010","2010","American Indian or Alaska Native","1002-5","Male","M",43,191750,22.4,16.2,30.2
,"Oklahoma","40","2010","2010","Black or African American","2054-5","Male","M",80,158651,50.4,40.0,62.8
,"Oklahoma","40","2010","2010","White","2106-3","Female","F",60,1497160,4.0,3.1,5.2
,"Oklahoma","40","2010","2010","White","2106-3","Male","M",331,1468709,22.5,20.1,25.0
,"Oklahoma","40","2011","2011","American Indian or Alaska Native","1002-5","Male","M",37,193220,19.1,13.5,26.4
,"Oklahoma","40","2011","2011","Black or African American","2054-5","Female","F",12,164541,Unreliable,3.8,12.7
,"Oklahoma","40","2011","2011","Black or African American","2054-5","Male","M",83,163174,50.9,40.5,63.1
,"Oklahoma","40","2011","2011","White","2106-3","Female","F",94,1509176,6.2,5.0,7.6
,"Oklahoma","40","2011","2011","White","2106-3","Male","M",384,1481872,25.9,23.3,28.5
,"Oklahoma","40","2012","2012","American Indian or Alaska Native","1002-5","Male","M",43,195404,22.0,15.9,29.6
,"Oklahoma","40","2012","2012","Black or African American","2054-5","Female","F",17,165680,Unreliable,6.0,16.4
,"Oklahoma","40","2012","2012","Black or African American","2054-5","Male","M",69,164934,41.8,32.6,52.9
,"Oklahoma","40","2012","2012","White","2106-3","Female","F",86,1514688,5.7,4.5,7.0
,"Oklahoma","40","2012","2012","White","2106-3","Male","M",391,1488430,26.3,23.7,28.9
,"Oklahoma","40","2013","2013","American Indian or Alaska Native","1002-5","Female","F",10,202383,Unreliable,2.4,9.1
,"Oklahoma","40","2013","2013","American Indian or Alaska Native","1002-5","Male","M",45,197872,22.7,16.6,30.4
,"Oklahoma","40","2013","2013","Black or African American","2054-5","Male","M",70,168123,41.6,32.5,52.6
,"Oklahoma","40","2013","2013","White","2106-3","Female","F",101,1526032,6.6,5.3,7.9
,"Oklahoma","40","2013","2013","White","2106-3","Male","M",396,1498223,26.4,23.8,29.0
,"Oklahoma","40","2014","2014","American Indian or Alaska Native","1002-5","Female","F",10,204859,Unreliable,2.3,9.0
,"Oklahoma","40","2014","2014","American Indian or Alaska Native","1002-5","Male","M",42,200408,21.0,15.1,28.3
,"Oklahoma","40","2014","2014","Black or African American","2054-5","Male","M",68,170556,39.9,31.0,50.5
,"Oklahoma","40","2014","2014","White","2106-3","Female","F",101,1532874,6.6,5.3,7.9
,"Oklahoma","40","2014","2014","White","2106-3","Male","M",379,1502939,25.2,22.7,27.8
,"Oklahoma","40","2015","2015","American Indian or Alaska Native","1002-5","Female","F",10,207549,Unreliable,2.3,8.9
,"Oklahoma","40","2015","2015","American Indian or Alaska Native","1002-5","Male","M",48,203176,23.6,17.4,31.3
,"Oklahoma","40","2015","2015","Black or African American","2054-5","Male","M",79,173197,45.6,36.1,56.8
,"Oklahoma","40","2015","2015","White","2106-3","Female","F",100,1540801,6.5,5.2,7.8
,"Oklahoma","40","2015","2015","White","2106-3","Male","M",451,1511972,29.8,27.1,32.6
,"Oklahoma","40","2016","2016","American Indian or Alaska Native","1002-5","Female","F",14,210169,Unreliable,3.6,11.2
,"Oklahoma","40","2016","2016","American Indian or Alaska Native","1002-5","Male","M",60,205599,29.2,22.3,37.6
,"Oklahoma","40","2016","2016","Black or African American","2054-5","Female","F",12,174130,Unreliable,3.6,12.0
,"Oklahoma","40","2016","2016","Black or African American","2054-5","Male","M",88,174858,50.3,40.4,62.0
,"Oklahoma","40","2016","2016","White","2106-3","Female","F",85,1541484,5.5,4.4,6.8
,"Oklahoma","40","2016","2016","White","2106-3","Male","M",497,1513324,32.8,30.0,35.7
,"Oklahoma","40","2017","2017","American Indian or Alaska Native","1002-5","Female","F",14,212171,Unreliable,3.6,11.1
,"Oklahoma","40","2017","2017","American Indian or Alaska Native","1002-5","Male","M",57,207336,27.5,20.8,35.6
,"Oklahoma","40","2017","2017","Black or African American","2054-5","Female","F",10,175402,Unreliable,2.7,10.5
,"Oklahoma","40","2017","2017","Black or African American","2054-5","Male","M",95,176305,53.9,43.6,65.9
,"Oklahoma","40","2017","2017","White","2106-3","Female","F",105,1539691,6.8,5.5,8.1
,"Oklahoma","40","2017","2017","White","2106-3","Male","M",391,1512176,25.9,23.3,28.4
,"Oklahoma","40","2018","2018","American Indian or Alaska Native","1002-5","Female","F",13,214339,Unreliable,3.2,10.4
,"Oklahoma","40","2018","2018","American Indian or Alaska Native","1002-5","Male","M",55,209128,26.3,19.8,34.2
,"Oklahoma","40","2018","2018","Black or African American","2054-5","Female","F",12,176289,Unreliable,3.5,11.9
,"Oklahoma","40","2018","2018","Black or African American","2054-5","Male","M",78,177426,44.0,34.8,54.9
,"Oklahoma","40","2018","2018","White","2106-3","Female","F",82,1542505,5.3,4.2,6.6
,"Oklahoma","40","2018","2018","White","2106-3","Male","M",414,1514203,27.3,24.7,30.0
,"Oklahoma","40","2019","2019","American Indian or Alaska Native","1002-5","Female","F",12,216402,Unreliable,2.9,9.7
,"Oklahoma","40","2019","2019","American Indian or Alaska Native","1002-5","Male","M",55,211316,26.0,19.6,33.9
,"Oklahoma","40","2019","2019","Black or African American","2054-5","Female","F",12,177012,Unreliable,3.5,11.8
,"Oklahoma","40","2019","2019","Black or African American","2054-5","Male","M",110,178521,61.6,50.1,73.1
,"Oklahoma","40","2019","2019","White","2106-3","Female","F",88,1544429,5.7,4.6,7.0
,"Oklahoma","40","2019","2019","White","2106-3","Male","M",452,1516681,29.8,27.1,32.5
,"Oklahoma","40","2020","2020","American Indian or Alaska Native","1002-5","Female","F",10,222651,Unreliable,2.2,8.3
,"Oklahoma","40","2020","2020","American Indian or Alaska Native","1002-5","Male","M",83,217292,38.2,30.4,47.4
,"Oklahoma","40","2020","2020","Black or African American","2054-5","Female","F",15,179848,Unreliable,4.7,13.8
,"Oklahoma","40","2020","2020","Black or African American","2054-5","Male","M",102,181673,56.1,45.2,67.0
,"Oklahoma","40","2020","2020","White","2106-3","Female","F",101,1547116,6.5,5.3,7.8
,"Oklahoma","40","2020","2020","White","2106-3","Male","M",508,1516568,33.5,30.6,36.4
,"Oregon","41","1999","1999","Black or African American","2054-5","Male","M",17,35120,Unreliable,28.2,77.5
,"Oregon","41","1999","1999","White","2106-3","Female","F",53,1591411,3.3,2.5,4.4
,"Oregon","41","1999","1999","White","2106-3","Male","M",306,1562845,19.6,17.4,21.8
,"Oregon","41","2000","2000","Black or African American","2054-5","Male","M",11,36720,Unreliable,15.0,53.6
,"Oregon","41","2000","2000","White","2106-3","Female","F",62,1599611,3.9,3.0,5.0
,"Oregon","41","2000","2000","White","2106-3","Male","M",287,1572749,18.2,16.1,20.4
,"Oregon","41","2001","2001","White","2106-3","Female","F",55,1616351,3.4,2.6,4.4
,"Oregon","41","2001","2001","White","2106-3","Male","M",277,1590441,17.4,15.4,19.5
,"Oregon","41","2002","2002","White","2106-3","Female","F",51,1634342,3.1,2.3,4.1
,"Oregon","41","2002","2002","White","2106-3","Male","M",302,1607737,18.8,16.7,20.9
,"Oregon","41","2003","2003","Black or African American","2054-5","Male","M",13,40490,Unreliable,17.1,54.9
,"Oregon","41","2003","2003","White","2106-3","Female","F",44,1647454,2.7,1.9,3.6
,"Oregon","41","2003","2003","White","2106-3","Male","M",325,1619800,20.1,17.9,22.2
,"Oregon","41","2004","2004","Black or African American","2054-5","Male","M",15,41219,Unreliable,20.4,60.0
,"Oregon","41","2004","2004","White","2106-3","Female","F",47,1655167,2.8,2.1,3.8
,"Oregon","41","2004","2004","White","2106-3","Male","M",301,1626771,18.5,16.4,20.6
,"Oregon","41","2005","2005","White","2106-3","Female","F",49,1672628,2.9,2.2,3.9
,"Oregon","41","2005","2005","White","2106-3","Male","M",317,1642399,19.3,17.2,21.4
,"Oregon","41","2006","2006","Asian or Pacific Islander","A-PI","Male","M",10,73975,Unreliable,6.5,24.9
,"Oregon","41","2006","2006","White","2106-3","Female","F",49,1696074,2.9,2.1,3.8
,"Oregon","41","2006","2006","White","2106-3","Male","M",298,1664321,17.9,15.9,19.9
,"Oregon","41","2007","2007","White","2106-3","Female","F",57,1715921,3.3,2.5,4.3
,"Oregon","41","2007","2007","White","2106-3","Male","M",311,1683732,18.5,16.4,20.5
,"Oregon","41","2008","2008","Black or African American","2054-5","Male","M",11,47706,Unreliable,11.5,41.3
,"Oregon","41","2008","2008","White","2106-3","Female","F",48,1734316,2.8,2.0,3.7
,"Oregon","41","2008","2008","White","2106-3","Male","M",311,1700081,18.3,16.3,20.3
,"Oregon","41","2009","2009","White","2106-3","Female","F",59,1747957,3.4,2.6,4.4
,"Oregon","41","2009","2009","White","2106-3","Male","M",326,1714380,19.0,17.0,21.1
,"Oregon","41","2010","2010","White","2106-3","Female","F",66,1756007,3.8,2.9,4.8
,"Oregon","41","2010","2010","White","2106-3","Male","M",358,1720729,20.8,18.6,23.0
,"Oregon","41","2011","2011","Black or African American","2054-5","Male","M",11,52173,Unreliable,10.5,37.7
,"Oregon","41","2011","2011","White","2106-3","Female","F",52,1770047,2.9,2.2,3.9
,"Oregon","41","2011","2011","White","2106-3","Male","M",341,1735118,19.7,17.6,21.7
,"Oregon","41","2012","2012","White","2106-3","Female","F",68,1778377,3.8,3.0,4.8
,"Oregon","41","2012","2012","White","2106-3","Male","M",345,1744471,19.8,17.7,21.9
,"Oregon","41","2013","2013","Black or African American","2054-5","Male","M",12,54257,Unreliable,11.4,38.6
,"Oregon","41","2013","2013","White","2106-3","Female","F",72,1789780,4.0,3.1,5.1
,"Oregon","41","2013","2013","White","2106-3","Male","M",353,1754257,20.1,18.0,22.2
,"Oregon","41","2014","2014","White","2106-3","Female","F",71,1803598,3.9,3.1,5.0
,"Oregon","41","2014","2014","White","2106-3","Male","M",388,1766926,22.0,19.8,24.1
,"Oregon","41","2015","2015","Asian or Pacific Islander","A-PI","Male","M",10,102036,Unreliable,4.7,18.0
,"Oregon","41","2015","2015","Black or African American","2054-5","Male","M",23,57841,39.8,25.2,59.7
,"Oregon","41","2015","2015","White","2106-3","Female","F",72,1825394,3.9,3.1,5.0
,"Oregon","41","2015","2015","White","2106-3","Male","M",360,1788640,20.1,18.0,22.2
,"Oregon","41","2016","2016","Asian or Pacific Islander","A-PI","Male","M",10,105851,Unreliable,4.5,17.4
,"Oregon","41","2016","2016","Black or African American","2054-5","Male","M",11,60159,Unreliable,9.1,32.7
,"Oregon","41","2016","2016","White","2106-3","Female","F",74,1850311,4.0,3.1,5.0
,"Oregon","41","2016","2016","White","2106-3","Male","M",398,1815438,21.9,19.8,24.1
,"Oregon","41","2017","2017","White","2106-3","Female","F",78,1864429,4.2,3.3,5.2
,"Oregon","41","2017","2017","White","2106-3","Male","M",411,1833293,22.4,20.3,24.6
,"Oregon","41","2018","2018","Black or African American","2054-5","Male","M",16,64823,Unreliable,14.1,40.1
,"Oregon","41","2018","2018","White","2106-3","Female","F",78,1879829,4.1,3.3,5.2
,"Oregon","41","2018","2018","White","2106-3","Male","M",395,1848930,21.4,19.3,23.5
,"Oregon","41","2019","2019","Black or African American","2054-5","Male","M",13,65782,Unreliable,10.5,33.8
,"Oregon","41","2019","2019","White","2106-3","Female","F",83,1890727,4.4,3.5,5.4
,"Oregon","41","2019","2019","White","2106-3","Male","M",438,1858957,23.6,21.4,25.8
,"Oregon","41","2020","2020","Black or African American","2054-5","Male","M",29,67579,42.9,28.7,61.6
,"Oregon","41","2020","2020","White","2106-3","Female","F",77,1897468,4.1,3.2,5.1
,"Oregon","41","2020","2020","White","2106-3","Male","M",453,1865007,24.3,22.1,26.5
,"Pennsylvania","42","1999","1999","Black or African American","2054-5","Female","F",25,676781,3.7,2.4,5.5
,"Pennsylvania","42","1999","1999","Black or African American","2054-5","Male","M",311,603144,51.6,45.8,57.3
,"Pennsylvania","42","1999","1999","White","2106-3","Female","F",130,5544312,2.3,1.9,2.7
,"Pennsylvania","42","1999","1999","White","2106-3","Male","M",710,5190271,13.7,12.7,14.7
,"Pennsylvania","42","2000","2000","Asian or Pacific Islander","A-PI","Male","M",14,117342,Unreliable,6.5,20.0
,"Pennsylvania","42","2000","2000","Black or African American","2054-5","Female","F",29,682883,4.2,2.8,6.1
,"Pennsylvania","42","2000","2000","Black or African American","2054-5","Male","M",324,610815,53.0,47.3,58.8
,"Pennsylvania","42","2000","2000","White","2106-3","Female","F",114,5535547,2.1,1.7,2.4
,"Pennsylvania","42","2000","2000","White","2106-3","Male","M",762,5189900,14.7,13.6,15.7
,"Pennsylvania","42","2001","2001","Black or African American","2054-5","Female","F",27,691371,3.9,2.6,5.7
,"Pennsylvania","42","2001","2001","Black or African American","2054-5","Male","M",305,620186,49.2,43.7,54.7
,"Pennsylvania","42","2001","2001","White","2106-3","Female","F",126,5520761,2.3,1.9,2.7
,"Pennsylvania","42","2001","2001","White","2106-3","Male","M",702,5186923,13.5,12.5,14.5
,"Pennsylvania","42","2002","2002","Black or African American","2054-5","Female","F",31,699625,4.4,3.0,6.3
,"Pennsylvania","42","2002","2002","Black or African American","2054-5","Male","M",338,630125,53.6,47.9,59.4
,"Pennsylvania","42","2002","2002","White","2106-3","Female","F",134,5513563,2.4,2.0,2.8
,"Pennsylvania","42","2002","2002","White","2106-3","Male","M",703,5191718,13.5,12.5,14.5
,"Pennsylvania","42","2003","2003","Black or African American","2054-5","Female","F",29,709065,4.1,2.7,5.9
,"Pennsylvania","42","2003","2003","Black or African American","2054-5","Male","M",372,640674,58.1,52.2,64.0
,"Pennsylvania","42","2003","2003","White","2106-3","Female","F",104,5509410,1.9,1.5,2.3
,"Pennsylvania","42","2003","2003","White","2106-3","Male","M",706,5202407,13.6,12.6,14.6
,"Pennsylvania","42","2004","2004","Black or African American","2054-5","Female","F",31,719876,4.3,2.9,6.1
,"Pennsylvania","42","2004","2004","Black or African American","2054-5","Male","M",368,652443,56.4,50.6,62.2
,"Pennsylvania","42","2004","2004","White","2106-3","Female","F",130,5502442,2.4,2.0,2.8
,"Pennsylvania","42","2004","2004","White","2106-3","Male","M",726,5206012,13.9,12.9,15.0
,"Pennsylvania","42","2005","2005","Asian or Pacific Islander","A-PI","Male","M",13,152626,Unreliable,4.5,14.6
,"Pennsylvania","42","2005","2005","Black or African American","2054-5","Female","F",27,731164,3.7,2.4,5.4
,"Pennsylvania","42","2005","2005","Black or African American","2054-5","Male","M",399,664022,60.1,54.2,66.0
,"Pennsylvania","42","2005","2005","White","2106-3","Female","F",116,5496328,2.1,1.7,2.5
,"Pennsylvania","42","2005","2005","White","2106-3","Male","M",788,5210996,15.1,14.1,16.2
,"Pennsylvania","42","2006","2006","Asian or Pacific Islander","A-PI","Male","M",11,159970,Unreliable,3.4,12.3
,"Pennsylvania","42","2006","2006","Black or African American","2054-5","Female","F",25,743812,3.4,2.2,5.0
,"Pennsylvania","42","2006","2006","Black or African American","2054-5","Male","M",444,677447,65.5,59.4,71.6
,"Pennsylvania","42","2006","2006","White","2106-3","Female","F",107,5498641,1.9,1.6,2.3
,"Pennsylvania","42","2006","2006","White","2106-3","Male","M",771,5225518,14.8,13.7,15.8
,"Pennsylvania","42","2007","2007","Black or African American","2054-5","Female","F",32,755520,4.2,2.9,6.0
,"Pennsylvania","42","2007","2007","Black or African American","2054-5","Male","M",406,690242,58.8,53.1,64.5
,"Pennsylvania","42","2007","2007","White","2106-3","Female","F",94,5500233,1.7,1.4,2.1
,"Pennsylvania","42","2007","2007","White","2106-3","Male","M",768,5235002,14.7,13.6,15.7
,"Pennsylvania","42","2008","2008","Black or African American","2054-5","Female","F",28,767770,3.6,2.4,5.3
,"Pennsylvania","42","2008","2008","Black or African American","2054-5","Male","M",395,701830,56.3,50.7,61.8
,"Pennsylvania","42","2008","2008","White","2106-3","Female","F",108,5500209,2.0,1.6,2.3
,"Pennsylvania","42","2008","2008","White","2106-3","Male","M",795,5242889,15.2,14.1,16.2
,"Pennsylvania","42","2009","2009","Black or African American","2054-5","Female","F",41,778570,5.3,3.8,7.1
,"Pennsylvania","42","2009","2009","Black or African American","2054-5","Male","M",315,713711,44.1,39.3,49.0
,"Pennsylvania","42","2009","2009","White","2106-3","Female","F",144,5504119,2.6,2.2,3.0
,"Pennsylvania","42","2009","2009","White","2106-3","Male","M",827,5254082,15.7,14.7,16.8
,"Pennsylvania","42","2010","2010","Asian or Pacific Islander","A-PI","Male","M",11,184435,Unreliable,3.0,10.7
,"Pennsylvania","42","2010","2010","Black or African American","2054-5","Female","F",25,785260,3.2,2.1,4.7
,"Pennsylvania","42","2010","2010","Black or African American","2054-5","Male","M",369,721199,51.2,45.9,56.4
,"Pennsylvania","42","2010","2010","White","2106-3","Female","F",117,5505632,2.1,1.7,2.5
,"Pennsylvania","42","2010","2010","White","2106-3","Male","M",777,5261322,14.8,13.7,15.8
,"Pennsylvania","42","2011","2011","Asian or Pacific Islander","A-PI","Male","M",10,189880,Unreliable,2.5,9.7
,"Pennsylvania","42","2011","2011","Black or African American","2054-5","Female","F",30,793014,3.8,2.6,5.4
,"Pennsylvania","42","2011","2011","Black or African American","2054-5","Male","M",367,728868,50.4,45.2,55.5
,"Pennsylvania","42","2011","2011","White","2106-3","Female","F",139,5507688,2.5,2.1,2.9
,"Pennsylvania","42","2011","2011","White","2106-3","Male","M",880,5271993,16.7,15.6,17.8
,"Pennsylvania","42","2012","2012","Asian or Pacific Islander","A-PI","Male","M",16,197642,Unreliable,4.6,13.1
,"Pennsylvania","42","2012","2012","Black or African American","2054-5","Female","F",35,800080,4.4,3.0,6.1
,"Pennsylvania","42","2012","2012","Black or African American","2054-5","Male","M",404,738250,54.7,49.4,60.1
,"Pennsylvania","42","2012","2012","White","2106-3","Female","F",133,5496561,2.4,2.0,2.8
,"Pennsylvania","42","2012","2012","White","2106-3","Male","M",845,5269620,16.0,15.0,17.1
,"Pennsylvania","42","2013","2013","Asian or Pacific Islander","A-PI","Male","M",11,204649,Unreliable,2.7,9.6
,"Pennsylvania","42","2013","2013","Black or African American","2054-5","Female","F",25,807077,3.1,2.0,4.6
,"Pennsylvania","42","2013","2013","Black or African American","2054-5","Male","M",339,747802,45.3,40.5,50.2
,"Pennsylvania","42","2013","2013","White","2106-3","Female","F",171,5479299,3.1,2.7,3.6
,"Pennsylvania","42","2013","2013","White","2106-3","Male","M",885,5264541,16.8,15.7,17.9
,"Pennsylvania","42","2014","2014","Black or African American","2054-5","Female","F",28,814477,3.4,2.3,5.0
,"Pennsylvania","42","2014","2014","Black or African American","2054-5","Male","M",327,758010,43.1,38.5,47.8
,"Pennsylvania","42","2014","2014","White","2106-3","Female","F",137,5461748,2.5,2.1,2.9
,"Pennsylvania","42","2014","2014","White","2106-3","Male","M",875,5255027,16.7,15.5,17.8
,"Pennsylvania","42","2015","2015","Asian or Pacific Islander","A-PI","Male","M",16,223313,Unreliable,4.1,11.6
,"Pennsylvania","42","2015","2015","Black or African American","2054-5","Female","F",27,822087,3.3,2.2,4.8
,"Pennsylvania","42","2015","2015","Black or African American","2054-5","Male","M",392,766652,51.1,46.1,56.2
,"Pennsylvania","42","2015","2015","White","2106-3","Female","F",152,5448197,2.8,2.3,3.2
,"Pennsylvania","42","2015","2015","White","2106-3","Male","M",880,5247743,16.8,15.7,17.9
,"Pennsylvania","42","2016","2016","Asian or Pacific Islander","A-PI","Male","M",10,227541,Unreliable,2.1,8.1
,"Pennsylvania","42","2016","2016","Black or African American","2054-5","Female","F",32,826050,3.9,2.6,5.5
,"Pennsylvania","42","2016","2016","Black or African American","2054-5","Male","M",393,773299,50.8,45.8,55.8
,"Pennsylvania","42","2016","2016","White","2106-3","Female","F",153,5424113,2.8,2.4,3.3
,"Pennsylvania","42","2016","2016","White","2106-3","Male","M",949,5232777,18.1,17.0,19.3
,"Pennsylvania","42","2017","2017","Asian or Pacific Islander","A-PI","Male","M",10,237543,Unreliable,2.0,7.7
,"Pennsylvania","42","2017","2017","Black or African American","2054-5","Female","F",27,836121,3.2,2.1,4.7
,"Pennsylvania","42","2017","2017","Black or African American","2054-5","Male","M",439,781379,56.2,50.9,61.4
,"Pennsylvania","42","2017","2017","White","2106-3","Female","F",202,5413286,3.7,3.2,4.2
,"Pennsylvania","42","2017","2017","White","2106-3","Male","M",937,5224071,17.9,16.8,19.1
,"Pennsylvania","42","2018","2018","Asian or Pacific Islander","A-PI","Male","M",16,244543,Unreliable,3.7,10.6
,"Pennsylvania","42","2018","2018","Black or African American","2054-5","Female","F",48,842932,5.7,4.2,7.5
,"Pennsylvania","42","2018","2018","Black or African American","2054-5","Male","M",413,789381,52.3,47.3,57.4
,"Pennsylvania","42","2018","2018","White","2106-3","Female","F",161,5398278,3.0,2.5,3.4
,"Pennsylvania","42","2018","2018","White","2106-3","Male","M",996,5211467,19.1,17.9,20.3
,"Pennsylvania","42","2019","2019","Asian or Pacific Islander","A-PI","Male","M",10,249139,Unreliable,1.9,7.4
,"Pennsylvania","42","2019","2019","Black or African American","2054-5","Female","F",41,848102,4.8,3.5,6.6
,"Pennsylvania","42","2019","2019","Black or African American","2054-5","Male","M",421,795575,52.9,47.9,58.0
,"Pennsylvania","42","2019","2019","White","2106-3","Female","F",134,5383887,2.5,2.1,2.9
,"Pennsylvania","42","2019","2019","White","2106-3","Male","M",922,5199793,17.7,16.6,18.9
,"Pennsylvania","42","2020","2020","Asian or Pacific Islander","A-PI","Male","M",13,257156,Unreliable,2.7,8.6
,"Pennsylvania","42","2020","2020","Black or African American","2054-5","Female","F",50,856231,5.8,4.3,7.7
,"Pennsylvania","42","2020","2020","Black or African American","2054-5","Male","M",602,804302,74.8,68.9,80.8
,"Pennsylvania","42","2020","2020","White","2106-3","Female","F",146,5356270,2.7,2.3,3.2
,"Pennsylvania","42","2020","2020","White","2106-3","Male","M",916,5174307,17.7,16.6,18.8
,"Rhode Island","44","1999","1999","White","2106-3","Male","M",40,452991,8.8,6.3,12.0
,"Rhode Island","44","2000","2000","Black or African American","2054-5","Male","M",14,32109,Unreliable,23.8,73.2
,"Rhode Island","44","2000","2000","White","2106-3","Male","M",34,454842,7.5,5.2,10.4
,"Rhode Island","44","2001","2001","White","2106-3","Male","M",35,457241,7.7,5.3,10.6
,"Rhode Island","44","2002","2002","Black or African American","2054-5","Male","M",10,34755,Unreliable,13.8,52.9
,"Rhode Island","44","2002","2002","White","2106-3","Male","M",34,459830,7.4,5.1,10.3
,"Rhode Island","44","2003","2003","White","2106-3","Male","M",23,460723,5.0,3.2,7.5
,"Rhode Island","44","2004","2004","White","2106-3","Male","M",30,461143,6.5,4.4,9.3
,"Rhode Island","44","2005","2005","White","2106-3","Male","M",24,456976,5.3,3.4,7.8
,"Rhode Island","44","2006","2006","White","2106-3","Male","M",31,453720,6.8,4.6,9.7
,"Rhode Island","44","2007","2007","White","2106-3","Male","M",32,450238,7.1,4.9,10.0
,"Rhode Island","44","2008","2008","White","2106-3","Male","M",33,448178,7.4,5.1,10.3
,"Rhode Island","44","2009","2009","White","2106-3","Male","M",45,446050,10.1,7.4,13.5
,"Rhode Island","44","2010","2010","White","2106-3","Male","M",40,444818,9.0,6.4,12.2
,"Rhode Island","44","2011","2011","White","2106-3","Male","M",23,443751,5.2,3.3,7.8
,"Rhode Island","44","2012","2012","White","2106-3","Male","M",31,442027,7.0,4.8,10.0
,"Rhode Island","44","2013","2013","White","2106-3","Female","F",10,471326,Unreliable,1.0,3.9
,"Rhode Island","44","2013","2013","White","2106-3","Male","M",42,441852,9.5,6.9,12.8
,"Rhode Island","44","2014","2014","White","2106-3","Male","M",22,441282,5.0,3.1,7.5
,"Rhode Island","44","2015","2015","White","2106-3","Male","M",36,440340,8.2,5.7,11.3
,"Rhode Island","44","2016","2016","White","2106-3","Male","M",39,439319,8.9,6.3,12.1
,"Rhode Island","44","2017","2017","White","2106-3","Male","M",35,439378,8.0,5.5,11.1
,"Rhode Island","44","2018","2018","White","2106-3","Male","M",27,437837,6.2,4.1,9.0
,"Rhode Island","44","2019","2019","White","2106-3","Male","M",36,437463,8.2,5.8,11.4
,"Rhode Island","44","2020","2020","White","2106-3","Male","M",41,435032,9.4,6.8,12.8
,"South Carolina","45","1999","1999","Black or African American","2054-5","Female","F",32,634128,5.0,3.5,7.1
,"South Carolina","45","1999","1999","Black or African American","2054-5","Male","M",136,558524,24.3,20.3,28.4
,"South Carolina","45","1999","1999","White","2106-3","Female","F",76,1384465,5.5,4.3,6.9
,"South Carolina","45","1999","1999","White","2106-3","Male","M",300,1345376,22.3,19.8,24.8
,"South Carolina","45","2000","2000","Black or African American","2054-5","Male","M",129,562051,23.0,19.0,26.9
,"South Carolina","45","2000","2000","White","2106-3","Female","F",77,1395642,5.5,4.4,6.9
,"South Carolina","45","2000","2000","White","2106-3","Male","M",275,1359109,20.2,17.8,22.6
,"South Carolina","45","2001","2001","Black or African American","2054-5","Female","F",27,645461,4.2,2.8,6.1
,"South Carolina","45","2001","2001","Black or African American","2054-5","Male","M",151,569292,26.5,22.3,30.8
,"South Carolina","45","2001","2001","White","2106-3","Female","F",87,1413144,6.2,4.9,7.6
,"South Carolina","45","2001","2001","White","2106-3","Male","M",291,1376330,21.1,18.7,23.6
,"South Carolina","45","2002","2002","Black or African American","2054-5","Female","F",28,649276,4.3,2.9,6.2
,"South Carolina","45","2002","2002","Black or African American","2054-5","Male","M",158,573382,27.6,23.3,31.9
,"South Carolina","45","2002","2002","White","2106-3","Female","F",62,1428632,4.3,3.3,5.6
,"South Carolina","45","2002","2002","White","2106-3","Male","M",313,1392100,22.5,20.0,25.0
,"South Carolina","45","2003","2003","Black or African American","2054-5","Female","F",30,653737,4.6,3.1,6.6
,"South Carolina","45","2003","2003","Black or African American","2054-5","Male","M",165,577844,28.6,24.2,32.9
,"South Carolina","45","2003","2003","White","2106-3","Female","F",78,1445093,5.4,4.3,6.7
,"South Carolina","45","2003","2003","White","2106-3","Male","M",310,1405546,22.1,19.6,24.5
,"South Carolina","45","2004","2004","Black or African American","2054-5","Female","F",35,659840,5.3,3.7,7.4
,"South Carolina","45","2004","2004","Black or African American","2054-5","Male","M",155,584201,26.5,22.4,30.7
,"South Carolina","45","2004","2004","White","2106-3","Female","F",60,1465409,4.1,3.1,5.3
,"South Carolina","45","2004","2004","White","2106-3","Male","M",317,1429302,22.2,19.7,24.6
,"South Carolina","45","2005","2005","Black or African American","2054-5","Female","F",26,665842,3.9,2.6,5.7
,"South Carolina","45","2005","2005","Black or African American","2054-5","Male","M",178,589263,30.2,25.8,34.6
,"South Carolina","45","2005","2005","White","2106-3","Female","F",68,1487411,4.6,3.6,5.8
,"South Carolina","45","2005","2005","White","2106-3","Male","M",311,1451305,21.4,19.0,23.8
,"South Carolina","45","2006","2006","Black or African American","2054-5","Female","F",35,675626,5.2,3.6,7.2
,"South Carolina","45","2006","2006","Black or African American","2054-5","Male","M",189,597910,31.6,27.1,36.1
,"South Carolina","45","2006","2006","White","2106-3","Female","F",89,1520534,5.9,4.7,7.2
,"South Carolina","45","2006","2006","White","2106-3","Male","M",290,1482816,19.6,17.3,21.8
,"South Carolina","45","2007","2007","Black or African American","2054-5","Female","F",27,683508,4.0,2.6,5.7
,"South Carolina","45","2007","2007","Black or African American","2054-5","Male","M",185,605954,30.5,26.1,34.9
,"South Carolina","45","2007","2007","White","2106-3","Female","F",68,1553349,4.4,3.4,5.5
,"South Carolina","45","2007","2007","White","2106-3","Male","M",303,1515328,20.0,17.7,22.2
,"South Carolina","45","2008","2008","Black or African American","2054-5","Female","F",19,693889,Unreliable,1.6,4.3
,"South Carolina","45","2008","2008","Black or African American","2054-5","Male","M",188,614576,30.6,26.2,35.0
,"South Carolina","45","2008","2008","White","2106-3","Female","F",59,1584607,3.7,2.8,4.8
,"South Carolina","45","2008","2008","White","2106-3","Male","M",341,1545011,22.1,19.7,24.4
,"South Carolina","45","2009","2009","Black or African American","2054-5","Female","F",22,700151,3.1,2.0,4.8
,"South Carolina","45","2009","2009","Black or African American","2054-5","Male","M",183,620413,29.5,25.2,33.8
,"South Carolina","45","2009","2009","White","2106-3","Female","F",83,1608428,5.2,4.1,6.4
,"South Carolina","45","2009","2009","White","2106-3","Male","M",340,1566348,21.7,19.4,24.0
,"South Carolina","45","2010","2010","Black or African American","2054-5","Female","F",21,704703,3.0,1.8,4.6
,"South Carolina","45","2010","2010","Black or African American","2054-5","Male","M",180,624804,28.8,24.6,33.0
,"South Carolina","45","2010","2010","White","2106-3","Female","F",79,1620641,4.9,3.9,6.1
,"South Carolina","45","2010","2010","White","2106-3","Male","M",355,1577938,22.5,20.2,24.8
,"South Carolina","45","2011","2011","Black or African American","2054-5","Female","F",26,711676,3.7,2.4,5.4
,"South Carolina","45","2011","2011","Black or African American","2054-5","Male","M",185,631621,29.3,25.1,33.5
,"South Carolina","45","2011","2011","White","2106-3","Female","F",99,1638854,6.0,4.9,7.4
,"South Carolina","45","2011","2011","White","2106-3","Male","M",383,1595955,24.0,21.6,26.4
,"South Carolina","45","2012","2012","Black or African American","2054-5","Female","F",27,716479,3.8,2.5,5.5
,"South Carolina","45","2012","2012","Black or African American","2054-5","Male","M",197,635419,31.0,26.7,35.3
,"South Carolina","45","2012","2012","White","2106-3","Female","F",102,1655881,6.2,5.0,7.4
,"South Carolina","45","2012","2012","White","2106-3","Male","M",402,1610931,25.0,22.5,27.4
,"South Carolina","45","2013","2013","Black or African American","2054-5","Female","F",28,721655,3.9,2.6,5.6
,"South Carolina","45","2013","2013","Black or African American","2054-5","Male","M",179,640860,27.9,23.8,32.0
,"South Carolina","45","2013","2013","White","2106-3","Female","F",107,1673685,6.4,5.2,7.6
,"South Carolina","45","2013","2013","White","2106-3","Male","M",414,1629047,25.4,23.0,27.9
,"South Carolina","45","2014","2014","Black or African American","2054-5","Female","F",30,728948,4.1,2.8,5.9
,"South Carolina","45","2014","2014","Black or African American","2054-5","Male","M",197,645917,30.5,26.2,34.8
,"South Carolina","45","2014","2014","White","2106-3","Female","F",110,1695455,6.5,5.3,7.7
,"South Carolina","45","2014","2014","White","2106-3","Male","M",418,1648488,25.4,22.9,27.8
,"South Carolina","45","2015","2015","Black or African American","2054-5","Female","F",38,735905,5.2,3.7,7.1
,"South Carolina","45","2015","2015","Black or African American","2054-5","Male","M",255,651245,39.2,34.3,44.0
,"South Carolina","45","2015","2015","White","2106-3","Female","F",112,1720200,6.5,5.3,7.7
,"South Carolina","45","2015","2015","White","2106-3","Male","M",428,1670407,25.6,23.2,28.0
,"South Carolina","45","2016","2016","Black or African American","2054-5","Female","F",40,741671,5.4,3.9,7.3
,"South Carolina","45","2016","2016","Black or African American","2054-5","Male","M",249,656551,37.9,33.2,42.6
,"South Carolina","45","2016","2016","White","2106-3","Female","F",111,1748731,6.3,5.2,7.5
,"South Carolina","45","2016","2016","White","2106-3","Male","M",478,1692779,28.2,25.7,30.8
,"South Carolina","45","2017","2017","Black or African American","2054-5","Female","F",31,748518,4.1,2.8,5.9
,"South Carolina","45","2017","2017","Black or African American","2054-5","Male","M",264,661160,39.9,35.1,44.7
,"South Carolina","45","2017","2017","White","2106-3","Female","F",117,1772134,6.6,5.4,7.8
,"South Carolina","45","2017","2017","White","2106-3","Male","M",465,1714339,27.1,24.7,29.6
,"South Carolina","45","2018","2018","Black or African American","2054-5","Female","F",40,754312,5.3,3.8,7.2
,"South Carolina","45","2018","2018","Black or African American","2054-5","Male","M",290,664556,43.6,38.6,48.7
,"South Carolina","45","2018","2018","White","2106-3","Female","F",101,1797532,5.6,4.5,6.7
,"South Carolina","45","2018","2018","White","2106-3","Male","M",454,1734214,26.2,23.8,28.6
,"South Carolina","45","2019","2019","Black or African American","2054-5","Female","F",45,760056,5.9,4.3,7.9
,"South Carolina","45","2019","2019","Black or African American","2054-5","Male","M",358,668132,53.6,48.0,59.1
,"South Carolina","45","2019","2019","White","2106-3","Female","F",109,1823916,6.0,4.9,7.1
,"South Carolina","45","2019","2019","White","2106-3","Male","M",484,1758035,27.5,25.1,30.0
,"South Carolina","45","2020","2020","Black or African American","2054-5","Female","F",50,768768,6.5,4.8,8.6
,"South Carolina","45","2020","2020","Black or African American","2054-5","Male","M",444,672741,66.0,59.9,72.1
,"South Carolina","45","2020","2020","White","2106-3","Female","F",105,1851057,5.7,4.6,6.8
,"South Carolina","45","2020","2020","White","2106-3","Male","M",518,1780350,29.1,26.6,31.6
,"South Dakota","46","1999","1999","White","2106-3","Male","M",55,335726,16.4,12.3,21.3
,"South Dakota","46","2000","2000","White","2106-3","Male","M",48,336172,14.3,10.5,18.9
,"South Dakota","46","2001","2001","White","2106-3","Male","M",43,336951,12.8,9.2,17.2
,"South Dakota","46","2002","2002","White","2106-3","Male","M",55,337311,16.3,12.3,21.2
,"South Dakota","46","2003","2003","White","2106-3","Male","M",53,338605,15.7,11.7,20.5
,"South Dakota","46","2004","2004","American Indian or Alaska Native","1002-5","Male","M",11,34335,Unreliable,16.0,57.3
,"South Dakota","46","2004","2004","White","2106-3","Male","M",56,341024,16.4,12.4,21.3
,"South Dakota","46","2005","2005","White","2106-3","Male","M",70,342777,20.4,15.9,25.8
,"South Dakota","46","2006","2006","White","2106-3","Male","M",60,345639,17.4,13.2,22.3
,"South Dakota","46","2007","2007","White","2106-3","Male","M",41,348650,11.8,8.4,16.0
,"South Dakota","46","2008","2008","White","2106-3","Female","F",12,353220,Unreliable,1.8,5.9
,"South Dakota","46","2008","2008","White","2106-3","Male","M",63,351398,17.9,13.8,22.9
,"South Dakota","46","2009","2009","American Indian or Alaska Native","1002-5","Male","M",10,37591,Unreliable,12.8,48.9
,"South Dakota","46","2009","2009","White","2106-3","Male","M",59,354493,16.6,12.7,21.5
,"South Dakota","46","2010","2010","White","2106-3","Female","F",10,357528,Unreliable,1.3,5.1
,"South Dakota","46","2010","2010","White","2106-3","Male","M",57,357190,16.0,12.1,20.7
,"South Dakota","46","2011","2011","White","2106-3","Female","F",10,360426,Unreliable,1.3,5.1
,"South Dakota","46","2011","2011","White","2106-3","Male","M",53,361561,14.7,11.0,19.2
,"South Dakota","46","2012","2012","White","2106-3","Female","F",11,362545,Unreliable,1.5,5.4
,"South Dakota","46","2012","2012","White","2106-3","Male","M",66,364444,18.1,14.0,23.0
,"South Dakota","46","2013","2013","White","2106-3","Male","M",65,368223,17.7,13.6,22.5
,"South Dakota","46","2014","2014","White","2106-3","Female","F",14,368839,Unreliable,2.1,6.4
,"South Dakota","46","2014","2014","White","2106-3","Male","M",62,371811,16.7,12.8,21.4
,"South Dakota","46","2015","2015","American Indian or Alaska Native","1002-5","Male","M",12,40203,Unreliable,15.4,52.1
,"South Dakota","46","2015","2015","White","2106-3","Female","F",13,370390,Unreliable,1.9,6.0
,"South Dakota","46","2015","2015","White","2106-3","Male","M",64,373576,17.1,13.2,21.9
,"South Dakota","46","2016","2016","American Indian or Alaska Native","1002-5","Male","M",18,40854,Unreliable,26.1,69.6
,"South Dakota","46","2016","2016","White","2106-3","Female","F",13,371222,Unreliable,1.9,6.0
,"South Dakota","46","2016","2016","White","2106-3","Male","M",67,375778,17.8,13.8,22.6
,"South Dakota","46","2017","2017","White","2106-3","Male","M",81,377145,21.5,17.1,26.7
,"South Dakota","46","2018","2018","American Indian or Alaska Native","1002-5","Male","M",14,41931,Unreliable,18.3,56.0
,"South Dakota","46","2018","2018","White","2106-3","Female","F",11,374457,Unreliable,1.5,5.3
,"South Dakota","46","2018","2018","White","2106-3","Male","M",80,380857,21.0,16.7,26.1
,"South Dakota","46","2019","2019","White","2106-3","Male","M",90,382559,23.5,18.9,28.9
,"South Dakota","46","2020","2020","American Indian or Alaska Native","1002-5","Male","M",20,42274,47.3,28.9,73.1
,"South Dakota","46","2020","2020","White","2106-3","Female","F",11,378878,Unreliable,1.4,5.2
,"South Dakota","46","2020","2020","White","2106-3","Male","M",74,385107,19.2,15.1,24.1
,"Tennessee","47","1999","1999","Black or African American","2054-5","Female","F",25,498124,5.0,3.2,7.4
,"Tennessee","47","1999","1999","Black or African American","2054-5","Male","M",184,441667,41.7,35.6,47.7
,"Tennessee","47","1999","1999","White","2106-3","Female","F",104,2362012,4.4,3.6,5.2
,"Tennessee","47","1999","1999","White","2106-3","Male","M",525,2263315,23.2,21.2,25.2
,"Tennessee","47","2000","2000","Black or African American","2054-5","Female","F",29,502894,5.8,3.9,8.3
,"Tennessee","47","2000","2000","Black or African American","2054-5","Male","M",210,447207,47.0,40.6,53.3
,"Tennessee","47","2000","2000","White","2106-3","Female","F",102,2374549,4.3,3.5,5.1
,"Tennessee","47","2000","2000","White","2106-3","Male","M",545,2282833,23.9,21.9,25.9
,"Tennessee","47","2001","2001","Black or African American","2054-5","Female","F",29,511432,5.7,3.8,8.1
,"Tennessee","47","2001","2001","Black or African American","2054-5","Male","M",192,455746,42.1,36.2,48.1
,"Tennessee","47","2001","2001","White","2106-3","Female","F",98,2392694,4.1,3.3,5.0
,"Tennessee","47","2001","2001","White","2106-3","Male","M",514,2303940,22.3,20.4,24.2
,"Tennessee","47","2002","2002","Black or African American","2054-5","Female","F",39,518526,7.5,5.3,10.3
,"Tennessee","47","2002","2002","Black or African American","2054-5","Male","M",195,461730,42.2,36.3,48.2
,"Tennessee","47","2002","2002","White","2106-3","Female","F",115,2406553,4.8,3.9,5.7
,"Tennessee","47","2002","2002","White","2106-3","Male","M",544,2317244,23.5,21.5,25.4
,"Tennessee","47","2003","2003","Black or African American","2054-5","Female","F",24,525884,4.6,2.9,6.8
,"Tennessee","47","2003","2003","Black or African American","2054-5","Male","M",191,467559,40.9,35.1,46.6
,"Tennessee","47","2003","2003","White","2106-3","Female","F",117,2425636,4.8,3.9,5.7
,"Tennessee","47","2003","2003","White","2106-3","Male","M",499,2331905,21.4,19.5,23.3
,"Tennessee","47","2004","2004","Black or African American","2054-5","Female","F",17,532743,Unreliable,1.9,5.1
,"Tennessee","47","2004","2004","Black or African American","2054-5","Male","M",178,476334,37.4,31.9,42.9
,"Tennessee","47","2004","2004","White","2106-3","Female","F",124,2442969,5.1,4.2,6.0
,"Tennessee","47","2004","2004","White","2106-3","Male","M",547,2356193,23.2,21.3,25.2
,"Tennessee","47","2005","2005","Black or African American","2054-5","Female","F",28,541616,5.2,3.4,7.5
,"Tennessee","47","2005","2005","Black or African American","2054-5","Male","M",223,484756,46.0,40.0,52.0
,"Tennessee","47","2005","2005","White","2106-3","Female","F",119,2471483,4.8,3.9,5.7
,"Tennessee","47","2005","2005","White","2106-3","Male","M",600,2384740,25.2,23.1,27.2
,"Tennessee","47","2006","2006","Black or African American","2054-5","Female","F",21,553316,3.8,2.3,5.8
,"Tennessee","47","2006","2006","Black or African American","2054-5","Male","M",224,494284,45.3,39.4,51.3
,"Tennessee","47","2006","2006","White","2106-3","Female","F",128,2509554,5.1,4.2,6.0
,"Tennessee","47","2006","2006","White","2106-3","Male","M",561,2416954,23.2,21.3,25.1
,"Tennessee","47","2007","2007","Black or African American","2054-5","Female","F",23,560563,4.1,2.6,6.2
,"Tennessee","47","2007","2007","Black or African American","2054-5","Male","M",216,501624,43.1,37.3,48.8
,"Tennessee","47","2007","2007","White","2106-3","Female","F",133,2539596,5.2,4.3,6.1
,"Tennessee","47","2007","2007","White","2106-3","Male","M",544,2452442,22.2,20.3,24.0
,"Tennessee","47","2008","2008","Black or African American","2054-5","Female","F",28,567920,4.9,3.3,7.1
,"Tennessee","47","2008","2008","Black or African American","2054-5","Male","M",234,506764,46.2,40.3,52.1
,"Tennessee","47","2008","2008","White","2106-3","Female","F",136,2570342,5.3,4.4,6.2
,"Tennessee","47","2008","2008","White","2106-3","Male","M",576,2475954,23.3,21.4,25.2
,"Tennessee","47","2009","2009","Black or African American","2054-5","Female","F",17,574662,Unreliable,1.7,4.7
,"Tennessee","47","2009","2009","Black or African American","2054-5","Male","M",226,513012,44.1,38.3,49.8
,"Tennessee","47","2009","2009","White","2106-3","Female","F",106,2589408,4.1,3.3,4.9
,"Tennessee","47","2009","2009","White","2106-3","Male","M",610,2497273,24.4,22.5,26.4
,"Tennessee","47","2010","2010","Black or African American","2054-5","Female","F",20,579785,3.4,2.1,5.3
,"Tennessee","47","2010","2010","Black or African American","2054-5","Male","M",182,518155,35.1,30.0,40.2
,"Tennessee","47","2010","2010","White","2106-3","Female","F",137,2603543,5.3,4.4,6.1
,"Tennessee","47","2010","2010","White","2106-3","Male","M",578,2509581,23.0,21.2,24.9
,"Tennessee","47","2011","2011","Black or African American","2054-5","Female","F",30,588438,5.1,3.4,7.3
,"Tennessee","47","2011","2011","Black or African American","2054-5","Male","M",190,526209,36.1,31.0,41.2
,"Tennessee","47","2011","2011","White","2106-3","Female","F",131,2622100,5.0,4.1,5.9
,"Tennessee","47","2011","2011","White","2106-3","Male","M",584,2526929,23.1,21.2,25.0
,"Tennessee","47","2012","2012","Black or African American","2054-5","Female","F",25,596284,4.2,2.7,6.2
,"Tennessee","47","2012","2012","Black or African American","2054-5","Male","M",232,535092,43.4,37.8,48.9
,"Tennessee","47","2012","2012","White","2106-3","Female","F",128,2636304,4.9,4.0,5.7
,"Tennessee","47","2012","2012","White","2106-3","Male","M",602,2542451,23.7,21.8,25.6
,"Tennessee","47","2013","2013","Black or African American","2054-5","Female","F",23,601508,3.8,2.4,5.7
,"Tennessee","47","2013","2013","Black or African American","2054-5","Male","M",215,540537,39.8,34.5,45.1
,"Tennessee","47","2013","2013","White","2106-3","Female","F",142,2649609,5.4,4.5,6.2
,"Tennessee","47","2013","2013","White","2106-3","Male","M",639,2553188,25.0,23.1,27.0
,"Tennessee","47","2014","2014","Black or African American","2054-5","Female","F",24,608132,3.9,2.5,5.9
,"Tennessee","47","2014","2014","Black or African American","2054-5","Male","M",226,547451,41.3,35.9,46.7
,"Tennessee","47","2014","2014","White","2106-3","Female","F",132,2667636,4.9,4.1,5.8
,"Tennessee","47","2014","2014","White","2106-3","Male","M",625,2567445,24.3,22.4,26.3
,"Tennessee","47","2015","2015","Black or African American","2054-5","Female","F",34,613861,5.5,3.8,7.7
,"Tennessee","47","2015","2015","Black or African American","2054-5","Male","M",244,553910,44.1,38.5,49.6
,"Tennessee","47","2015","2015","White","2106-3","Female","F",145,2684135,5.4,4.5,6.3
,"Tennessee","47","2015","2015","White","2106-3","Male","M",634,2583505,24.5,22.6,26.5
,"Tennessee","47","2016","2016","Black or African American","2054-5","Female","F",43,619043,6.9,5.0,9.4
,"Tennessee","47","2016","2016","Black or African American","2054-5","Male","M",296,558021,53.0,47.0,59.1
,"Tennessee","47","2016","2016","White","2106-3","Female","F",136,2702731,5.0,4.2,5.9
,"Tennessee","47","2016","2016","White","2106-3","Male","M",654,2602563,25.1,23.2,27.1
,"Tennessee","47","2017","2017","Black or African American","2054-5","Female","F",34,625730,5.4,3.8,7.6
,"Tennessee","47","2017","2017","Black or African American","2054-5","Male","M",317,564074,56.2,50.0,62.4
,"Tennessee","47","2017","2017","White","2106-3","Female","F",164,2723603,6.0,5.1,6.9
,"Tennessee","47","2017","2017","White","2106-3","Male","M",705,2627077,26.8,24.9,28.8
,"Tennessee","47","2018","2018","Black or African American","2054-5","Female","F",52,630693,8.2,6.2,10.8
,"Tennessee","47","2018","2018","Black or African American","2054-5","Male","M",350,567970,61.6,55.2,68.1
,"Tennessee","47","2018","2018","White","2106-3","Female","F",148,2743738,5.4,4.5,6.3
,"Tennessee","47","2018","2018","White","2106-3","Male","M",653,2647469,24.7,22.8,26.6
,"Tennessee","47","2019","2019","Asian or Pacific Islander","A-PI","Male","M",12,72599,Unreliable,8.5,28.9
,"Tennessee","47","2019","2019","Black or African American","2054-5","Female","F",46,636706,7.2,5.3,9.6
,"Tennessee","47","2019","2019","Black or African American","2054-5","Male","M",337,572441,58.9,52.6,65.2
,"Tennessee","47","2019","2019","White","2106-3","Female","F",173,2764016,6.3,5.3,7.2
,"Tennessee","47","2019","2019","White","2106-3","Male","M",686,2668769,25.7,23.8,27.6
,"Tennessee","47","2020","2020","Black or African American","2054-5","Female","F",57,642624,8.9,6.7,11.5
,"Tennessee","47","2020","2020","Black or African American","2054-5","Male","M",479,576613,83.1,75.6,90.5
,"Tennessee","47","2020","2020","White","2106-3","Female","F",161,2787517,5.8,4.9,6.7
,"Tennessee","47","2020","2020","White","2106-3","Male","M",749,2687668,27.9,25.9,29.9
,"Texas","48","1999","1999","Asian or Pacific Islander","A-PI","Male","M",20,299344,6.7,4.1,10.3
,"Texas","48","1999","1999","Black or African American","2054-5","Female","F",47,1273788,3.7,2.7,4.9
,"Texas","48","1999","1999","Black or African American","2054-5","Male","M",268,1187505,22.6,19.9,25.3
,"Texas","48","1999","1999","White","2106-3","Female","F",282,8716280,3.2,2.9,3.6
,"Texas","48","1999","1999","White","2106-3","Male","M",1479,8642333,17.1,16.2,18.0
,"Texas","48","2000","2000","Asian or Pacific Islander","A-PI","Female","F",10,320981,Unreliable,1.5,5.7
,"Texas","48","2000","2000","Asian or Pacific Islander","A-PI","Male","M",17,313491,Unreliable,3.2,8.7
,"Texas","48","2000","2000","Black or African American","2054-5","Female","F",44,1287939,3.4,2.5,4.6
,"Texas","48","2000","2000","Black or African American","2054-5","Male","M",273,1201820,22.7,20.0,25.4
,"Texas","48","2000","2000","White","2106-3","Female","F",306,8815254,3.5,3.1,3.9
,"Texas","48","2000","2000","White","2106-3","Male","M",1494,8760224,17.1,16.2,17.9
,"Texas","48","2001","2001","Asian or Pacific Islander","A-PI","Male","M",25,337863,7.4,4.8,10.9
,"Texas","48","2001","2001","Black or African American","2054-5","Female","F",54,1319089,4.1,3.1,5.3
,"Texas","48","2001","2001","Black or African American","2054-5","Male","M",327,1232556,26.5,23.7,29.4
,"Texas","48","2001","2001","White","2106-3","Female","F",306,8985946,3.4,3.0,3.8
,"Texas","48","2001","2001","White","2106-3","Male","M",1598,8936085,17.9,17.0,18.8
,"Texas","48","2002","2002","Asian or Pacific Islander","A-PI","Male","M",27,358217,7.5,5.0,11.0
,"Texas","48","2002","2002","Black or African American","2054-5","Female","F",52,1344674,3.9,2.9,5.1
,"Texas","48","2002","2002","Black or African American","2054-5","Male","M",317,1257563,25.2,22.4,28.0
,"Texas","48","2002","2002","White","2106-3","Female","F",303,9118467,3.3,2.9,3.7
,"Texas","48","2002","2002","White","2106-3","Male","M",1562,9073792,17.2,16.4,18.1
,"Texas","48","2003","2003","Asian or Pacific Islander","A-PI","Male","M",33,376320,8.8,6.0,12.3
,"Texas","48","2003","2003","Black or African American","2054-5","Female","F",53,1369379,3.9,2.9,5.1
,"Texas","48","2003","2003","Black or African American","2054-5","Male","M",305,1277360,23.9,21.2,26.6
,"Texas","48","2003","2003","White","2106-3","Female","F",330,9250249,3.6,3.2,4.0
,"Texas","48","2003","2003","White","2106-3","Male","M",1667,9190691,18.1,17.3,19.0
,"Texas","48","2004","2004","Asian or Pacific Islander","A-PI","Male","M",22,394272,5.6,3.5,8.4
,"Texas","48","2004","2004","Black or African American","2054-5","Female","F",56,1394787,4.0,3.0,5.2
,"Texas","48","2004","2004","Black or African American","2054-5","Male","M",346,1302552,26.6,23.8,29.4
,"Texas","48","2004","2004","White","2106-3","Female","F",318,9382770,3.4,3.0,3.8
,"Texas","48","2004","2004","White","2106-3","Male","M",1572,9323084,16.9,16.0,17.7
,"Texas","48","2005","2005","Asian or Pacific Islander","A-PI","Male","M",43,414422,10.4,7.5,14.0
,"Texas","48","2005","2005","Black or African American","2054-5","Female","F",63,1422960,4.4,3.4,5.7
,"Texas","48","2005","2005","Black or African American","2054-5","Male","M",374,1330938,28.1,25.3,30.9
,"Texas","48","2005","2005","White","2106-3","Female","F",320,9519891,3.4,3.0,3.7
,"Texas","48","2005","2005","White","2106-3","Male","M",1655,9460866,17.5,16.7,18.3
,"Texas","48","2006","2006","Asian or Pacific Islander","A-PI","Male","M",35,438876,8.0,5.6,11.1
,"Texas","48","2006","2006","Black or African American","2054-5","Female","F",59,1504564,3.9,3.0,5.1
,"Texas","48","2006","2006","Black or African American","2054-5","Male","M",401,1399438,28.7,25.8,31.5
,"Texas","48","2006","2006","White","2106-3","Female","F",338,9705520,3.5,3.1,3.9
,"Texas","48","2006","2006","White","2106-3","Male","M",1556,9641442,16.1,15.3,16.9
,"Texas","48","2007","2007","Asian or Pacific Islander","A-PI","Male","M",25,463942,5.4,3.5,8.0
,"Texas","48","2007","2007","Black or African American","2054-5","Female","F",41,1533671,2.7,1.9,3.6
,"Texas","48","2007","2007","Black or African American","2054-5","Male","M",383,1428447,26.8,24.1,29.5
,"Texas","48","2007","2007","White","2106-3","Female","F",323,9881326,3.3,2.9,3.6
,"Texas","48","2007","2007","White","2106-3","Male","M",1757,9812975,17.9,17.1,18.7
,"Texas","48","2008","2008","Asian or Pacific Islander","A-PI","Male","M",17,488862,Unreliable,2.0,5.6
,"Texas","48","2008","2008","Black or African American","2054-5","Female","F",34,1565986,2.2,1.5,3.0
,"Texas","48","2008","2008","Black or African American","2054-5","Male","M",254,1461166,17.4,15.2,19.5
,"Texas","48","2008","2008","White","2106-3","Female","F",372,10053324,3.7,3.3,4.1
,"Texas","48","2008","2008","White","2106-3","Male","M",1887,9984575,18.9,18.0,19.8
,"Texas","48","2009","2009","Asian or Pacific Islander","A-PI","Female","F",12,538643,Unreliable,1.2,3.9
,"Texas","48","2009","2009","Asian or Pacific Islander","A-PI","Male","M",29,513083,5.7,3.8,8.1
,"Texas","48","2009","2009","Black or African American","2054-5","Female","F",44,1603937,2.7,2.0,3.7
,"Texas","48","2009","2009","Black or African American","2054-5","Male","M",355,1497356,23.7,21.2,26.2
,"Texas","48","2009","2009","White","2106-3","Female","F",365,10229491,3.6,3.2,3.9
,"Texas","48","2009","2009","White","2106-3","Male","M",1856,10157399,18.3,17.4,19.1
,"Texas","48","2010","2010","Asian or Pacific Islander","A-PI","Male","M",33,530776,6.2,4.3,8.7
,"Texas","48","2010","2010","Black or African American","2054-5","Female","F",70,1631174,4.3,3.3,5.4
,"Texas","48","2010","2010","Black or African American","2054-5","Male","M",384,1524837,25.2,22.7,27.7
,"Texas","48","2010","2010","White","2106-3","Female","F",339,10349638,3.3,2.9,3.6
,"Texas","48","2010","2010","White","2106-3","Male","M",1859,10275353,18.1,17.3,18.9
,"Texas","48","2011","2011","Asian or Pacific Islander","A-PI","Female","F",10,580502,Unreliable,0.8,3.2
,"Texas","48","2011","2011","Asian or Pacific Islander","A-PI","Male","M",33,552707,6.0,4.1,8.4
,"Texas","48","2011","2011","Black or African American","2054-5","Female","F",50,1669673,3.0,2.2,3.9
,"Texas","48","2011","2011","Black or African American","2054-5","Male","M",324,1562295,20.7,18.5,23.0
,"Texas","48","2011","2011","White","2106-3","Female","F",368,10540864,3.5,3.1,3.8
,"Texas","48","2011","2011","White","2106-3","Male","M",1784,10479326,17.0,16.2,17.8
,"Texas","48","2012","2012","Asian or Pacific Islander","A-PI","Male","M",31,582220,5.3,3.6,7.6
,"Texas","48","2012","2012","Black or African American","2054-5","Female","F",62,1708678,3.6,2.8,4.7
,"Texas","48","2012","2012","Black or African American","2054-5","Male","M",384,1604609,23.9,21.5,26.3
,"Texas","48","2012","2012","White","2106-3","Female","F",348,10650051,3.3,2.9,3.6
,"Texas","48","2012","2012","White","2106-3","Male","M",1876,10611282,17.7,16.9,18.5
,"Texas","48","2013","2013","Asian or Pacific Islander","A-PI","Female","F",15,639849,Unreliable,1.3,3.9
,"Texas","48","2013","2013","Asian or Pacific Islander","A-PI","Male","M",38,612332,6.2,4.4,8.5
,"Texas","48","2013","2013","Black or African American","2054-5","Female","F",66,1746679,3.8,2.9,4.8
,"Texas","48","2013","2013","Black or African American","2054-5","Male","M",404,1639737,24.6,22.2,27.0
,"Texas","48","2013","2013","White","2106-3","Female","F",364,10770165,3.4,3.0,3.7
,"Texas","48","2013","2013","White","2106-3","Male","M",1861,10742787,17.3,16.5,18.1
,"Texas","48","2014","2014","Asian or Pacific Islander","A-PI","Female","F",15,680631,Unreliable,1.2,3.6
,"Texas","48","2014","2014","Asian or Pacific Islander","A-PI","Male","M",40,650528,6.1,4.4,8.4
,"Texas","48","2014","2014","Black or African American","2054-5","Female","F",50,1789934,2.8,2.1,3.7
,"Texas","48","2014","2014","Black or African American","2054-5","Male","M",399,1681895,23.7,21.4,26.1
,"Texas","48","2014","2014","White","2106-3","Female","F",426,10956403,3.9,3.5,4.3
,"Texas","48","2014","2014","White","2106-3","Male","M",1889,10894810,17.3,16.6,18.1
,"Texas","48","2015","2015","Asian or Pacific Islander","A-PI","Male","M",33,690727,4.8,3.3,6.7
,"Texas","48","2015","2015","Black or African American","2054-5","Female","F",59,1833448,3.2,2.4,4.2
,"Texas","48","2015","2015","Black or African American","2054-5","Male","M",544,1724117,31.6,28.9,34.2
,"Texas","48","2015","2015","White","2106-3","Female","F",462,11124743,4.2,3.8,4.5
,"Texas","48","2015","2015","White","2106-3","Male","M",2068,11064156,18.7,17.9,19.5
,"Texas","48","2016","2016","Asian or Pacific Islander","A-PI","Female","F",19,751494,Unreliable,1.5,3.9
,"Texas","48","2016","2016","Asian or Pacific Islander","A-PI","Male","M",45,716061,6.3,4.6,8.4
,"Texas","48","2016","2016","Black or African American","2054-5","Female","F",84,1872006,4.5,3.6,5.6
,"Texas","48","2016","2016","Black or African American","2054-5","Male","M",538,1762079,30.5,28.0,33.1
,"Texas","48","2016","2016","White","2106-3","Female","F",466,11254892,4.1,3.8,4.5
,"Texas","48","2016","2016","White","2106-3","Male","M",2156,11192557,19.3,18.4,20.1
,"Texas","48","2017","2017","Asian or Pacific Islander","A-PI","Female","F",11,788178,Unreliable,0.7,2.5
,"Texas","48","2017","2017","Asian or Pacific Islander","A-PI","Male","M",43,751874,5.7,4.1,7.7
,"Texas","48","2017","2017","Black or African American","2054-5","Female","F",77,1914300,4.0,3.2,5.0
,"Texas","48","2017","2017","Black or African American","2054-5","Male","M",593,1802959,32.9,30.2,35.5
,"Texas","48","2017","2017","White","2106-3","Female","F",480,11385010,4.2,3.8,4.6
,"Texas","48","2017","2017","White","2106-3","Male","M",2268,11343828,20.0,19.2,20.8
,"Texas","48","2018","2018","American Indian or Alaska Native","1002-5","Male","M",10,165299,Unreliable,2.9,11.1
,"Texas","48","2018","2018","Asian or Pacific Islander","A-PI","Male","M",71,786310,9.0,7.1,11.4
,"Texas","48","2018","2018","Black or African American","2054-5","Female","F",90,1958375,4.6,3.7,5.6
,"Texas","48","2018","2018","Black or African American","2054-5","Male","M",549,1844873,29.8,27.3,32.2
,"Texas","48","2018","2018","White","2106-3","Female","F",451,11498039,3.9,3.6,4.3
,"Texas","48","2018","2018","White","2106-3","Male","M",2303,11463624,20.1,19.3,20.9
,"Texas","48","2019","2019","Asian or Pacific Islander","A-PI","Female","F",15,842460,Unreliable,1.0,2.9
,"Texas","48","2019","2019","Asian or Pacific Islander","A-PI","Male","M",51,799868,6.4,4.7,8.4
,"Texas","48","2019","2019","Black or African American","2054-5","Female","F",70,1995655,3.5,2.7,4.4
,"Texas","48","2019","2019","Black or African American","2054-5","Male","M",649,1877438,34.6,31.9,37.2
,"Texas","48","2019","2019","White","2106-3","Female","F",472,11595178,4.1,3.7,4.4
,"Texas","48","2019","2019","White","2106-3","Male","M",2349,11557709,20.3,19.5,21.1
,"Texas","48","2020","2020","Asian or Pacific Islander","A-PI","Male","M",65,840472,7.7,6.0,9.9
,"Texas","48","2020","2020","Black or African American","2054-5","Female","F",125,2052969,6.1,5.0,7.2
,"Texas","48","2020","2020","Black or African American","2054-5","Male","M",845,1931175,43.8,40.8,46.7
,"Texas","48","2020","2020","White","2106-3","Female","F",513,11679553,4.4,4.0,4.8
,"Texas","48","2020","2020","White","2106-3","Male","M",2551,11635326,21.9,21.1,22.8
,"Utah","49","1999","1999","White","2106-3","Female","F",21,1045601,2.0,1.2,3.1
,"Utah","49","1999","1999","White","2106-3","Male","M",156,1046887,14.9,12.6,17.2
,"Utah","49","2000","2000","White","2106-3","Female","F",27,1056904,2.6,1.7,3.7
,"Utah","49","2000","2000","White","2106-3","Male","M",164,1060121,15.5,13.1,17.8
,"Utah","49","2001","2001","White","2106-3","Female","F",33,1078528,3.1,2.1,4.3
,"Utah","49","2001","2001","White","2106-3","Male","M",188,1082485,17.4,14.9,19.9
,"Utah","49","2002","2002","White","2106-3","Female","F",26,1095591,2.4,1.6,3.5
,"Utah","49","2002","2002","White","2106-3","Male","M",172,1101243,15.6,13.3,18.0
,"Utah","49","2003","2003","White","2106-3","Female","F",27,1110553,2.4,1.6,3.5
,"Utah","49","2003","2003","White","2106-3","Male","M",191,1117290,17.1,14.7,19.5
,"Utah","49","2004","2004","White","2106-3","Female","F",25,1128841,2.2,1.4,3.3
,"Utah","49","2004","2004","White","2106-3","Male","M",187,1135295,16.5,14.1,18.8
,"Utah","49","2005","2005","White","2106-3","Female","F",25,1153641,2.2,1.4,3.2
,"Utah","49","2005","2005","White","2106-3","Male","M",188,1160222,16.2,13.9,18.5
,"Utah","49","2006","2006","White","2106-3","Female","F",35,1183282,3.0,2.1,4.1
,"Utah","49","2006","2006","White","2106-3","Male","M",177,1190975,14.9,12.7,17.1
,"Utah","49","2007","2007","White","2106-3","Female","F",36,1213792,3.0,2.1,4.1
,"Utah","49","2007","2007","White","2106-3","Male","M",192,1224004,15.7,13.5,17.9
,"Utah","49","2008","2008","White","2106-3","Female","F",31,1242662,2.5,1.7,3.5
,"Utah","49","2008","2008","White","2106-3","Male","M",192,1252341,15.3,13.2,17.5
,"Utah","49","2009","2009","White","2106-3","Female","F",38,1268509,3.0,2.1,4.1
,"Utah","49","2009","2009","White","2106-3","Male","M",209,1278515,16.3,14.1,18.6
,"Utah","49","2010","2010","White","2106-3","Female","F",42,1285879,3.3,2.4,4.4
,"Utah","49","2010","2010","White","2106-3","Male","M",259,1295843,20.0,17.6,22.4
,"Utah","49","2011","2011","White","2106-3","Female","F",52,1307160,4.0,3.0,5.2
,"Utah","49","2011","2011","White","2106-3","Male","M",237,1318470,18.0,15.7,20.3
,"Utah","49","2012","2012","White","2106-3","Female","F",37,1322511,2.8,2.0,3.9
,"Utah","49","2012","2012","White","2106-3","Male","M",269,1335953,20.1,17.7,22.5
,"Utah","49","2013","2013","White","2106-3","Female","F",45,1341563,3.4,2.4,4.5
,"Utah","49","2013","2013","White","2106-3","Male","M",269,1355696,19.8,17.5,22.2
,"Utah","49","2014","2014","White","2106-3","Female","F",47,1358315,3.5,2.5,4.6
,"Utah","49","2014","2014","White","2106-3","Male","M",269,1372102,19.6,17.3,21.9
,"Utah","49","2015","2015","White","2106-3","Female","F",48,1379846,3.5,2.6,4.6
,"Utah","49","2015","2015","White","2106-3","Male","M",299,1394868,21.4,19.0,23.9
,"Utah","49","2016","2016","White","2106-3","Female","F",52,1402941,3.7,2.8,4.9
,"Utah","49","2016","2016","White","2106-3","Male","M",298,1419374,21.0,18.6,23.4
,"Utah","49","2017","2017","White","2106-3","Female","F",62,1424747,4.4,3.3,5.6
,"Utah","49","2017","2017","White","2106-3","Male","M",321,1441606,22.3,19.8,24.7
,"Utah","49","2018","2018","Asian or Pacific Islander","A-PI","Male","M",10,65586,Unreliable,7.3,28.0
,"Utah","49","2018","2018","White","2106-3","Female","F",51,1447614,3.5,2.6,4.6
,"Utah","49","2018","2018","White","2106-3","Male","M",305,1465924,20.8,18.5,23.1
,"Utah","49","2019","2019","Asian or Pacific Islander","A-PI","Male","M",10,65940,Unreliable,7.3,27.9
,"Utah","49","2019","2019","Black or African American","2054-5","Male","M",10,33952,Unreliable,14.1,54.2
,"Utah","49","2019","2019","White","2106-3","Female","F",53,1466957,3.6,2.7,4.7
,"Utah","49","2019","2019","White","2106-3","Male","M",306,1486583,20.6,18.3,22.9
,"Utah","49","2020","2020","Black or African American","2054-5","Male","M",11,34762,Unreliable,15.8,56.6
,"Utah","49","2020","2020","White","2106-3","Female","F",58,1484339,3.9,3.0,5.1
,"Utah","49","2020","2020","White","2106-3","Male","M",334,1505444,22.2,19.8,24.6
,"Vermont","50","1999","1999","White","2106-3","Male","M",46,290533,15.8,11.6,21.1
,"Vermont","50","2000","2000","White","2106-3","Male","M",49,291859,16.8,12.4,22.2
,"Vermont","50","2001","2001","White","2106-3","Male","M",44,293464,15.0,10.9,20.1
,"Vermont","50","2002","2002","White","2106-3","Male","M",55,295143,18.6,14.0,24.3
,"Vermont","50","2003","2003","White","2106-3","Male","M",44,295968,14.9,10.8,20.0
,"Vermont","50","2004","2004","White","2106-3","Male","M",56,296842,18.9,14.3,24.5
,"Vermont","50","2005","2005","White","2106-3","Male","M",37,297326,12.4,8.8,17.2
,"Vermont","50","2006","2006","White","2106-3","Male","M",44,297739,14.8,10.7,19.8
,"Vermont","50","2007","2007","White","2106-3","Male","M",45,297792,15.1,11.0,20.2
,"Vermont","50","2008","2008","White","2106-3","Male","M",47,297956,15.8,11.6,21.0
,"Vermont","50","2009","2009","White","2106-3","Male","M",52,297773,17.5,13.0,22.9
,"Vermont","50","2010","2010","White","2106-3","Female","F",10,307385,Unreliable,1.6,6.0
,"Vermont","50","2010","2010","White","2106-3","Male","M",60,298224,20.1,15.4,25.9
,"Vermont","50","2011","2011","White","2106-3","Male","M",69,298297,23.1,18.0,29.3
,"Vermont","50","2012","2012","White","2106-3","Male","M",52,298027,17.4,13.0,22.9
,"Vermont","50","2013","2013","White","2106-3","Female","F",15,306187,Unreliable,2.7,8.1
,"Vermont","50","2013","2013","White","2106-3","Male","M",48,298064,16.1,11.9,21.4
,"Vermont","50","2014","2014","White","2106-3","Male","M",61,297026,20.5,15.7,26.4
,"Vermont","50","2015","2015","White","2106-3","Male","M",63,296162,21.3,16.3,27.2
,"Vermont","50","2016","2016","White","2106-3","Male","M",70,295415,23.7,18.5,29.9
,"Vermont","50","2017","2017","White","2106-3","Female","F",12,302415,Unreliable,2.1,6.9
,"Vermont","50","2017","2017","White","2106-3","Male","M",56,294832,19.0,14.3,24.7
,"Vermont","50","2018","2018","White","2106-3","Female","F",12,303083,Unreliable,2.0,6.9
,"Vermont","50","2018","2018","White","2106-3","Male","M",65,295117,22.0,17.0,28.1
,"Vermont","50","2019","2019","White","2106-3","Male","M",57,294447,19.4,14.7,25.1
,"Vermont","50","2020","2020","White","2106-3","Male","M",65,293685,22.1,17.1,28.2
,"Virginia","51","1999","1999","Asian or Pacific Islander","A-PI","Male","M",15,131670,Unreliable,6.4,18.8
,"Virginia","51","1999","1999","Black or African American","2054-5","Female","F",27,742318,3.6,2.4,5.3
,"Virginia","51","1999","1999","Black or African American","2054-5","Male","M",216,680199,31.8,27.5,36.0
,"Virginia","51","1999","1999","White","2106-3","Female","F",99,2674592,3.7,3.0,4.5
,"Virginia","51","1999","1999","White","2106-3","Male","M",455,2607592,17.4,15.8,19.1
,"Virginia","51","2000","2000","Asian or Pacific Islander","A-PI","Male","M",12,139074,Unreliable,4.5,15.1
,"Virginia","51","2000","2000","Black or African American","2054-5","Female","F",32,750416,4.3,2.9,6.0
,"Virginia","51","2000","2000","Black or African American","2054-5","Male","M",190,688311,27.6,23.7,31.5
,"Virginia","51","2000","2000","White","2106-3","Female","F",105,2692933,3.9,3.2,4.6
,"Virginia","51","2000","2000","White","2106-3","Male","M",446,2631465,16.9,15.4,18.5
,"Virginia","51","2001","2001","Black or African American","2054-5","Female","F",37,763001,4.8,3.4,6.7
,"Virginia","51","2001","2001","Black or African American","2054-5","Male","M",199,699900,28.4,24.5,32.4
,"Virginia","51","2001","2001","White","2106-3","Female","F",90,2725631,3.3,2.7,4.1
,"Virginia","51","2001","2001","White","2106-3","Male","M",425,2668786,15.9,14.4,17.4
,"Virginia","51","2002","2002","Black or African American","2054-5","Female","F",30,772796,3.9,2.6,5.5
,"Virginia","51","2002","2002","Black or African American","2054-5","Male","M",214,707849,30.2,26.2,34.3
,"Virginia","51","2002","2002","White","2106-3","Female","F",94,2752833,3.4,2.8,4.2
,"Virginia","51","2002","2002","White","2106-3","Male","M",455,2691236,16.9,15.4,18.5
,"Virginia","51","2003","2003","Black or African American","2054-5","Female","F",36,782122,4.6,3.2,6.4
,"Virginia","51","2003","2003","Black or African American","2054-5","Male","M",239,714118,33.5,29.2,37.7
,"Virginia","51","2003","2003","White","2106-3","Female","F",83,2776323,3.0,2.4,3.7
,"Virginia","51","2003","2003","White","2106-3","Male","M",440,2711230,16.2,14.7,17.7
,"Virginia","51","2004","2004","Black or African American","2054-5","Female","F",40,794479,5.0,3.6,6.9
,"Virginia","51","2004","2004","Black or African American","2054-5","Male","M",211,725092,29.1,25.2,33.0
,"Virginia","51","2004","2004","White","2106-3","Female","F",90,2808604,3.2,2.6,3.9
,"Virginia","51","2004","2004","White","2106-3","Male","M",458,2741401,16.7,15.2,18.2
,"Virginia","51","2005","2005","Black or African American","2054-5","Female","F",30,805494,3.7,2.5,5.3
,"Virginia","51","2005","2005","Black or African American","2054-5","Male","M",266,735533,36.2,31.8,40.5
,"Virginia","51","2005","2005","White","2106-3","Female","F",95,2834185,3.4,2.7,4.1
,"Virginia","51","2005","2005","White","2106-3","Male","M",480,2771522,17.3,15.8,18.9
,"Virginia","51","2006","2006","Black or African American","2054-5","Female","F",30,817213,3.7,2.5,5.2
,"Virginia","51","2006","2006","Black or African American","2054-5","Male","M",229,748297,30.6,26.6,34.6
,"Virginia","51","2006","2006","White","2106-3","Female","F",99,2855532,3.5,2.8,4.2
,"Virginia","51","2006","2006","White","2106-3","Male","M",437,2799414,15.6,14.1,17.1
,"Virginia","51","2007","2007","Asian or Pacific Islander","A-PI","Male","M",14,207648,Unreliable,3.7,11.3
,"Virginia","51","2007","2007","Black or African American","2054-5","Female","F",25,826416,3.0,2.0,4.5
,"Virginia","51","2007","2007","Black or African American","2054-5","Male","M",219,756840,28.9,25.1,32.8
,"Virginia","51","2007","2007","White","2106-3","Female","F",103,2873952,3.6,2.9,4.3
,"Virginia","51","2007","2007","White","2106-3","Male","M",444,2818159,15.8,14.3,17.2
,"Virginia","51","2008","2008","Black or African American","2054-5","Female","F",27,836424,3.2,2.1,4.7
,"Virginia","51","2008","2008","Black or African American","2054-5","Male","M",203,766106,26.5,22.9,30.1
,"Virginia","51","2008","2008","White","2106-3","Female","F",84,2893402,2.9,2.3,3.6
,"Virginia","51","2008","2008","White","2106-3","Male","M",483,2840059,17.0,15.5,18.5
,"Virginia","51","2009","2009","Black or African American","2054-5","Female","F",25,848125,2.9,1.9,4.4
,"Virginia","51","2009","2009","Black or African American","2054-5","Male","M",220,775656,28.4,24.6,32.1
,"Virginia","51","2009","2009","White","2106-3","Female","F",94,2918681,3.2,2.6,3.9
,"Virginia","51","2009","2009","White","2106-3","Male","M",474,2863544,16.6,15.1,18.0
,"Virginia","51","2010","2010","Black or African American","2054-5","Female","F",27,856606,3.2,2.1,4.6
,"Virginia","51","2010","2010","Black or African American","2054-5","Male","M",206,784230,26.3,22.7,29.9
,"Virginia","51","2010","2010","White","2106-3","Female","F",98,2937760,3.3,2.7,4.1
,"Virginia","51","2010","2010","White","2106-3","Male","M",523,2883954,18.1,16.6,19.7
,"Virginia","51","2011","2011","Black or African American","2054-5","Female","F",23,867987,2.6,1.7,4.0
,"Virginia","51","2011","2011","Black or African American","2054-5","Male","M",169,796331,21.2,18.0,24.4
,"Virginia","51","2011","2011","White","2106-3","Female","F",114,2961777,3.8,3.1,4.6
,"Virginia","51","2011","2011","White","2106-3","Male","M",535,2912061,18.4,16.8,19.9
,"Virginia","51","2012","2012","Asian or Pacific Islander","A-PI","Male","M",11,253509,Unreliable,2.2,7.8
,"Virginia","51","2012","2012","Black or African American","2054-5","Female","F",15,875358,Unreliable,1.0,2.8
,"Virginia","51","2012","2012","Black or African American","2054-5","Male","M",202,804349,25.1,21.7,28.6
,"Virginia","51","2012","2012","White","2106-3","Female","F",89,2985063,3.0,2.4,3.7
,"Virginia","51","2012","2012","White","2106-3","Male","M",509,2938527,17.3,15.8,18.8
,"Virginia","51","2013","2013","Asian or Pacific Islander","A-PI","Male","M",12,263256,Unreliable,2.4,8.0
,"Virginia","51","2013","2013","Black or African American","2054-5","Female","F",17,882842,Unreliable,1.1,3.1
,"Virginia","51","2013","2013","Black or African American","2054-5","Male","M",183,812253,22.5,19.3,25.8
,"Virginia","51","2013","2013","White","2106-3","Female","F",122,3000432,4.1,3.3,4.8
,"Virginia","51","2013","2013","White","2106-3","Male","M",519,2960629,17.5,16.0,19.0
,"Virginia","51","2014","2014","Asian or Pacific Islander","A-PI","Male","M",14,274482,Unreliable,2.8,8.6
,"Virginia","51","2014","2014","Black or African American","2054-5","Female","F",26,891208,2.9,1.9,4.3
,"Virginia","51","2014","2014","Black or African American","2054-5","Male","M",180,820593,21.9,18.7,25.1
,"Virginia","51","2014","2014","White","2106-3","Female","F",106,3012061,3.5,2.8,4.2
,"Virginia","51","2014","2014","White","2106-3","Male","M",540,2973554,18.2,16.6,19.7
,"Virginia","51","2015","2015","Asian or Pacific Islander","A-PI","Male","M",10,284617,Unreliable,1.7,6.5
,"Virginia","51","2015","2015","Black or African American","2054-5","Female","F",30,899678,3.3,2.2,4.8
,"Virginia","51","2015","2015","Black or African American","2054-5","Male","M",230,830013,27.7,24.1,31.3
,"Virginia","51","2015","2015","White","2106-3","Female","F",118,3019878,3.9,3.2,4.6
,"Virginia","51","2015","2015","White","2106-3","Male","M",539,2983706,18.1,16.5,19.6
,"Virginia","51","2016","2016","Asian or Pacific Islander","A-PI","Male","M",12,289219,Unreliable,2.1,7.2
,"Virginia","51","2016","2016","Black or African American","2054-5","Female","F",33,905187,3.6,2.5,5.1
,"Virginia","51","2016","2016","Black or African American","2054-5","Male","M",290,836261,34.7,30.7,38.7
,"Virginia","51","2016","2016","White","2106-3","Female","F",127,3025755,4.2,3.5,4.9
,"Virginia","51","2016","2016","White","2106-3","Male","M",569,2985031,19.1,17.5,20.6
,"Virginia","51","2017","2017","Asian or Pacific Islander","A-PI","Male","M",14,299997,Unreliable,2.6,7.8
,"Virginia","51","2017","2017","Black or African American","2054-5","Female","F",41,913419,4.5,3.2,6.1
,"Virginia","51","2017","2017","Black or African American","2054-5","Male","M",263,846843,31.1,27.3,34.8
,"Virginia","51","2017","2017","White","2106-3","Female","F",127,3034708,4.2,3.5,4.9
,"Virginia","51","2017","2017","White","2106-3","Male","M",576,2993185,19.2,17.7,20.8
,"Virginia","51","2018","2018","Asian or Pacific Islander","A-PI","Male","M",14,307809,Unreliable,2.5,7.6
,"Virginia","51","2018","2018","Black or African American","2054-5","Female","F",37,919991,4.0,2.8,5.5
,"Virginia","51","2018","2018","Black or African American","2054-5","Male","M",260,853436,30.5,26.8,34.2
,"Virginia","51","2018","2018","White","2106-3","Female","F",124,3043437,4.1,3.4,4.8
,"Virginia","51","2018","2018","White","2106-3","Male","M",588,3002430,19.6,18.0,21.2
,"Virginia","51","2019","2019","Black or African American","2054-5","Female","F",31,924100,3.4,2.3,4.8
,"Virginia","51","2019","2019","Black or African American","2054-5","Male","M",286,857420,33.4,29.5,37.2
,"Virginia","51","2019","2019","White","2106-3","Female","F",126,3046335,4.1,3.4,4.9
,"Virginia","51","2019","2019","White","2106-3","Male","M",559,3006900,18.6,17.0,20.1
,"Virginia","51","2020","2020","Asian or Pacific Islander","A-PI","Male","M",17,320146,Unreliable,3.1,8.5
,"Virginia","51","2020","2020","Black or African American","2054-5","Female","F",48,934163,5.1,3.8,6.8
,"Virginia","51","2020","2020","Black or African American","2054-5","Male","M",376,867332,43.4,39.0,47.7
,"Virginia","51","2020","2020","White","2106-3","Female","F",124,3051551,4.1,3.3,4.8
,"Virginia","51","2020","2020","White","2106-3","Male","M",598,3012115,19.9,18.3,21.4
,"Washington","53","1999","1999","American Indian or Alaska Native","1002-5","Male","M",15,54619,Unreliable,15.4,45.3
,"Washington","53","1999","1999","Asian or Pacific Islander","A-PI","Male","M",13,175008,Unreliable,4.0,12.7
,"Washington","53","1999","1999","Black or African American","2054-5","Female","F",10,104049,Unreliable,4.6,17.7
,"Washington","53","1999","1999","Black or African American","2054-5","Male","M",35,118270,29.6,20.6,41.2
,"Washington","53","1999","1999","White","2106-3","Female","F",67,2578841,2.6,2.0,3.3
,"Washington","53","1999","1999","White","2106-3","Male","M",430,2559766,16.8,15.2,18.4
,"Washington","53","2000","2000","Asian or Pacific Islander","A-PI","Male","M",15,181285,Unreliable,4.6,13.6
,"Washington","53","2000","2000","Black or African American","2054-5","Male","M",25,122459,20.4,13.2,30.1
,"Washington","53","2000","2000","White","2106-3","Female","F",71,2591963,2.7,2.1,3.5
,"Washington","53","2000","2000","White","2106-3","Male","M",395,2574875,15.3,13.8,16.9
,"Washington","53","2001","2001","Asian or Pacific Islander","A-PI","Male","M",17,191971,Unreliable,5.2,14.2
,"Washington","53","2001","2001","Black or African American","2054-5","Male","M",24,127407,18.8,12.1,28.0
,"Washington","53","2001","2001","White","2106-3","Female","F",78,2616181,3.0,2.4,3.7
,"Washington","53","2001","2001","White","2106-3","Male","M",369,2606904,14.2,12.7,15.6
,"Washington","53","2002","2002","American Indian or Alaska Native","1002-5","Male","M",16,58690,Unreliable,15.6,44.3
,"Washington","53","2002","2002","Asian or Pacific Islander","A-PI","Male","M",16,200393,Unreliable,4.6,13.0
,"Washington","53","2002","2002","Black or African American","2054-5","Male","M",33,130912,25.2,17.4,35.4
,"Washington","53","2002","2002","White","2106-3","Female","F",66,2636497,2.5,1.9,3.2
,"Washington","53","2002","2002","White","2106-3","Male","M",421,2625612,16.0,14.5,17.6
,"Washington","53","2003","2003","Asian or Pacific Islander","A-PI","Male","M",19,207966,Unreliable,5.5,14.3
,"Washington","53","2003","2003","Black or African American","2054-5","Male","M",27,133116,20.3,13.4,29.5
,"Washington","53","2003","2003","White","2106-3","Female","F",72,2651988,2.7,2.1,3.4
,"Washington","53","2003","2003","White","2106-3","Male","M",426,2637171,16.2,14.6,17.7
,"Washington","53","2004","2004","American Indian or Alaska Native","1002-5","Male","M",11,61895,Unreliable,8.9,31.8
,"Washington","53","2004","2004","Asian or Pacific Islander","A-PI","Male","M",19,216079,Unreliable,5.3,13.7
,"Washington","53","2004","2004","Black or African American","2054-5","Male","M",27,136295,19.8,13.1,28.8
,"Washington","53","2004","2004","White","2106-3","Female","F",82,2678373,3.1,2.4,3.8
,"Washington","53","2004","2004","White","2106-3","Male","M",413,2656561,15.5,14.0,17.0
,"Washington","53","2005","2005","American Indian or Alaska Native","1002-5","Male","M",10,63856,Unreliable,7.5,28.8
,"Washington","53","2005","2005","Asian or Pacific Islander","A-PI","Male","M",16,225168,Unreliable,4.1,11.5
,"Washington","53","2005","2005","Black or African American","2054-5","Male","M",29,140168,20.7,13.9,29.7
,"Washington","53","2005","2005","White","2106-3","Female","F",62,2700331,2.3,1.8,2.9
,"Washington","53","2005","2005","White","2106-3","Male","M",431,2682717,16.1,14.5,17.6
,"Washington","53","2006","2006","American Indian or Alaska Native","1002-5","Male","M",24,65767,36.5,23.4,54.3
,"Washington","53","2006","2006","Asian or Pacific Islander","A-PI","Male","M",21,236568,8.9,5.5,13.6
,"Washington","53","2006","2006","Black or African American","2054-5","Male","M",31,145824,21.3,14.4,30.2
,"Washington","53","2006","2006","White","2106-3","Female","F",54,2736161,2.0,1.5,2.6
,"Washington","53","2006","2006","White","2106-3","Male","M",396,2721899,14.5,13.1,16.0
,"Washington","53","2007","2007","Asian or Pacific Islander","A-PI","Male","M",17,246824,Unreliable,4.0,11.0
,"Washington","53","2007","2007","Black or African American","2054-5","Male","M",28,150119,18.7,12.4,27.0
,"Washington","53","2007","2007","White","2106-3","Female","F",64,2765461,2.3,1.8,3.0
,"Washington","53","2007","2007","White","2106-3","Male","M",423,2748805,15.4,13.9,16.9
,"Washington","53","2008","2008","Asian or Pacific Islander","A-PI","Male","M",16,257230,Unreliable,3.6,10.1
,"Washington","53","2008","2008","Black or African American","2054-5","Male","M",35,156684,22.3,15.6,31.1
,"Washington","53","2008","2008","White","2106-3","Female","F",61,2792891,2.2,1.7,2.8
,"Washington","53","2008","2008","White","2106-3","Male","M",451,2784427,16.2,14.7,17.7
,"Washington","53","2009","2009","American Indian or Alaska Native","1002-5","Male","M",16,72649,Unreliable,12.6,35.8
,"Washington","53","2009","2009","Asian or Pacific Islander","A-PI","Male","M",14,267997,Unreliable,2.9,8.8
,"Washington","53","2009","2009","Black or African American","2054-5","Male","M",25,163059,15.3,9.9,22.6
,"Washington","53","2009","2009","White","2106-3","Female","F",91,2825080,3.2,2.6,4.0
,"Washington","53","2009","2009","White","2106-3","Male","M",445,2819801,15.8,14.3,17.2
,"Washington","53","2010","2010","American Indian or Alaska Native","1002-5","Male","M",11,74253,Unreliable,7.4,26.5
,"Washington","53","2010","2010","Asian or Pacific Islander","A-PI","Male","M",11,274269,Unreliable,2.0,7.2
,"Washington","53","2010","2010","Black or African American","2054-5","Male","M",23,165380,13.9,8.8,20.9
,"Washington","53","2010","2010","White","2106-3","Female","F",87,2844199,3.1,2.5,3.8
,"Washington","53","2010","2010","White","2106-3","Male","M",449,2835805,15.8,14.4,17.3
,"Washington","53","2011","2011","Asian or Pacific Islander","A-PI","Male","M",12,284364,Unreliable,2.2,7.4
,"Washington","53","2011","2011","Black or African American","2054-5","Male","M",14,173727,Unreliable,4.4,13.5
,"Washington","53","2011","2011","White","2106-3","Female","F",92,2872584,3.2,2.6,3.9
,"Washington","53","2011","2011","White","2106-3","Male","M",471,2876022,16.4,14.9,17.9
,"Washington","53","2012","2012","American Indian or Alaska Native","1002-5","Male","M",10,76548,Unreliable,6.3,24.0
,"Washington","53","2012","2012","Asian or Pacific Islander","A-PI","Male","M",14,296587,Unreliable,2.6,7.9
,"Washington","53","2012","2012","Black or African American","2054-5","Male","M",34,177934,19.1,13.2,26.7
,"Washington","53","2012","2012","White","2106-3","Female","F",86,2888708,3.0,2.4,3.7
,"Washington","53","2012","2012","White","2106-3","Male","M",512,2890481,17.7,16.2,19.2
,"Washington","53","2013","2013","American Indian or Alaska Native","1002-5","Male","M",18,78217,Unreliable,13.6,36.4
,"Washington","53","2013","2013","Asian or Pacific Islander","A-PI","Male","M",15,307790,Unreliable,2.7,8.0
,"Washington","53","2013","2013","Black or African American","2054-5","Male","M",37,183917,20.1,14.2,27.7
,"Washington","53","2013","2013","White","2106-3","Female","F",78,2903757,2.7,2.1,3.4
,"Washington","53","2013","2013","White","2106-3","Male","M",453,2912746,15.6,14.1,17.0
,"Washington","53","2014","2014","American Indian or Alaska Native","1002-5","Male","M",15,80206,Unreliable,10.5,30.8
,"Washington","53","2014","2014","Asian or Pacific Islander","A-PI","Male","M",18,322880,Unreliable,3.3,8.8
,"Washington","53","2014","2014","Black or African American","2054-5","Male","M",40,190325,21.0,15.0,28.6
,"Washington","53","2014","2014","White","2106-3","Female","F",96,2925060,3.3,2.7,4.0
,"Washington","53","2014","2014","White","2106-3","Male","M",501,2936524,17.1,15.6,18.6
,"Washington","53","2015","2015","American Indian or Alaska Native","1002-5","Male","M",13,81981,Unreliable,8.4,27.1
,"Washington","53","2015","2015","Asian or Pacific Islander","A-PI","Male","M",14,338023,Unreliable,2.3,6.9
,"Washington","53","2015","2015","Black or African American","2054-5","Male","M",46,195796,23.5,17.2,31.3
,"Washington","53","2015","2015","White","2106-3","Female","F",116,2954173,3.9,3.2,4.6
,"Washington","53","2015","2015","White","2106-3","Male","M",501,2969198,16.9,15.4,18.4
,"Washington","53","2016","2016","American Indian or Alaska Native","1002-5","Male","M",16,83148,Unreliable,11.0,31.2
,"Washington","53","2016","2016","Asian or Pacific Islander","A-PI","Male","M",19,351719,Unreliable,3.3,8.4
,"Washington","53","2016","2016","Black or African American","2054-5","Male","M",47,200569,23.4,17.2,31.2
,"Washington","53","2016","2016","White","2106-3","Female","F",86,2996384,2.9,2.3,3.5
,"Washington","53","2016","2016","White","2106-3","Male","M",489,3005964,16.3,14.8,17.7
,"Washington","53","2017","2017","American Indian or Alaska Native","1002-5","Male","M",16,85286,Unreliable,10.7,30.5
,"Washington","53","2017","2017","Asian or Pacific Islander","A-PI","Male","M",28,371826,7.5,5.0,10.9
,"Washington","53","2017","2017","Black or African American","2054-5","Male","M",53,206724,25.6,19.2,33.5
,"Washington","53","2017","2017","White","2106-3","Female","F",108,3024857,3.6,2.9,4.2
,"Washington","53","2017","2017","White","2106-3","Male","M",605,3039637,19.9,18.3,21.5
,"Washington","53","2018","2018","American Indian or Alaska Native","1002-5","Male","M",22,87082,25.3,15.8,38.2
,"Washington","53","2018","2018","Asian or Pacific Islander","A-PI","Male","M",23,396058,5.8,3.7,8.7
,"Washington","53","2018","2018","Black or African American","2054-5","Female","F",11,188454,Unreliable,2.9,10.4
,"Washington","53","2018","2018","Black or African American","2054-5","Male","M",48,214948,22.3,16.5,29.6
,"Washington","53","2018","2018","White","2106-3","Female","F",99,3056404,3.2,2.6,3.9
,"Washington","53","2018","2018","White","2106-3","Male","M",574,3071823,18.7,17.2,20.2
,"Washington","53","2019","2019","American Indian or Alaska Native","1002-5","Male","M",14,88595,Unreliable,8.6,26.5
,"Washington","53","2019","2019","Asian or Pacific Islander","A-PI","Male","M",32,409900,7.8,5.3,11.0
,"Washington","53","2019","2019","Black or African American","2054-5","Male","M",54,222027,24.3,18.3,31.7
,"Washington","53","2019","2019","White","2106-3","Female","F",111,3073835,3.6,2.9,4.3
,"Washington","53","2019","2019","White","2106-3","Male","M",593,3091461,19.2,17.6,20.7
,"Washington","53","2020","2020","American Indian or Alaska Native","1002-5","Male","M",19,90289,Unreliable,12.7,32.9
,"Washington","53","2020","2020","Asian or Pacific Islander","A-PI","Male","M",31,428023,7.2,4.9,10.3
,"Washington","53","2020","2020","Black or African American","2054-5","Male","M",74,230831,32.1,25.2,40.2
,"Washington","53","2020","2020","White","2106-3","Female","F",104,3085850,3.4,2.7,4.0
,"Washington","53","2020","2020","White","2106-3","Male","M",597,3104455,19.2,17.7,20.8
,"West Virginia","54","1999","1999","Black or African American","2054-5","Male","M",13,30005,Unreliable,23.1,74.1
,"West Virginia","54","1999","1999","White","2106-3","Female","F",34,896008,3.8,2.6,5.3
,"West Virginia","54","1999","1999","White","2106-3","Male","M",200,844088,23.7,20.4,27.0
,"West Virginia","54","2000","2000","White","2106-3","Female","F",36,891614,4.0,2.8,5.6
,"West Virginia","54","2000","2000","White","2106-3","Male","M",196,841295,23.3,20.0,26.6
,"West Virginia","54","2001","2001","White","2106-3","Female","F",37,886178,4.2,2.9,5.8
,"West Virginia","54","2001","2001","White","2106-3","Male","M",208,839300,24.8,21.4,28.2
,"West Virginia","54","2002","2002","White","2106-3","Female","F",31,886129,3.5,2.4,5.0
,"West Virginia","54","2002","2002","White","2106-3","Male","M",229,842287,27.2,23.7,30.7
,"West Virginia","54","2003","2003","Black or African American","2054-5","Male","M",19,32442,Unreliable,35.3,91.5
,"West Virginia","54","2003","2003","White","2106-3","Female","F",39,887531,4.4,3.1,6.0
,"West Virginia","54","2003","2003","White","2106-3","Male","M",202,846253,23.9,20.6,27.2
,"West Virginia","54","2004","2004","White","2106-3","Female","F",34,888312,3.8,2.7,5.3
,"West Virginia","54","2004","2004","White","2106-3","Male","M",204,848258,24.0,20.7,27.3
,"West Virginia","54","2005","2005","Black or African American","2054-5","Male","M",14,33816,Unreliable,22.6,69.5
,"West Virginia","54","2005","2005","White","2106-3","Female","F",45,888531,5.1,3.7,6.8
,"West Virginia","54","2005","2005","White","2106-3","Male","M",200,850850,23.5,20.2,26.8
,"West Virginia","54","2006","2006","White","2106-3","Female","F",52,890658,5.8,4.4,7.7
,"West Virginia","54","2006","2006","White","2106-3","Male","M",191,853996,22.4,19.2,25.5
,"West Virginia","54","2007","2007","Black or African American","2054-5","Male","M",12,35681,Unreliable,17.4,58.7
,"West Virginia","54","2007","2007","White","2106-3","Female","F",33,892134,3.7,2.5,5.2
,"West Virginia","54","2007","2007","White","2106-3","Male","M",218,856969,25.4,22.1,28.8
,"West Virginia","54","2008","2008","White","2106-3","Female","F",43,893543,4.8,3.5,6.5
,"West Virginia","54","2008","2008","White","2106-3","Male","M",188,860049,21.9,18.7,25.0
,"West Virginia","54","2009","2009","White","2106-3","Female","F",36,895385,4.0,2.8,5.6
,"West Virginia","54","2009","2009","White","2106-3","Male","M",205,863519,23.7,20.5,27.0
,"West Virginia","54","2010","2010","Black or African American","2054-5","Male","M",11,38193,Unreliable,14.4,51.5
,"West Virginia","54","2010","2010","White","2106-3","Female","F",35,896936,3.9,2.7,5.4
,"West Virginia","54","2010","2010","White","2106-3","Male","M",222,866354,25.6,22.3,29.0
,"West Virginia","54","2011","2011","Black or African American","2054-5","Male","M",13,39450,Unreliable,17.5,56.4
,"West Virginia","54","2011","2011","White","2106-3","Female","F",50,896234,5.6,4.1,7.4
,"West Virginia","54","2011","2011","White","2106-3","Male","M",208,866070,24.0,20.8,27.3
,"West Virginia","54","2012","2012","Black or African American","2054-5","Male","M",12,39603,Unreliable,15.7,52.9
,"West Virginia","54","2012","2012","White","2106-3","Female","F",49,895399,5.5,4.0,7.2
,"West Virginia","54","2012","2012","White","2106-3","Male","M",206,866160,23.8,20.5,27.0
,"West Virginia","54","2013","2013","White","2106-3","Female","F",30,893210,3.4,2.3,4.8
,"West Virginia","54","2013","2013","White","2106-3","Male","M",234,865234,27.0,23.6,30.5
,"West Virginia","54","2014","2014","Black or African American","2054-5","Male","M",13,40823,Unreliable,17.0,54.5
,"West Virginia","54","2014","2014","White","2106-3","Female","F",48,890092,5.4,4.0,7.1
,"West Virginia","54","2014","2014","White","2106-3","Male","M",213,862849,24.7,21.4,28.0
,"West Virginia","54","2015","2015","Black or African American","2054-5","Male","M",12,41008,Unreliable,15.1,51.1
,"West Virginia","54","2015","2015","White","2106-3","Female","F",40,886258,4.5,3.2,6.1
,"West Virginia","54","2015","2015","White","2106-3","Male","M",216,859367,25.1,21.8,28.5
,"West Virginia","54","2016","2016","Black or African American","2054-5","Male","M",27,40658,66.4,43.8,96.6
,"West Virginia","54","2016","2016","White","2106-3","Female","F",49,879092,5.6,4.1,7.4
,"West Virginia","54","2016","2016","White","2106-3","Male","M",241,854457,28.2,24.6,31.8
,"West Virginia","54","2017","2017","Black or African American","2054-5","Male","M",14,40181,Unreliable,19.0,58.5
,"West Virginia","54","2017","2017","White","2106-3","Female","F",57,871582,6.5,5.0,8.5
,"West Virginia","54","2017","2017","White","2106-3","Male","M",266,847834,31.4,27.6,35.1
,"West Virginia","54","2018","2018","Black or African American","2054-5","Male","M",16,40619,Unreliable,22.5,64.0
,"West Virginia","54","2018","2018","White","2106-3","Female","F",59,865595,6.8,5.2,8.8
,"West Virginia","54","2018","2018","White","2106-3","Male","M",260,842936,30.8,27.1,34.6
,"West Virginia","54","2019","2019","Black or African American","2054-5","Male","M",12,40302,Unreliable,15.4,52.0
,"West Virginia","54","2019","2019","White","2106-3","Female","F",50,858927,5.8,4.3,7.7
,"West Virginia","54","2019","2019","White","2106-3","Male","M",225,836928,26.9,23.4,30.4
,"West Virginia","54","2020","2020","Black or African American","2054-5","Male","M",17,40955,Unreliable,24.2,66.5
,"West Virginia","54","2020","2020","White","2106-3","Female","F",50,854244,5.9,4.3,7.7
,"West Virginia","54","2020","2020","White","2106-3","Male","M",251,832268,30.2,26.4,33.9
,"Wisconsin","55","1999","1999","Black or African American","2054-5","Male","M",77,152072,50.6,40.0,63.3
,"Wisconsin","55","1999","1999","White","2106-3","Female","F",36,2466785,1.5,1.0,2.0
,"Wisconsin","55","1999","1999","White","2106-3","Male","M",308,2407804,12.8,11.4,14.2
,"Wisconsin","55","2000","2000","Black or African American","2054-5","Male","M",75,155862,48.1,37.8,60.3
,"Wisconsin","55","2000","2000","White","2106-3","Female","F",42,2472882,1.7,1.2,2.3
,"Wisconsin","55","2000","2000","White","2106-3","Male","M",296,2418249,12.2,10.8,13.6
,"Wisconsin","55","2001","2001","Black or African American","2054-5","Male","M",76,160879,47.2,37.2,59.1
,"Wisconsin","55","2001","2001","White","2106-3","Female","F",39,2483956,1.6,1.1,2.1
,"Wisconsin","55","2001","2001","White","2106-3","Male","M",342,2434152,14.1,12.6,15.5
,"Wisconsin","55","2002","2002","Black or African American","2054-5","Male","M",76,164983,46.1,36.3,57.7
,"Wisconsin","55","2002","2002","White","2106-3","Female","F",44,2495023,1.8,1.3,2.4
,"Wisconsin","55","2002","2002","White","2106-3","Male","M",304,2447412,12.4,11.0,13.8
,"Wisconsin","55","2003","2003","Black or African American","2054-5","Male","M",78,168563,46.3,36.6,57.8
,"Wisconsin","55","2003","2003","White","2106-3","Female","F",44,2503995,1.8,1.3,2.4
,"Wisconsin","55","2003","2003","White","2106-3","Male","M",320,2459772,13.0,11.6,14.4
,"Wisconsin","55","2004","2004","Black or African American","2054-5","Male","M",55,172077,32.0,24.1,41.6
,"Wisconsin","55","2004","2004","White","2106-3","Female","F",51,2514049,2.0,1.5,2.7
,"Wisconsin","55","2004","2004","White","2106-3","Male","M",291,2472522,11.8,10.4,13.1
,"Wisconsin","55","2005","2005","Black or African American","2054-5","Male","M",97,175895,55.1,44.7,67.3
,"Wisconsin","55","2005","2005","White","2106-3","Female","F",39,2522234,1.5,1.1,2.1
,"Wisconsin","55","2005","2005","White","2106-3","Male","M",314,2483589,12.6,11.2,14.0
,"Wisconsin","55","2006","2006","Black or African American","2054-5","Female","F",11,187488,Unreliable,2.9,10.5
,"Wisconsin","55","2006","2006","Black or African American","2054-5","Male","M",77,179644,42.9,33.8,53.6
,"Wisconsin","55","2006","2006","White","2106-3","Female","F",31,2530601,1.2,0.8,1.7
,"Wisconsin","55","2006","2006","White","2106-3","Male","M",285,2493516,11.4,10.1,12.8
,"Wisconsin","55","2007","2007","Black or African American","2054-5","Female","F",12,190954,Unreliable,3.2,11.0
,"Wisconsin","55","2007","2007","Black or African American","2054-5","Male","M",88,183755,47.9,38.4,59.0
,"Wisconsin","55","2007","2007","White","2106-3","Female","F",57,2539315,2.2,1.7,2.9
,"Wisconsin","55","2007","2007","White","2106-3","Male","M",314,2504153,12.5,11.2,13.9
,"Wisconsin","55","2008","2008","Black or African American","2054-5","Male","M",47,187523,25.1,18.4,33.3
,"Wisconsin","55","2008","2008","White","2106-3","Female","F",54,2546975,2.1,1.6,2.8
,"Wisconsin","55","2008","2008","White","2106-3","Male","M",317,2513226,12.6,11.2,14.0
,"Wisconsin","55","2009","2009","Black or African American","2054-5","Male","M",59,191294,30.8,23.5,39.8
,"Wisconsin","55","2009","2009","White","2106-3","Female","F",60,2554212,2.3,1.8,3.0
,"Wisconsin","55","2009","2009","White","2106-3","Male","M",319,2521001,12.7,11.3,14.0
,"Wisconsin","55","2010","2010","Black or African American","2054-5","Male","M",64,194068,33.0,25.4,42.1
,"Wisconsin","55","2010","2010","White","2106-3","Female","F",41,2557901,1.6,1.2,2.2
,"Wisconsin","55","2010","2010","White","2106-3","Male","M",367,2525362,14.5,13.0,16.0
,"Wisconsin","55","2011","2011","Black or African American","2054-5","Male","M",57,196694,29.0,21.9,37.5
,"Wisconsin","55","2011","2011","White","2106-3","Female","F",46,2563436,1.8,1.3,2.4
,"Wisconsin","55","2011","2011","White","2106-3","Male","M",328,2533180,12.9,11.5,14.3
,"Wisconsin","55","2012","2012","Asian or Pacific Islander","A-PI","Male","M",12,73860,Unreliable,8.4,28.4
,"Wisconsin","55","2012","2012","Black or African American","2054-5","Male","M",83,198145,41.9,33.4,51.9
,"Wisconsin","55","2012","2012","White","2106-3","Female","F",37,2565386,1.4,1.0,2.0
,"Wisconsin","55","2012","2012","White","2106-3","Male","M",335,2536139,13.2,11.8,14.6
,"Wisconsin","55","2013","2013","Black or African American","2054-5","Male","M",72,200312,35.9,28.1,45.3
,"Wisconsin","55","2013","2013","White","2106-3","Female","F",54,2567794,2.1,1.6,2.7
,"Wisconsin","55","2013","2013","White","2106-3","Male","M",422,2540140,16.6,15.0,18.2
,"Wisconsin","55","2014","2014","Black or African American","2054-5","Female","F",10,209018,Unreliable,2.3,8.8
,"Wisconsin","55","2014","2014","Black or African American","2054-5","Male","M",73,202471,36.1,28.3,45.3
,"Wisconsin","55","2014","2014","White","2106-3","Female","F",52,2569004,2.0,1.5,2.7
,"Wisconsin","55","2014","2014","White","2106-3","Male","M",331,2540982,13.0,11.6,14.4
,"Wisconsin","55","2015","2015","Black or African American","2054-5","Female","F",13,210887,Unreliable,3.3,10.5
,"Wisconsin","55","2015","2015","Black or African American","2054-5","Male","M",112,204744,54.7,44.6,64.8
,"Wisconsin","55","2015","2015","White","2106-3","Female","F",54,2568332,2.1,1.6,2.7
,"Wisconsin","55","2015","2015","White","2106-3","Male","M",414,2542881,16.3,14.7,17.8
,"Wisconsin","55","2016","2016","Black or African American","2054-5","Female","F",18,211491,Unreliable,5.0,13.5
,"Wisconsin","55","2016","2016","Black or African American","2054-5","Male","M",130,205704,63.2,52.3,74.1
,"Wisconsin","55","2016","2016","White","2106-3","Female","F",63,2566966,2.5,1.9,3.1
,"Wisconsin","55","2016","2016","White","2106-3","Male","M",430,2544961,16.9,15.3,18.5
,"Wisconsin","55","2017","2017","Black or African American","2054-5","Female","F",16,214148,Unreliable,4.3,12.1
,"Wisconsin","55","2017","2017","Black or African American","2054-5","Male","M",116,208011,55.8,45.6,65.9
,"Wisconsin","55","2017","2017","White","2106-3","Female","F",61,2568291,2.4,1.8,3.1
,"Wisconsin","55","2017","2017","White","2106-3","Male","M",403,2548911,15.8,14.3,17.4
,"Wisconsin","55","2018","2018","Black or African American","2054-5","Female","F",14,216304,Unreliable,3.5,10.9
,"Wisconsin","55","2018","2018","Black or African American","2054-5","Male","M",99,210722,47.0,38.2,57.2
,"Wisconsin","55","2018","2018","White","2106-3","Female","F",40,2570161,1.6,1.1,2.1
,"Wisconsin","55","2018","2018","White","2106-3","Male","M",417,2551235,16.3,14.8,17.9
,"Wisconsin","55","2019","2019","Black or African American","2054-5","Female","F",17,217424,Unreliable,4.6,12.5
,"Wisconsin","55","2019","2019","Black or African American","2054-5","Male","M",89,212104,42.0,33.7,51.6
,"Wisconsin","55","2019","2019","White","2106-3","Female","F",65,2572625,2.5,1.9,3.2
,"Wisconsin","55","2019","2019","White","2106-3","Male","M",404,2554231,15.8,14.3,17.4
,"Wisconsin","55","2020","2020","Black or African American","2054-5","Female","F",35,219908,15.9,11.1,22.1
,"Wisconsin","55","2020","2020","Black or African American","2054-5","Male","M",162,215367,75.2,63.6,86.8
,"Wisconsin","55","2020","2020","White","2106-3","Female","F",49,2568990,1.9,1.4,2.5
,"Wisconsin","55","2020","2020","White","2106-3","Male","M",452,2552098,17.7,16.1,19.3
,"Wyoming","56","1999","1999","White","2106-3","Female","F",11,235025,Unreliable,2.3,8.4
,"Wyoming","56","1999","1999","White","2106-3","Male","M",59,237714,24.8,18.9,32.0
,"Wyoming","56","2000","2000","White","2106-3","Female","F",11,235316,Unreliable,2.3,8.4
,"Wyoming","56","2000","2000","White","2106-3","Male","M",45,238019,18.9,13.8,25.3
,"Wyoming","56","2001","2001","White","2106-3","Male","M",60,238501,25.2,19.2,32.4
,"Wyoming","56","2002","2002","White","2106-3","Female","F",14,236915,Unreliable,3.2,9.9
,"Wyoming","56","2002","2002","White","2106-3","Male","M",80,241023,33.2,26.3,41.3
,"Wyoming","56","2003","2003","White","2106-3","Male","M",80,242926,32.9,26.1,41.0
,"Wyoming","56","2004","2004","White","2106-3","Male","M",47,245853,19.1,14.0,25.4
,"Wyoming","56","2005","2005","White","2106-3","Female","F",17,242010,Unreliable,4.1,11.2
,"Wyoming","56","2005","2005","White","2106-3","Male","M",53,248262,21.3,16.0,27.9
,"Wyoming","56","2006","2006","White","2106-3","Male","M",68,252490,26.9,20.9,34.1
,"Wyoming","56","2007","2007","White","2106-3","Male","M",63,258836,24.3,18.7,31.1
,"Wyoming","56","2008","2008","White","2106-3","Female","F",12,254688,Unreliable,2.4,8.2
,"Wyoming","56","2008","2008","White","2106-3","Male","M",81,264369,30.6,24.3,38.1
,"Wyoming","56","2009","2009","White","2106-3","Female","F",11,260207,Unreliable,2.1,7.6
,"Wyoming","56","2009","2009","White","2106-3","Male","M",79,271235,29.1,23.1,36.3
,"Wyoming","56","2010","2010","White","2106-3","Female","F",15,262278,Unreliable,3.2,9.4
,"Wyoming","56","2010","2010","White","2106-3","Male","M",76,272885,27.9,21.9,34.9
,"Wyoming","56","2011","2011","White","2106-3","Female","F",13,263594,Unreliable,2.6,8.4
,"Wyoming","56","2011","2011","White","2106-3","Male","M",81,274257,29.5,23.5,36.7
,"Wyoming","56","2012","2012","White","2106-3","Female","F",13,266007,Unreliable,2.6,8.4
,"Wyoming","56","2012","2012","White","2106-3","Male","M",97,276931,35.0,28.4,42.7
,"Wyoming","56","2013","2013","White","2106-3","Female","F",14,268026,Unreliable,2.9,8.8
,"Wyoming","56","2013","2013","White","2106-3","Male","M",88,278692,31.6,25.3,38.9
,"Wyoming","56","2014","2014","White","2106-3","Female","F",16,269062,Unreliable,3.4,9.7
,"Wyoming","56","2014","2014","White","2106-3","Male","M",74,279449,26.5,20.8,33.2
,"Wyoming","56","2015","2015","White","2106-3","Female","F",15,270136,Unreliable,3.1,9.2
,"Wyoming","56","2015","2015","White","2106-3","Male","M",93,280411,33.2,26.8,40.6
,"Wyoming","56","2016","2016","White","2106-3","Female","F",16,269860,Unreliable,3.4,9.6
,"Wyoming","56","2016","2016","White","2106-3","Male","M",84,280805,29.9,23.9,37.0
,"Wyoming","56","2017","2017","White","2106-3","Female","F",12,267334,Unreliable,2.3,7.8
,"Wyoming","56","2017","2017","White","2106-3","Male","M",94,277447,33.9,27.4,41.5
,"Wyoming","56","2018","2018","White","2106-3","Female","F",27,266177,10.1,6.7,14.8
,"Wyoming","56","2018","2018","White","2106-3","Male","M",93,276306,33.7,27.2,41.2
,"Wyoming","56","2019","2019","White","2106-3","Female","F",18,266693,Unreliable,4.0,10.7
,"Wyoming","56","2019","2019","White","2106-3","Male","M",103,276465,37.3,30.1,44.5
,"Wyoming","56","2020","2020","White","2106-3","Female","F",18,268238,Unreliable,4.0,10.6
,"Wyoming","56","2020","2020","White","2106-3","Male","M",124,278223,44.6,36.7,52.4
"---"
"Dataset: Underlying Cause of Death, 1999-2020"
"Query Parameters:"
"ICD-10 Codes: W32 (Handgun discharge); W33 (Rifle, shotgun and larger firearm discharge); W34 (Discharge from other and"
"unspecified firearms); X72 (Intentional self-harm by handgun discharge); X73 (Intentional self-harm by rifle, shotgun and larger"
"firearm discharge); X74 (Intentional self-harm by other and unspecified firearm discharge); X93 (Assault by handgun discharge);"
"X94 (Assault by rifle, shotgun and larger firearm discharge); X95 (Assault by other and unspecified firearm discharge); Y22"
"(Handgun discharge, undetermined intent); Y23 (Rifle, shotgun and larger firearm discharge, undetermined intent); Y24 (Other and"
"unspecified firearm discharge, undetermined intent)"
"Race: American Indian or Alaska Native; Asian or Pacific Islander; Black or African American; White"
"Group By: State; Year; Race; Sex"
"Show Totals: Disabled"
"Show Zero Values: False"
"Show Suppressed: False"
"Calculate Rates Per: 100,000"
"Rate Options: Default intercensal populations for years 2001-2009 (except Infant Age Groups)"
"---"
"Help: See http://wonder.cdc.gov/wonder/help/ucd.html for more information."
"---"
"Query Date: Apr 13, 2026 11:39:37 PM"
"---"
"Suggested Citation: Centers for Disease Control and Prevention, National Center for Health Statistics. National Vital Statistics"
"System, Mortality 1999-2020 on CDC WONDER Online Database, released in 2021. Data are from the Multiple Cause of Death Files,"
"1999-2020, as compiled from data provided by the 57 vital statistics jurisdictions through the Vital Statistics Cooperative"
"Program. Accessed at http://wonder.cdc.gov/ucd-icd10.html on Apr 13, 2026 11:39:37 PM"
"---"
Messages:
"1. Totals are not available for these results due to suppression constraints. More Information:"
"http://wonder.cdc.gov/wonder/help/faq.html#Privacy."
"2. Rows with zero Deaths are hidden. Use Quick Options above to show zero rows."
"3. Rows with suppressed Deaths are hidden. Use Quick Options above to show suppressed rows."
"---"
Caveats:
"1. As of April 3, 2017, the underlying cause of death has been revised for 125 deaths in 2014. More information:"
"http://wonder.cdc.gov/wonder/help/ucd.html#2014-Revision."
"2. Circumstances in Georgia for the years 2008 and 2009 have resulted in unusually high death counts for the ICD-10 cause of"
"death code R99, ""Other ill-defined and unspecified causes of mortality."" Caution should be used in interpreting these data."
"More information: http://wonder.cdc.gov/wonder/help/ucd.html#Georgia-Reporting-Anomalies."
"3. Circumstances in New Jersey for the year 2009 have resulted in unusually high death counts for the ICD-10 cause of death code"
"R99, ""Other ill-defined and unspecified causes of mortality"" and therefore unusually low death counts in other ICD-10 codes,"
"most notably R95, ""Sudden Infant Death Syndrome"" and X40-X49, ""Unintentional poisoning."" Caution should be used in"
"interpreting these data. More information: http://wonder.cdc.gov/wonder/help/ucd.html#New-Jersey-Reporting-Anomalies."
"4. Circumstances in California resulted in unusually high death counts for the ICD-10 cause of death code R99, ""Other"
"ill-defined and unspecified causes of mortality"" for deaths occurring in years 2000 and 2001. Caution should be used in"
"interpreting these data. More information: http://wonder.cdc.gov/wonder/help/ucd.html#California-Reporting-Anomalies."
"5. Data are Suppressed when the data meet the criteria for confidentiality constraints. More information:"
"http://wonder.cdc.gov/wonder/help/ucd.html#Assurance of Confidentiality."
"6. Death rates are flagged as Unreliable when the rate is calculated with a numerator of 20 or less. More information:"
"http://wonder.cdc.gov/wonder/help/ucd.html#Unreliable."
"7. Information included on the death certificate about the race and Hispanic ethnicity of the decedent is reported by the"
"funeral director as provided by an informant, often the surviving next of kin, or, in the absence of an informant, on the basis"
"of observation. Race and ethnicity information from the census is by self-report. To the extent that race and Hispanic origin"
"are inconsistent between these two data sources, death rates will be biased. More information:"
"http://wonder.cdc.gov/wonder/help/ucd.html#Racial Differences."
"8. The method used to calculate 95% confidence intervals is documented here: More information:"
"http://wonder.cdc.gov/wonder/help/ucd.html#Confidence-Intervals."
"9. The population figures for year 2020 are bridged-race estimates of the July 1 resident population, from the Vintage 2020"
"postcensal series released by NCHS on September 22, 2021. The population figures for year 2019 are bridged-race estimates of the"
"July 1 resident population, from the Vintage 2019 postcensal series released by NCHS on July 9, 2020. The population figures for"
"year 2018 are bridged-race estimates of the July 1 resident population, from the Vintage 2018 postcensal series released by NCHS"
"on June 25, 2019. The population figures for year 2017 are bridged-race estimates of the July 1 resident population, from the"
"Vintage 2017 postcensal series released by NCHS on June 27, 2018. The population figures for year 2016 are bridged-race"
"estimates of the July 1 resident population, from the Vintage 2016 postcensal series released by NCHS on June 26, 2017. The"
"population figures for year 2015 are bridged-race estimates of the July 1 resident population, from the Vintage 2015 postcensal"
"series released by NCHS on June 28, 2016. The population figures for year 2014 are bridged-race estimates of the July 1 resident"
"population, from the Vintage 2014 postcensal series released by NCHS on June 30, 2015. The population figures for year 2013 are"
"bridged-race estimates of the July 1 resident population, from the Vintage 2013 postcensal series released by NCHS on June 26,"
"2014. The population figures for year 2012 are bridged-race estimates of the July 1 resident population, from the Vintage 2012"
"postcensal series released by NCHS on June 13, 2013. The population figures for year 2011 are bridged-race estimates of the July"
"1 resident population, from the Vintage 2011 postcensal series released by NCHS on July 18, 2012. Population figures for 2010"
"are April 1 Census counts. The population figures for years 2001 - 2009 are bridged-race estimates of the July 1 resident"
"population, from the revised intercensal county-level 2000 - 2009 series released by NCHS on October 26, 2012. Population"
"figures for 2000 are April 1 Census counts. Population figures for 1999 are from the 1990-1999 intercensal series of July 1"
"estimates. Population figures for the infant age groups are the number of live births. <br/><b>Note:</b> Rates and population"
"figures for years 2001 - 2009 differ slightly from previously published reports, due to use of the population estimates which"
"were available at the time of release."
"10. The population figures used in the calculation of death rates for the age group 'under 1 year' are the estimates of the"
"resident population that is under one year of age. More information: http://wonder.cdc.gov/wonder/help/ucd.html#Age Group."
"11. On March 11, 2021, the 2019 mortality data on CDC WONDER was updated with the 2019 mortality data updated by NCHS on March"
"4, 2021 to include corrected information for residents of Texas affecting 5 records previously coded to cause code *U01.4,"
"Terrorism involving firearms (homicide). The underlying and multiple cause of death codes for 5 records were corrected in the"
"2019 data. Underlying and multiple cause of death codes for those 5 records were recoded to Assault (homicide) by other and"
"unspecified firearm discharge, ICD-10 code X95. The corrected final death records replaces the data released on December 22,"
"2020."
"12. Changes to cause of death classification affect reporting trends. More information:"
"http://wonder.cdc.gov/wonder/help/ucd.html#ICD-10 Changes."